name,films,tvshows
Aaron Blaise,['Brother Bear'],[]
Adam B. Stein,['Kim Possible'],[]
Adam Chapman(co-director),['Bears'],[]
Adam Shankman,['Bedtime Stories'],[]
Adrian Molina(co-director),['Coco'],[]
Alan Barillaro,['Piper'],[]
Alan Shapiro,['The Christmas Star'],[]
Alan Taylor,['Thor: The Dark World'],[]
Alan Zaslove,['Aladdin and the Return of Jafar'],[]
Alastair Fothergill,"['Deep Blue', 'Bears', 'Chimpanzee', 'Penguins', 'Penguins: Life on the Edge']",[]
Alastair Fothergill(co-director),"['African Cats', 'Monkey Kingdom']",[]
Alex Mann,"[""Mickey's Once Upon a Christmas""]",[]
Alex Zamm,['Inspector Gadget 2'],[]
Alfred Gimeno,"['Marvel Rising: Chasing Ghosts', 'Marvel Rising: Heart of Iron', 'Marvel Rising: Secret Warriors']",[]
Alfred L. Werker,['The Reluctant Dragon'],[]
Allison Liddi-Brown,['Princess Protection Program'],[]
Andrew Adamson,"['The Chronicles of Narnia: Prince Caspian', 'The Chronicles of Narnia: The Lion, the Witch and the Wardrobe']",[]
Andrew Davis,['Holes'],[]
Andrew Jimenez,['One Man Band'],[]
Andrew Knight,['Beauty and the Beast: The Enchanted Christmas'],[]
Andrew Stanton,"['Finding Dory', 'Finding Nemo', 'John Carter', 'WALL·E']",[]
Andrew Stanton(co-director),"[""A Bug's Life""]",[]
Andy Byatt,['Deep Blue'],[]
Andy Fickman,['The Game Plan'],[]
Angela Robinson,['Herbie Fully Loaded'],[]
Angus MacLane,"['Burn-E', 'Toy Story Toons: Small Fry']",[]
Angus MacLane(co-director),['Finding Dory'],[]
Anna Boden,['Captain Marvel'],[]
Anthony Hemingway,['Red Tails'],[]
Anthony Russo,"['Avengers: Endgame', 'Captain America: Civil War', 'Captain America: The Winter Soldier']",[]
Arlene Sanford,"[""Good Luck Charlie, It's Christmas!"", ""I'll Be Home for Christmas""]",[]
Art Stevens,"['The Fox and the Hound', 'The Rescuers']",[]
Arthur Davis,['Bambi'],[]
Ash Brannon(co-director),['Toy Story 2'],[]
Ava DuVernay,['A Wrinkle in Time'],[]
Barbara Dourmaskin-Case,"[""Belle's Magical World""]",[]
Barry Cook,['Mulan'],[]
Ben Crichton,[],['Lost Treasures of the Maya']
Ben Gluck,['Brother Bear 2'],[]
Ben Sharpsteen,"['Boat Builders', 'Clock Cleaners', 'Fantasia', 'Hawaiian Holiday', ""Mickey's Trailer"", 'On Ice', 'Pinocchio', 'Snow White and the Seven Dwarfs', 'The Many Adventures of Winnie the Pooh', 'Water Birds']",[]
Bernard McEveety,['The Bears and I'],[]
Betty Thomas,['Doctor Dolittle'],[]
Bill Corcoran,['Quints'],[]
Bill Duke,['Sister Act 2: Back in the Habit'],[]
Bill Paxton,['The Greatest Game Ever Played'],[]
Bill Roberts,"['Bambi', 'Fantasia', 'Fun and Fancy Free', 'Pinocchio', 'Saludos Amigos', 'Society Dog Show', 'The Art of Skiing', 'The Three Caballeros']",[]
Bill Speers,"[""Mickey's Once Upon a Christmas""]",[]
Blair Treu,['Phantom of the Megaplex'],[]
Boaz Yakin,['Remember the Titans'],[]
Bob Hathcock,['DuckTales the Movie: Treasure of the Lost Lamp'],[]
Bob Kline,"[""Belle's Magical World""]",[]
Bob Peterson(co-director),['Up'],[]
Bob Spiers,['That Darn Cat'],[]
Bobby Rubio,['Float'],[]
Brad Bird,"['Jack-Jack Attack', 'Ratatouille', 'The Incredibles']",[]
Bradford Lewis(co-director),['Cars 2'],[]
Bradley Raymond,"[""Mickey's Once Upon a Christmas"", 'Pocahontas II: Journey to a New World', 'The Hunchback of Notre Dame 2: The Secret of the Bell', 'The Lion King 3: Hakuna Matata', 'Tinker Bell', 'Tinker Bell and the Great Fairy Rescue']",[]
Brenda Chapman,['Brave'],[]
Brenda Piluso,['Recess: All Growed Down'],[]
Brett Morgen,['Jane'],[]
Brett Sullivan,"[""Disney's Newsies: The Broadway Musical!""]",[]
Brian Fee,['Cars 3'],[]
Brian Henson,"['Muppet Treasure Island', 'The Muppet Christmas Carol']",[]
Brian Larsen,"['Smash and Grab', ""The Legend of Mor'du""]",[]
Brian Levant,['Snow Dogs'],[]
Brian Pimental,['Bambi and the Great Prince of the Forest'],[]
Brian Smith,"[""101 Dalmatians 2: Patch's London Adventure""]",[]
Brian Smith(co-director),['The Little Mermaid 2: Return to the Sea'],[]
Bruce Bilson,['The Ghosts of Buxley Hall'],[]
Bruce Hendricks,"['Hannah Montana and Miley Cyrus: Best of Both Worlds Concert', 'Jonas Brothers: The 3D Concert Experience']",[]
Bruce W. Smith,['The Proud Family Movie'],[]
Bud Luckey,"[""Boundin'""]",[]
Burny Mattinson,"[""Mickey's Christmas Carol"", 'The Great Mouse Detective']",[]
Burt Gillett,"['Babes in the Woods', 'Flowers and Trees', 'Lonesome Ghosts', 'The Big Bad Wolf', 'Three Little Pigs']",[]
Burt Medall,"[""Belle's Magical World""]",[]
Byron Haskin,['Treasure Island'],[]
Byron Howard,"['Bolt', 'Tangled', 'Zootopia']",[]
Carlos Saldanha(co-director),['Ice Age'],[]
Carole Holliday,"[""Mickey's Twice Upon a Christmas""]",[]
Charles A. Nichols,"[""Pluto's Purchase""]",[]
Charles Barton,['The Shaggy Dog'],[]
Charles Haid,"['Iron Will', 'Life Is Ruff']",[]
Charles L. Draper,['Yellowstone Cubs'],[]
Charlie Bean,['Lady and the Tramp'],[]
Chris Buck,"['Frozen', 'Frozen II']",[]
Chris Rutkowski,['Marvel Rising: Operation Shuri'],[]
Chris Sanders,['Lilo & Stitch'],[]
Chris Wedge,['Ice Age'],[]
Chris Williams,"['Big Hero 6', 'Bolt']",[]
Chris Williams(co-director),['Moana'],[]
Christopher Spencer,['Stonehenge: Decoded'],[]
Chuan Lu,['Born in China'],[]
Chuck Sheetz,"['Recess: All Growed Down', ""Recess: School's Out""]",[]
Clayton Cogswell,['High School Musical: The Musical: The Series: The Special'],[]
Clyde Geronimi,"['Alice in Wonderland', 'Bambi', 'Beach Picnic', 'Canine Caddy', 'Cinderella', 'Lady and the Tramp', 'Lend a Paw', 'Melody Time', 'Mr. Mouse Takes a Trip', 'One Hundred and One Dalmatians', 'Peter Pan', 'Sleeping Beauty', 'The Adventures of Ichabod and Mr. Toad', 'The Sword in the Stone', 'The Three Caballeros', 'Ugly Duckling', 'Tugboat Mickey']",[]
Craig Gillespie,['The Finest Hours'],[]
Crispin Sadler,['Drain the Great Lakes'],[]
Cristina Costantini,['Science Fair'],[]
Cullen Blaine,"[""Belle's Magical World""]",[]
Daisy von Scherler Mayer,['Frenemies'],[]
Dale Case,"[""Belle's Magical World""]",[]
Dan Povenmire,['Phineas and Ferb the Movie: Across the 2nd Dimension'],[]
Dan Scanlon,"['Monsters University', 'Onward']",[]
Dan Scanlon(co-director),['Mater and the Ghostlight'],[]
Daniel M. Smith,['Mission to the Sun'],[]
Daniel Stern,['Rookie of the Year'],[]
Daniel de la Vega,"[""Belle's Magical World""]",[]
Danny Boyle,['Millions'],[]
Darrell Rooney,"[""Lady and the Tramp 2: Scamp's Adventure"", 'Mulan II', ""The Lion King 2: Simba's Pride""]",[]
Darren Foster,['Science Fair'],[]
Dave Filoni,['Star Wars: The Clone Wars'],[]
Dave Mullins,['Lou'],[]
David Bartlett,['Viking Warrior Women'],[]
David Grossman,['George of the Jungle 2'],[]
David Hand,"['Bambi', 'Fantasia', 'Magician Mickey', 'Robin Hood', 'Snow White and the Seven Dwarfs', 'The Fox and the Hound', 'The Sword in the Stone']",[]
David Jackson,"['Buffalo Dreams', 'Return to Halloweentown']",[]
David Kellogg,['Inspector Gadget'],[]
David Lane,['Muppet Treasure Island'],[]
David Lowery,"[""Pete's Dragon""]",[]
David Lynch,['The Straight Story'],[]
David Michener,['The Great Mouse Detective'],[]
David Mickey Evans,['First Kid'],[]
David R. Ellis,['Homeward Bound II: Lost in San Francisco'],[]
David Silverman,"['Playdate with Destiny', 'The Simpsons Movie']",[]
David Silverman(co-director),"['Monsters, Inc.']",[]
David Swift,"['Pollyanna', 'The Parent Trap']",[]
David Tillman,['Diana: In Her Own Words'],[]
Dean Cundey,"['Honey, We Shrunk Ourselves!']",[]
Dean DeBlois,['Lilo & Stitch'],[]
Dereck Joubert,"[""Whispers: An Elephant's Tale""]",[]
Dick Lundy,"[""Donald's Tire Trouble"", 'Sea Scouts']",[]
Dick Rickard,['Ferdinand the Bull'],[]
Domee Shi,['Bao'],[]
Dominique Monfery,['Destino'],[]
Don Bluth,"[""Pete's Dragon"", 'The Small One', 'Thumbelina']",[]
Don Chaffey,"['Greyfriars Bobby: The True Story of a Dog', ""Pete's Dragon"", 'The Prince and the Pauper']",[]
Don Hahn,"['Fantasia 2000', 'Waking Sleeping Beauty']",[]
Don Hall,"['Big Hero 6', 'Winnie the Pooh']",[]
Don Hall(co-director),['Moana'],[]
Don MacKinnon,['Tarzan & Jane'],[]
Donald Petrie,['My Favorite Martian'],[]
Donovan Cook,"['Mickey, Donald, Goofy: The Three Musketeers']",[]
Donovan Cook(co-director),['Peter Pan 2: Return to Never Land'],[]
Doug Sweetland,['Presto'],[]
Douglas McCarthy,['An Extremely Goofy Movie'],[]
Duncan Singh,['The Lost Tomb of Alexander the Great'],[]
Duwayne Dunham,"['Double Teamed', 'Halloweentown', 'Homeward Bound: The Incredible Journey', 'Now You See It...', 'Ready to Run', 'Right on Track', 'The Thirteenth Year', 'Tiger Cruise']",[]
Dylan Brown,['Toy Story Toons: Small Fry'],[]
Ed Wexler,['Winnie the Pooh: A Very Merry Pooh Year'],[]
Edith Becker,"[""Empire of Dreams: The Story of the 'Star Wars' Trilogy""]",[]
Edward Ludwig,['Swiss Family Robinson'],[]
Edwin Chang,['Wind'],[]
Elizabeth Chai Vasarhelyi,['Free Solo'],[]
Elliot M. Bour,"[""Kronk's New Groove"", 'Winnie the Pooh: Springtime with Roo']",[]
Emile Ardolino,"['Sister Act', 'Three Men and a Little Lady']",[]
Enrico Casarosa,['La Luna'],[]
Eric Bross,['Johnny Kapahala: Back on Board'],[]
Eric Goldberg,"['Fantasia 2000', 'Pocahontas']",[]
Eric Leighton,['Dinosaur'],[]
Eric Radomski,"['Marvel Rising: Operation Shuri', 'Marvel Rising: Playing with Fire', 'Marvel Rising: Secret Warriors', 'Iron Man & Hulk: Heroes United']",[]
Erica Milsom,['Loop'],[]
Ericson Core,"['Invincible', 'Togo']",[]
Erik Canuel,['Bad Hair Day'],[]
Euzhan Palcy,['Ruby Bridges'],[]
Fisher Stevens,['Before the Flood'],[]
Fletcher Markle,['The Incredible Journey'],[]
Ford Beebe Jr.,['Fantasia'],[]
Francine McDougall,"['Cow Belles', 'Go Figure']",[]
Francis Ford Coppola,['Jack'],[]
Francis Glebas,"['Fantasia 2000', ""Piglet's Big Movie""]",[]
Frank Coraci,['Around the World in 80 Days'],[]
Frank Marshall,['Eight Below'],[]
Frank Nissen,"['Cinderella 3: A Twist in Time', ""Pooh's Heffalump Movie""]",[]
Frankie Chung,['The Secret of the Magic Gourd'],[]
Gareth Edwards,['Rogue One: A Star Wars Story'],[]
Garry Marshall,"['The Princess Diaries', 'The Princess Diaries 2: Royal Engagement']",[]
Gary Chapman,['Valiant'],[]
Gary Goldman,['Thumbelina'],[]
Gary Katona,['Winnie the Pooh: A Very Merry Pooh Year'],[]
Gary Nelson,"['Freaky Friday', 'The Black Hole', 'The Boy Who Talked to Badgers']",[]
Gary Rydstrom,"['Lifted', 'Toy Story Toons: Hawaiian Vacation']",[]
Gary Trousdale,"['Atlantis: The Lost Empire', 'Beauty and the Beast', 'The Hunchback of Notre Dame']",[]
Gavin O'Connor,['Miracle'],[]
Gaëtan Brizzi,['Fantasia 2000'],[]
George Butler,['Roving Mars'],[]
George Lucas,"['Star Wars: Episode IV - A New Hope', 'Star Wars: Episode II - Attack of the Clones', 'Star Wars: Episode III - Revenge of the Sith', 'Star Wars: Episode I - The Phantom Menace']",[]
George Scribner,"['Oliver & Company', 'The Prince and the Pauper']",[]
George Seaton,['Miracle on 34th Street'],[]
Gil Junger,"['10 Things I Hate About You', 'Teen Spirit']",[]
Glenn Weiss,['Earth Live'],[]
Gore Verbinski,"[""Pirates of the Caribbean: At World's End"", ""Pirates of the Caribbean: Dead Man's Chest"", 'Pirates of the Caribbean: The Curse of the Black Pearl']",[]
Graham Heid,['Bambi'],[]
Greg Beeman,"['A Ring of Endless Light', 'Brink!', 'Horse Sense', 'Miracle in Lane 2', 'The Ultimate Christmas Present']",[]
Guy Ritchie,['Aladdin'],[]
Hamilton Luske,"['Alice in Wonderland', 'Cinderella', 'Fantasia', 'Fun and Fancy Free', 'Lady and the Tramp', 'Melody Time', 'One Hundred and One Dalmatians', 'Peter Pan', 'Pinocchio', 'Saludos Amigos', 'Sleeping Beauty', 'The Reluctant Dragon']",[]
Hamish Hamilton,['The Little Mermaid Live!'],[]
Harold Young,['The Three Caballeros'],[]
Hasraf Dulull,['Under the Sea: A Descendants Story'],[]
Hendel Butoy,"['Fantasia 2000', 'The Rescuers Down Under']",[]
Henry Levin,['Journey to the Center of the Earth'],[]
Henry Selick,"['James and the Giant Peach', 'The Nightmare Before Christmas']",[]
Hollingsworth Morse,['Justin Morgan Had a Horse'],[]
Howy Parkins,"['Recess: All Growed Down', 'Recess: Taking the Fifth Grade']",[]
Hoyt Yeatman,['G-Force'],[]
Irvin Kershner,['Star Wars: Episode V - The Empire Strikes Back'],[]
J.J. Abrams,['Star Wars: Episode VII - The Force Awakens'],[]
Jack Cutting,"['The Reluctant Dragon', 'Ugly Duckling']",[]
Jack Donohue,['Babes in Toyland'],[]
Jack Hannah,"['A Knight for a Day', 'All in a Nutshell', 'Bearly Asleep', 'Beezy Bear', ""Chip an' Dale"", 'Corn Chips', ""Don's Fountain of Youth"", 'Double Dribble', 'Dragon Around', 'Lambert the Sheepish Lion', ""Let's Stick Together"", 'Out of Scale', ""Pluto's Christmas Tree"", 'The New Neighbor', 'Trailer Horn', 'Winter Storage']",[]
Jack King,"['Chef Donald', ""Donald's Dog Laundry"", ""Donald's Golf Game"", 'Mr. Duck Steps Out', 'The Hockey Champ']",[]
Jack Kinney,"['Fun and Fancy Free', 'How to Fish', 'How to Play Baseball', 'How to Play Football', 'How to Swim', 'Melody Time', 'Peter Pan', 'Pinocchio', 'Saludos Amigos', 'The Adventures of Ichabod and Mr. Toad', 'The Art of Skiing', 'The Jungle Book', 'The Olympic Champ', 'The Reluctant Dragon', 'The Three Caballeros']",[]
Jack Speirs,['A Tale of Two Critters'],[]
James Algar,"['Bambi', 'Fantasia', 'Fantasia 2000', 'Jungle Cat', ""Nature's Half Acre"", 'Prowlers of the Everglades', 'Secrets of Life', 'The Adventures of Ichabod and Mr. Toad', 'The African Lion', 'The Jungle Book', 'The Living Desert', 'The Olympic Elk', 'The Vanishing Prairie']",[]
James Bobin,"['Muppets Most Wanted', 'The Muppets']",[]
James Cameron,"['Aliens of the Deep', 'Avatar']",[]
James Frawley,['The Muppet Movie'],[]
James Gartner,['Glory Road'],[]
James Gunn,"['Guardians of the Galaxy', 'Guardians of the Galaxy Vol. 2']",[]
James Hayman,['12 Dates of Christmas'],[]
James Lapine,['Life with Mikey'],[]
James Neilson,['The Adventures of Bullwhip Griffin'],[]
Jamie Mitchell,['Winnie the Pooh: A Very Merry Pooh Year'],[]
Jan Pinkava,"[""Geri's Game""]",[]
Jan Pinkava(co-director),['Ratatouille'],[]
Jared Bush(co-director),['Zootopia'],[]
Jay Karas,['The Swap'],[]
Jay Lender,['Phineas and Ferb the Movie: Across the 2nd Dimension'],[]
Jay Russell,['Tuck Everlasting'],[]
Jeannine Roussel(co-director),"[""Lady and the Tramp 2: Scamp's Adventure""]",[]
Jeff 'Swampy' Marsh,['Phineas and Ferb the Movie: Across the 2nd Dimension'],[]
Jeff Blyth,['Cheetah'],[]
Jeff Calhoun,"[""Disney's Newsies: The Broadway Musical!""]",[]
Jeff Wilson,"['Penguins', 'Penguins: Life on the Edge']",[]
Jeffrey Hornaday,"['Geek Charming', 'Teen Beach 2', 'Teen Beach Movie']",[]
Jennifer Lee,"['Frozen', 'Frozen II']",[]
Jenny Kubo,['Bizarre Dinosaurs'],[]
Jeremiah S. Chechik,['Tall Tale'],[]
Jeremy Kagan,['The Journey of Natty Gann'],[]
Jim Abrahams,['Big Business'],[]
Jim Capobianco,['Your Friend the Rat'],[]
Jim Fall,['Lizzie McGuire'],[]
Jim Handley,['Fantasia'],[]
Jim Henson,['The Great Muppet Caper'],[]
Jim Kammerud,"[""101 Dalmatians 2: Patch's London Adventure"", 'The Fox and the Hound 2', 'The Little Mermaid 2: Return to the Sea']",[]
Jimmy Chin,['Free Solo'],[]
Jobim Sampson,"['Drain the Bermuda Triangle', 'Drain the Titanic']",[]
Joe Camp,['Benji the Hunted'],[]
Joe Johnston,"['Honey, I Shrunk the Kids', 'Captain America: The First Avenger', 'The Rocketeer']",[]
Joe Nussbaum,['Prom'],[]
Joe Ranft(co-director),['Cars'],[]
Joe Russo,"['Avengers: Endgame', 'Captain America: Civil War', 'Captain America: The Winter Soldier']",[]
John Hough,"['Escape to Witch Mountain', 'Return from Witch Mountain']",[]
John Kafka,['Cinderella 2: Dreams Come True'],[]
John Laing,['Wendy Wu: Homecoming Warrior'],[]
John Lasseter,"[""A Bug's Life"", 'Cars', 'Cars 2', 'Tokyo Mater', 'Mater and the Ghostlight', ""Red's Dream"", 'Tin Toy', 'Toy Story', 'Toy Story 2']",[]
John Lee Hancock,"['Saving Mr. Banks', 'The Rookie']",[]
John Lounsbery,"['The Many Adventures of Winnie the Pooh', 'The Rescuers']",[]
John Murlowski,"[""Richie Rich's Christmas Wish""]",[]
John Musker,"['Aladdin', 'Hercules', 'Moana', 'The Great Mouse Detective', 'The Little Mermaid', 'The Princess and the Frog', 'The Little Mermaid Live!', 'Treasure Planet']",[]
John Pasquin,"['Jungle 2 Jungle', 'The Santa Clause']",[]
John Sanford,['Home on the Range'],[]
John Schultz,['Adventures in Babysitting'],[]
Jon Favreau,"['Iron Man', 'Iron Man 2', 'The Lion King']",[]
Jon Long,['Sacred Planet'],[]
Jon Turteltaub,"['Cool Runnings', 'The Kid', 'National Treasure', 'National Treasure: Book of Secrets']",[]
Jonathan Prince,['Camp Nowhere'],[]
Joseph Kosinski,['TRON: Legacy'],[]
Josh Cooley,['Toy Story 4'],[]
Joss Whedon,"['Avengers: Age of Ultron', 'The Avengers']",[]
Joyce Chopra,['Rip Girls'],[]
Julia Hart,['Stargirl'],[]
Julia Reagan,['MARS: Inside SpaceX'],[]
Julie Anne Robinson,['The Last Song'],[]
Jun Falkenstein,"[""Mickey's Once Upon a Christmas"", 'The Tigger Movie']",[]
Karl Geurs,"[""Pooh's Grand Adventure: The Search for Christopher Robin""]",[]
Kathleen Marshall,['Once Upon a Mattress'],[]
Keith Haskel,['How Dogs Got Their Shapes'],[]
Keith Scholey,"['African Cats', 'Bears', 'Diving with Dolphins', 'Dolphin Reef']",[]
Kelsey Mann,['Party Central'],[]
Ken Annakin,"['Swiss Family Robinson', 'The Story of Robin Hood and His Merrie Men']",[]
Ken Cameron,['Miracle at Midnight'],[]
Kenneth Branagh,['Thor'],[]
Kenneth Johnson,"[""Don't Look Under the Bed"", 'Zenon: Girl of the 21st Century']",[]
Kenny Ortega,"['Descendants 2', 'Descendants 3', 'Descendants', 'High School Musical', 'High School Musical 2', 'High School Musical 3', 'Hocus Pocus', 'Newsies', 'The Cheetah Girls 2']",[]
Kevin Burns,"[""Empire of Dreams: The Story of the 'Star Wars' Trilogy""]",[]
Kevin Deters,"[""Olaf's Frozen Adventure""]",[]
Kevin Hooks,['The Color of Friendship'],[]
Kevin Lima,"['102 Dalmatians', 'A Goofy Movie']",[]
Kirk Wise,"['Atlantis: The Lost Empire', 'Beauty and the Beast', 'The Hunchback of Notre Dame']",[]
Klay Hall,['Tinker Bell and the Lost Treasure'],[]
Kristen Lester,['Purl'],[]
Kyle Menke,['Phineas and Ferb the Movie: Across the 2nd Dimension'],[]
Larry Lansburgh,['Hacksaw'],[]
Larry Morey,['Snow White and the Seven Dwarfs'],[]
Larry Shaw,['Cadet Kelly'],[]
LeVar Burton,['Smart House'],[]
Leander Ward,['The Crimson Wing: Mystery of the Flamingos'],[]
Lee Unkrich,"['Coco', 'Toy Story 3']",[]
Lee Unkrich(co-director),"['Finding Nemo', 'Monsters, Inc.', 'Toy Story 2']",[]
Leo Riley,['Iron Man & Hulk: Heroes United'],[]
Leonard Nimoy,['Three Men and a Baby'],[]
Les Clark,['Sleeping Beauty'],[]
Les Mayfield,['Flubber'],[]
Lev L. Spiro,"['Minutemen', 'Wizards of Waverly Place: The Movie']",[]
Lewis R. Foster,['The Sign of Zorro'],[]
Lisa Schaffer(co-director),['Tarzan & Jane'],[]
Louie Schwartzberg,"[""America's Heart & Soul"", 'Disneynature: Wings of Life']",[]
Lynne Southerland,['Mulan II'],[]
Maggie Greenwald,['Get a Clue'],[]
Manny Coto,"['The Other Me', 'Zenon: The Zequel']",[]
Marc Lawrence,['Noelle'],[]
Mark A.Z. Dippé,"['Halloweentown High', 'Pixel Perfect']",[]
Mark Andrews,"['Brave', 'One Man Band']",[]
Mark Dindal,"['Chicken Little', ""The Emperor's New Groove""]",[]
Mark L. Taylor,['Den Brother'],[]
Mark Linfield,"['Chimpanzee', 'Monkey Kingdom', 'Elephant']",[]
Mark Waters,['Freaky Friday'],[]
Martin Desmond Roe,['Breaking2'],[]
Mary Lambert,"[""Halloweentown II: Kalabar's Revenge""]",[]
Matthew Aeberhard,['The Crimson Wing: Mystery of the Flamingos'],[]
Matthew Diamond,['Camp Rock'],[]
Matthew O'Callaghan,"[""Mickey's Twice Upon a Christmas""]",[]
Maurice Joyce,"[""Doug's 1st Movie""]",[]
Michael Bonfiglio,['Paris to Pittsburgh'],[]
Michael Gottlieb,"[""A Kid in King Arthur's Court""]",[]
Michael Grossman,['StarStruck'],[]
Michael Hegner,"['The New Yoda Chronicles: Clash of the Skywalkers', 'The New Yoda Chronicles: Raid on Coruscant', 'The New Yoda Chronicles: Escape from the Jedi Temple']",[]
Michael LaBash,['Lilo & Stitch 2: Stitch Has a Glitch'],[]
Michael Lange,['Jumping Ship'],[]
Michael Lembeck,"[""Sharpay's Fabulous Adventure"", 'The Santa Clause 2', 'The Santa Clause 3: The Escape Clause']",[]
Michael Switzer,['Three Days'],[]
Mick Garris,['Fuzzbucket'],[]
Mike Gabriel,"['Pocahontas', 'The Rescuers Down Under']",[]
Mike Slee,['Drain the Ocean: WWII'],[]
Mike Thurmeier,['Ice Age: The Great Egg-Scapade'],[]
Milt Schaffer,"[""Pluto's Party""]",[]
Mira Nair,['Queen of Katwe'],[]
Mitch Rochon,"[""Belle's Magical World""]",[]
Molly Hermann,['Winged Seduction: Birds of Paradise'],[]
Nancy Meyers,['The Parent Trap'],[]
Nathan Greno,"['Super Rhino', 'Tangled']",[]
Neal Israel,"['Hounded', 'The Poof Point']",[]
Neil Gelinas,"['Into the Okavango', 'Sharks of Lost Island']",[]
Nick Castle,"[""'Twas the Night""]",[]
Nick Marck,"[""The Jungle Book: Mowgli's Story""]",[]
Nils Gaup,['Shipwrecked'],[]
Norman Ferguson,"['Fantasia', 'Pinocchio', 'Saludos Amigos', 'The Three Caballeros']",[]
Norman Foster,"['Davy Crockett and the River Pirates', 'Davy Crockett: King of the Wild Frontier', 'The Sign of Zorro']",[]
Norman Tokar,"['Candleshoe', 'Snowball Express', 'The Apple Dumpling Gang', 'The Cat from Outer Space', 'The Ugly Dachshund', 'Those Calloways']",[]
Norman Wright,['Bambi'],[]
Oz Scott,['The Cheetah Girls'],[]
Patricia Riggen,['Lemonade Mouth'],[]
Patrick A. Ventura,"['The Brave Little Toaster to the Rescue', 'The Brave Little Toaster Goes to Mars']",[]
Paul Brizzi,['Fantasia 2000'],[]
Paul Hoen,"['Camp Rock 2: The Final Jam', 'Cloud 9', 'Dadnapped', ""Eddie's Million Dollar Cook-Off"", 'How to Build a Better Boy', 'Invisible Sister', 'Jump In!', 'Let It Shine', 'The Luck of the Irish', 'Read It and Weep', 'The Cheetah Girls: One World', 'The Mistle-Tones', 'Tru Confessions', 'You Wish!', 'Z-O-M-B-I-E-S']",[]
Paul Kenworthy,['Perri'],[]
Paul Michael Glaser,['Kazaam'],[]
Paul Satterfield,"['Bambi', 'Fantasia']",[]
Paul Schneider,"['Can of Worms', 'You Lucky Dog']",[]
Paul Stodolny,['Ice Age: The Great Egg-Scapade'],[]
Peggy Holmes,"['Secret of the Wings', ""The Little Mermaid: Ariel's Beginning""]",[]
Perce Pearce,['Snow White and the Seven Dwarfs'],[]
Pete Docter,"['Inside Out', ""Mike's New Car"", 'Monsters, Inc.', 'Up']",[]
Peter Chelsom,['Hannah Montana: The Movie'],[]
Peter DeLuise,['Zapped'],[]
Peter Hastings,['The Country Bears'],[]
Peter Hedges,['The Odd Life of Timothy Green'],[]
Peter Hewitt,['Tom and Huck'],[]
Peter McBride,['Into the Canyon'],[]
Peter Sohn,"['Partly Cloudy', 'The Good Dinosaur']",[]
Peter Tewksbury,['Emil and the Detectives'],[]
Peyton Reed,['Ant-Man'],[]
Phillip Borsos,['One Magic Christmas'],[]
Pixote Hunt,['Fantasia 2000'],[]
Raja Gosnell,['Home Alone 3'],[]
Ralph Eggleston,['For the Birds'],[]
Ralph Hemecker,['Skyrunners'],[]
Ralph Wright,['Perri'],[]
Ralph Zondag,['Dinosaur'],[]
Ramón Menéndez,['Gotta Kick It Up!'],[]
Randal Kleiser,"['Flight of the Navigator', 'Honey, I Blew Up the Kid', 'White Fang']",[]
Randall Wallace,['Secretariat'],[]
Rian Johnson,['Star Wars: Episode VIII - The Last Jedi'],[]
Ricardo Curtis,['Ice Age: The Great Egg-Scapade'],[]
Rich Moore,"['Wreck-It Ralph', 'Zootopia']",[]
Richard Fleischer,"['20,000 Leagues Under the Sea']",[]
Richard Marquand,['Star Wars: Episode VI - Return of the Jedi'],[]
Richard Rich,"[""Mickey's Christmas Carol"", 'The Black Cauldron', 'The Fox and the Hound']",[]
Richard Williams,['Who Framed Roger Rabbit'],[]
Rick Leon,"[""Belle's Magical World""]",[]
Riley Thomson,"[""Mickey's Birthday Party""]",[]
Rob Gibbs(co-director),['Tokyo Mater'],[]
Rob LaDuca(co-director),"[""The Lion King 2: Simba's Pride""]",[]
Rob Marshall,"['Annie', 'Pirates of the Caribbean: On Stranger Tides']",[]
Rob Minkoff,"['The Haunted Mansion', 'The Lion King']",[]
Rob Reiner,['The Princess Bride'],[]
Robert Butler,['The Computer Wore Tennis Shoes'],[]
Robert C. Ramirez,"['The Brave Little Toaster to the Rescue', 'The Brave Little Toaster Goes to Mars']",[]
Robert Hughes,['Phineas and Ferb the Movie: Across the 2nd Dimension'],[]
Robert Nixon,"[""Sea of Hope: America's Underwater Treasures""]",[]
Robert Stevenson,"['Bedknobs and Broomsticks', ""Blackbeard's Ghost"", ""Darby O'Gill and the Little People"", 'Herbie Rides Again', 'Mary Poppins', 'Old Yeller', 'That Darn Cat!', 'The Absent Minded Professor', 'The Love Bug', 'The Shaggy D.A.']",[]
Robert Strange,"[""The Secret of Christ's Tomb""]",[]
Robert Townsend,"['Up, Up, and Away!']",[]
Robert Vince,"['Santa Paws 2: The Santa Pups', 'Super Buddies']",[]
Robert Walker,['Brother Bear'],[]
Robert Wise,['The Sound of Music'],[]
Robert Zemeckis,['Who Framed Roger Rabbit'],[]
Roberts Gannaway,"['Leroy & Stitch', 'Secret of the Wings', 'Stitch! The Movie']",[]
Robin Budd,['Peter Pan 2: Return to Never Land'],[]
Rod Daniel,"['Alley Cats Strike', 'Genius']",[]
Roger Allers,['The Lion King'],[]
Roger Gould,"[""Mike's New Car""]",[]
Roger Gould(co-director),"[""Boundin'""]",[]
Roger Kumble,['College Road Trip'],[]
Roger Spottiswoode,['Turner & Hooch'],[]
Ron Clements,"['Aladdin', 'Hercules', 'Moana', 'The Great Mouse Detective', 'The Little Mermaid', 'The Princess and the Frog', 'The Little Mermaid Live!', 'Treasure Planet']",[]
Ron Howard,"['Splash', 'Willow']",[]
Ron Lagomarsino,['Snowglobe'],[]
Ron Underwood,['Mighty Joe Young'],[]
Ron de Moraes,['A Celebration of the Music from Coco'],[]
Ronnie Del Carmen,"[""Dug's Special Mission""]",[]
Ronnie Del Carmen(co-director),['Inside Out'],[]
Rosana Sullivan,['Kitbull'],[]
Rupert Wainwright,['Blank Check'],[]
Russ Mayberry,['Unidentified Flying Oddball'],[]
Ryan Coogler,['Black Panther'],[]
Ryan Fleck,['Captain Marvel'],[]
Sam Weisman,['George of the Jungle'],[]
Samuel Armstrong,"['Bambi', 'Fantasia']",[]
Sanjay Patel,"[""Sanjay's Super Team""]",[]
Sara Sugarman,['Confessions of a Teenage Drama Queen'],[]
Saschka Unseld,['The Blue Umbrella'],[]
Saul Blinkoff,"[""Kronk's New Groove"", 'Winnie the Pooh: Springtime with Roo']",[]
Savage Steve Holland,['Stuck in the Suburbs'],[]
Scott Derrickson,['Doctor Strange'],[]
Sean McNamara,"['The Even Stevens Movie', 'The Suite Life Movie']",[]
Sebastian Peiter,['Viking Warrior Women'],[]
Shane Black,['Iron Man 3'],[]
Shawn Levy,['Cheaper by the Dozen'],[]
Sidney Beaumont,['Paris to Pittsburgh'],[]
Simcha Jacobovici,['Atlantis Rising'],[]
Simon George,['Miracle Landing on the Hudson'],[]
Simon Wells,['Mars Needs Moms'],[]
Simon Wincer,"['Operation Dumbo Drop', 'The Young Black Stallion']",[]
Sol Choi,"['Marvel Rising: Heart of Iron', 'Marvel Rising: Playing with Fire']",[]
Sophie Elwin-Harris,['Drain the Sunken Pirate City'],[]
Stephen Herek,"['101 Dalmatians', 'The Three Musketeers']",[]
Stephen J. Anderson,"['Meet the Robinsons', 'Winnie the Pooh']",[]
Stephen Sandoval,['Tangled: Before Ever After'],[]
Stephen Sommers,['The Adventures of Huck Finn'],[]
Steve 'Spaz' Williams,['The Wild'],[]
Steve Boyum,"['Johnny Tsunami', 'Meet the Deedles', ""Mom's Got a Date with a Vampire"", 'Motocrossed', 'Stepsister from Planet Weird']",[]
Steve Carr,"['Dr. Dolittle 2', 'Freaky Friday']",[]
Steve Loter,"['Kim Possible: So the Drama', 'Tarzan & Jane']",[]
Steve Martino,['Ice Age: The Great Egg-Scapade'],[]
Steve Previn,['Almost Angels'],[]
Steve Purcell(co-director),['Brave'],[]
Steve Rash,['Zenon: Z3'],[]
Steve Trenbirth,['The Jungle Book 2'],[]
Steven Brill,['Heavyweights'],[]
Steven K. Tsuchida,['Life-Size 2'],[]
Steven Lisberger,['TRON'],[]
Steven Quale,['Aliens of the Deep'],[]
Steven Spielberg,['The BFG'],[]
Stevie Wermers,"[""Olaf's Frozen Adventure""]",[]
Stuart Gillard,"['Avalon High', 'Girl Vs. Monster', 'Full-Court Miracle', 'Going to the Mat', 'Hatching Pete', 'The Scream Team', 'Twitches', 'Twitches Too']",[]
T. Hee,"['Fantasia', 'Pinocchio']",[]
Tad Stones,"['Aladdin and the King of Thieves', 'Aladdin and the Return of Jafar', ""Atlantis: Milo's Return""]",[]
Taika Waititi,['Thor: Ragnarok'],[]
Ted Berman,"['The Black Cauldron', 'The Fox and the Hound']",[]
Ted Mathot,['Auntie Edna'],[]
Teddy Newton,['Day & Night'],[]
Theodore Thomas,['Frank and Ollie'],[]
Theresa Cullen,"[""Mickey's Twice Upon a Christmas""]",[]
Thomas C. Grane,['Titanic: 20 Years Later with James Cameron'],[]
Thor Freudenthal,['Diary of a Wimpy Kid'],[]
Tim Burton,"['Alice in Wonderland', 'Dumbo', 'Frankenweenie']",[]
Tim Fywell,['Ice Princess'],[]
Timothy Björklund,"[""Teacher's Pet""]",[]
Toby Shelton,"['Aladdin and the Return of Jafar', ""Atlantis: Milo's Return"", ""Mickey's Once Upon a Christmas""]",[]
Tom Caulfield,['Tangled: Before Ever After'],[]
Tom Ellery,['Pocahontas II: Journey to a New World'],[]
Tom Jennings,"['Apollo: Missions to the Moon', 'Diana: In Her Own Words']",[]
Tom McCarthy,['Timmy Failure: Mistakes Were Made'],[]
Tom Stephens(co-director),['In the Footsteps of Elephant'],[]
Tony Bancroft,['Mulan'],[]
Tony Craig,"['Leroy & Stitch', 'Stitch! The Movie']",[]
Tony Leondis,['Lilo & Stitch 2: Stitch Has a Glitch'],[]
Ub Iwerks,"['Steamboat Willie', 'The Reluctant Dragon']",[]
Valerie LaPointe,['Lamp Life'],[]
Vanessa Berlowitz,['In the Footsteps of Elephant'],[]
Vanessa Berlowitz(co-director),['Elephant'],[]
Victor Cook,"[""Atlantis: Milo's Return"", 'Tarzan & Jane']",[]
Victor Gonzalez,['The Wizards Return: Alex vs. Alex'],[]
Victor Navone(co-director),['Tokyo Mater'],[]
Vincent McEveety,"['Amy', 'Gus', 'Herbie Goes Bananas', 'Herbie Goes to Monte Carlo', 'The Apple Dumpling Gang Rides Again', 'The Biscuit Eater', 'The Castaway Cowboy', 'The Million Dollar Duck', 'The Strongest Man in the World', 'Treasure of Matecumbe']",[]
Walt Becker,['Old Dogs'],[]
Walt Disney,"['Steamboat Willie', 'The Golden Touch']",[]
Walter Murch,['Return to Oz'],[]
Ward Kimball,['Bedknobs and Broomsticks'],[]
Wayne Abbott,"['Drain Alcatraz', 'Drain the Great Lakes']",[]
Wayne Wang,['Because of Winn-Dixie'],[]
Wilfred Jackson,"['Alice in Wonderland', 'Cinderella', 'Elmer Elephant', 'Fantasia', 'The Grasshopper and the Ants', 'Lady and the Tramp', 'Melody Time', ""Mickey's Rival"", 'Peter Pan', 'Pinocchio', 'Saludos Amigos', ""Santa's Workshop"", 'Snow White and the Seven Dwarfs', 'The Band Concert', 'The Goddess of Spring', 'The Old Mill', 'The Pied Piper', 'The Tortoise and the Hare', 'The Wise Little Hen', 'Toby Tortoise Returns']",[]
Will Finn,['Home on the Range'],[]
William Cottrell,['Snow White and the Seven Dwarfs'],[]
William Dear,['The Sandlot: Heading Home'],[]
William Morgan,['Fun and Fancy Free'],[]
Wolfgang Reitherman,"['One Hundred and One Dalmatians', 'Robin Hood', 'Sleeping Beauty', 'The Aristocats', 'The Fox and the Hound', 'The Jungle Book', 'The Many Adventures of Winnie the Pooh', 'The Rescuers', 'The Sword in the Stone']",[]
Zach Lipovsky,['Kim Possible'],[]
Zak Knutson,['Marvel 75 Years: From Pulp to Pop!'],[]
Zhong Yu,['Trail of the Panda'],[]
