Categoria,ElementoId,ElementoNombre,RelacionIds,RelacionNombres
Pelicula sin personajes,"68f1075d310acd7b5f1c5581","10 Things I Hate About You","",""
Pelicula sin personajes,"68f1075d310acd7b5f1c5583","101 Dalmatians","",""
Pelicula sin personajes,"68f1075d310acd7b5f1c5584","101 Dalmatians 2: Patch's London Adventure","",""
Pelicula sin personajes,"68f1075d310acd7b5f1c5585","102 Dalmatians","",""
Pelicula sin personajes,"68f1075d310acd7b5f1c5588","A Bug's Life","",""
Pelicula sin personajes,"68f1075d310acd7b5f1c558f","A Wrinkle in Time","",""
Pelicula sin personajes,"68f1075d310acd7b5f1c5597","All in a Nutshell","",""
Pelicula sin personajes,"68f1075d310acd7b5f1c559c","America's National Parks","",""
Pelicula sin personajes,"68f1075d310acd7b5f1c55a0","Annie","",""
Pelicula sin personajes,"68f1075d310acd7b5f1c55a4","Atlantis: Milo's Return","",""
Pelicula sin personajes,"68f1075d310acd7b5f1c55ac","Bambi and the Great Prince of the Forest","",""
Pelicula sin personajes,"68f1075d310acd7b5f1c55ad","Bao","",""
Pelicula sin personajes,"68f1075d310acd7b5f1c55b0","Bearly Asleep","",""
Pelicula sin personajes,"68f1075d310acd7b5f1c55b5","Bedknobs and Broomsticks","",""
Pelicula sin personajes,"68f1075d310acd7b5f1c55bf","Bizarre Dinosaurs","",""
Pelicula sin personajes,"68f1075d310acd7b5f1c55c3","Boat Builders","",""
Pelicula sin personajes,"68f1075d310acd7b5f1c55c5","Bonkers","",""
Pelicula sin personajes,"68f1075d310acd7b5f1c55d0","Bug Juice: My Adventures at Camp","",""
Pelicula sin personajes,"68f1075d310acd7b5f1c55d3","Camp Nowhere","",""
Pelicula sin personajes,"68f1075d310acd7b5f1c55d7","Candleshoe","",""
Pelicula sin personajes,"68f1075d310acd7b5f1c55d9","Cars","",""
Pelicula sin personajes,"68f1075d310acd7b5f1c55da","Cars 2","",""
Pelicula sin personajes,"68f1075d310acd7b5f1c55ed","Coop and Cami Ask the World","",""
Pelicula sin personajes,"68f1075d310acd7b5f1c55f2","Darby O'Gill and the Little People","",""
Pelicula sin personajes,"68f1075d310acd7b5f1c55f3","Darkwing Duck","",""
Pelicula sin personajes,"68f1075d310acd7b5f1c55f7","Decorating Disney: Holiday Magic","",""
Pelicula sin personajes,"68f1075d310acd7b5f1c55fa","Descendants 3","",""
Pelicula sin personajes,"68f1075d310acd7b5f1c55fe","Diary of a Wimpy Kid","",""
Pelicula sin personajes,"68f1075d310acd7b5f1c5600","Adventures in Babysitting","",""
Pelicula sin personajes,"68f1075d310acd7b5f1c5602","Avalon High","",""
Pelicula sin personajes,"68f1075d310acd7b5f1c5606","Den Brother","",""
Pelicula sin personajes,"68f1075d310acd7b5f1c560e","Gravity Falls","",""
Pelicula sin personajes,"68f1075d310acd7b5f1c5611","Jake and the Never Land Pirates","",""
Pelicula sin personajes,"68f1075d310acd7b5f1c5612","Jonas","",""
Pelicula sin personajes,"68f1075d310acd7b5f1c5613","Disney Junior Music Nursery Rhymes","",""
Pelicula sin personajes,"68f1075d310acd7b5f1c561d","Stuck in the Middle","",""
Pelicula sin personajes,"68f1075d310acd7b5f1c5620","The Lion Guard","",""
Pelicula sin personajes,"68f1075d310acd7b5f1c5623","Adventures of the Gummi Bears","",""
Pelicula sin personajes,"68f1075d310acd7b5f1c5625","DuckTales","",""
Pelicula sin personajes,"68f1075d310acd7b5f1c562f","Bears","",""
Pelicula sin personajes,"68f1075d310acd7b5f1c5637","Doc McStuffins","",""
Pelicula sin personajes,"68f1075d310acd7b5f1c563c","Dolphin Reef","",""
Pelicula sin personajes,"68f1075d310acd7b5f1c563d","Don's Fountain of Youth","",""
Pelicula sin personajes,"68f1075d310acd7b5f1c563f","Donald's Dog Laundry","",""
Pelicula sin personajes,"68f1075d310acd7b5f1c5644","Doug's 1st Movie","",""
Pelicula sin personajes,"68f1075d310acd7b5f1c5645","Dr. Oakley, Yukon Vet","",""
Pelicula sin personajes,"68f1075d310acd7b5f1c5646","Dr. T, Lone Star Vet","",""
Pelicula sin personajes,"68f1075d310acd7b5f1c5647","Dragon Around","",""
Pelicula sin personajes,"68f1075d310acd7b5f1c564e","Drain the Titanic","",""
Pelicula sin personajes,"68f1075d310acd7b5f1c5654","Eddie's Million Dollar Cook-Off","",""
Pelicula sin personajes,"68f1075d310acd7b5f1c5660","Disney's Fairy Tale Weddings","",""
Pelicula sin personajes,"68f1075d310acd7b5f1c5666","Finding Dory","",""
Pelicula sin personajes,"68f1075d310acd7b5f1c5667","Finding Nemo","",""
Pelicula sin personajes,"68f1075d310acd7b5f1c566b","Float","",""
Pelicula sin personajes,"68f1075d310acd7b5f1c566e","For the Birds","",""
Pelicula sin personajes,"68f1075d310acd7b5f1c5675","Free Solo","",""
Pelicula sin personajes,"68f1075d310acd7b5f1c5676","Frenemies","",""
Pelicula sin personajes,"68f1075d310acd7b5f1c5679","Full-Court Miracle","",""
Pelicula sin personajes,"68f1075d310acd7b5f1c567e","Geek Charming","",""
Pelicula sin personajes,"68f1075d310acd7b5f1c5680","George of the Jungle","",""
Pelicula sin personajes,"68f1075d310acd7b5f1c5586","12 Dates of Christmas","",""
Pelicula sin personajes,"68f1075d310acd7b5f1c558d","A Ring of Endless Light","",""
Pelicula sin personajes,"68f1075d310acd7b5f1c558e","A Tale of Two Critters","",""
Pelicula sin personajes,"68f1075d310acd7b5f1c5593","Aladdin and the Return of Jafar","",""
Pelicula sin personajes,"68f1075d310acd7b5f1c5596","Aliens of the Deep","",""
Pelicula sin personajes,"68f1075d310acd7b5f1c559f","Andi Mack","",""
Pelicula sin personajes,"68f1075d310acd7b5f1c55a8","Avatar","",""
Pelicula sin personajes,"68f1075d310acd7b5f1c55a9","Babes in the Woods","",""
Pelicula sin personajes,"68f1075d310acd7b5f1c55aa","Babes in Toyland","",""
Pelicula sin personajes,"68f1075d310acd7b5f1c55af","Beach Picnic","",""
Pelicula sin personajes,"68f1075d310acd7b5f1c55b2","Belle's Magical World","",""
Pelicula sin personajes,"68f1075d310acd7b5f1c55b4","Because of Winn-Dixie","",""
Pelicula sin personajes,"68f1075d310acd7b5f1c55b9","Benji the Hunted","",""
Pelicula sin personajes,"68f1075d310acd7b5f1c55ba","Best Friends Whenever","",""
Pelicula sin personajes,"68f1075d310acd7b5f1c55c0","Blackbeard's Ghost","",""
Pelicula sin personajes,"68f1075d310acd7b5f1c55c2","Bluey","",""
Pelicula sin personajes,"68f1075d310acd7b5f1c55c6","Boundin'","",""
Pelicula sin personajes,"68f1075d310acd7b5f1c55cf","Buffalo Dreams","",""
Pelicula sin personajes,"68f1075d310acd7b5f1c55d2","Cadet Kelly","",""
Pelicula sin personajes,"68f1075d310acd7b5f1c55dd","Cheaper by the Dozen","",""
Pelicula sin personajes,"68f1075d310acd7b5f1c55df","Chef Donald","",""
Pelicula sin personajes,"68f1075d310acd7b5f1c55e1","Chip 'n' Dale Rescue Rangers","",""
Pelicula sin personajes,"68f1075d310acd7b5f1c55e4","Cinderella 2: Dreams Come True","",""
Pelicula sin personajes,"68f1075d310acd7b5f1c55e6","Clock Cleaners","",""
Pelicula sin personajes,"68f1075d310acd7b5f1c55f6","Day & Night","",""
Pelicula sin personajes,"68f1075d310acd7b5f1c55f8","Deep Blue","",""
Pelicula sin personajes,"68f1075d310acd7b5f1c55f9","Descendants 2","",""
Pelicula sin personajes,"68f1075d310acd7b5f1c55fb","Destino","",""
Pelicula sin personajes,"68f1075d310acd7b5f1c5601","Amphibia","",""
Pelicula sin personajes,"68f1075d310acd7b5f1c5603","Bad Hair Day","",""
Pelicula sin personajes,"68f1075d310acd7b5f1c5610","Insider","",""
Pelicula sin personajes,"68f1075d310acd7b5f1c5614","K.C. Undercover","",""
Pelicula sin personajes,"68f1075d310acd7b5f1c5615","Lab Rats: Elite Force","",""
Pelicula sin personajes,"68f1075d310acd7b5f1c5618","Milo Murphy's Law","",""
Pelicula sin personajes,"68f1075d310acd7b5f1c561e","Sydney to the Max","",""
Pelicula sin personajes,"68f1075d310acd7b5f1c561f","Take Two with Phineas and Ferb","",""
Pelicula sin personajes,"68f1075d310acd7b5f1c5621","Under the Sea: A Descendants Story","",""
Pelicula sin personajes,"68f1075d310acd7b5f1c5622","Vampirina","",""
Pelicula sin personajes,"68f1075d310acd7b5f1c5627","Kim Possible","",""
Pelicula sin personajes,"68f1075d310acd7b5f1c562a","Recess","",""
Pelicula sin personajes,"68f1075d310acd7b5f1c562c","The Kid","",""
Pelicula sin personajes,"68f1075d310acd7b5f1c562e","African Cats","",""
Pelicula sin personajes,"68f1075d310acd7b5f1c5632","The Crimson Wing: Mystery of the Flamingos","",""
Pelicula sin personajes,"68f1075d310acd7b5f1c5634","Penguins","",""
Pelicula sin personajes,"68f1075d310acd7b5f1c5640","Donald's Golf Game","",""
Pelicula sin personajes,"68f1075d310acd7b5f1c5641","Donald's Tire Trouble","",""
Pelicula sin personajes,"68f1075d310acd7b5f1c5643","Double Teamed","",""
Pelicula sin personajes,"68f1075d310acd7b5f1c564c","Drain the Oceans","",""
Pelicula sin personajes,"68f1075d310acd7b5f1c5656","Elena of Avalor","",""
Pelicula sin personajes,"68f1075d310acd7b5f1c5659","Emil and the Detectives","",""
Pelicula sin personajes,"68f1075d310acd7b5f1c565b","Encore!","",""
Pelicula sin personajes,"68f1075d310acd7b5f1c565d","Even Stevens","",""
Pelicula sin personajes,"68f1075d310acd7b5f1c565e","Expedition Amelia","",""
Pelicula sin personajes,"68f1075d310acd7b5f1c5663","Fantastic Four: The Animated Series","",""
Pelicula sin personajes,"68f1075d310acd7b5f1c566f","Frank and Ollie","",""
Pelicula sin personajes,"68f1075d310acd7b5f1c5671","Frankenweenie","",""
Pelicula sin personajes,"68f1075d310acd7b5f1c5674","Freaky Friday","",""
Pelicula sin personajes,"68f1075d310acd7b5f1c567f","Genius","",""
Pelicula sin personajes,"68f1075d310acd7b5f1c5685","Glory Road","",""
Pelicula sin personajes,"68f1075d310acd7b5f1c5683","Get a Clue","",""
Pelicula sin personajes,"68f1075d310acd7b5f1c5684","Girl Meets World","",""
Pelicula sin personajes,"68f1075d310acd7b5f1c5688","Good Luck Charlie","",""
Pelicula sin personajes,"68f1075d310acd7b5f1c568b","Gordon Ramsay: Uncharted","",""
Pelicula sin personajes,"68f1075d310acd7b5f1c568c","Gotta Kick It Up!","",""
Pelicula sin personajes,"68f1075d310acd7b5f1c568e","Great Migrations","",""
Pelicula sin personajes,"68f1075d310acd7b5f1c5694","Halloweentown II: Kalabar's Revenge","",""
Pelicula sin personajes,"68f1075d310acd7b5f1c5698","Hannah Montana: The Movie","",""
Pelicula sin personajes,"68f1075d310acd7b5f1c569d","Herbie Goes Bananas","",""
Pelicula sin personajes,"68f1075d310acd7b5f1c56a0","Herbie Fully Loaded","",""
Pelicula sin personajes,"68f1075d310acd7b5f1c56a3","High School Musical 2","",""
Pelicula sin personajes,"68f1075d310acd7b5f1c56ab","Homeward Bound II: Lost in San Francisco","",""
Pelicula sin personajes,"68f1075d310acd7b5f1c56ae","Honey, I Shrunk the Kids","",""
Pelicula sin personajes,"68f1075d310acd7b5f1c56b1","Hostile Planet","",""
Pelicula sin personajes,"68f1075d310acd7b5f1c56bd","Ice Princess","",""
Pelicula sin personajes,"68f1075d310acd7b5f1c56c0","Inside Out","",""
Pelicula sin personajes,"68f1075d310acd7b5f1c56c3","Into the Canyon","",""
Pelicula sin personajes,"68f1075d310acd7b5f1c56c8","Iron Man: Armored Adventures","",""
Pelicula sin personajes,"68f1075d310acd7b5f1c56d2","Jonas Brothers: The 3D Concert Experience","",""
Pelicula sin personajes,"68f1075d310acd7b5f1c56d7","Jungle 2 Jungle","",""
Pelicula sin personajes,"68f1075d310acd7b5f1c56db","Kickin' It","",""
Pelicula sin personajes,"68f1075d310acd7b5f1c56e7","Lambert the Sheepish Lion","",""
Pelicula sin personajes,"68f1075d310acd7b5f1c56e8","Lamp Life","",""
Pelicula sin personajes,"68f1075d310acd7b5f1c56ee","The New Yoda Chronicles: Clash of the Skywalkers","",""
Pelicula sin personajes,"68f1075d310acd7b5f1c56f3","Lend a Paw","",""
Pelicula sin personajes,"68f1075d310acd7b5f1c56f7","Life Below Zero","",""
Pelicula sin personajes,"68f1075d310acd7b5f1c56fa","Life-Size 2","",""
Pelicula sin personajes,"68f1075d310acd7b5f1c5701","Loop","",""
Pelicula sin personajes,"68f1075d310acd7b5f1c5692","Halloweentown","",""
Pelicula sin personajes,"68f1075d310acd7b5f1c5695","Handy Manny","",""
Pelicula sin personajes,"68f1075d310acd7b5f1c5697","Hannah Montana and Miley Cyrus: Best of Both Worlds Concert","",""
Pelicula sin personajes,"68f1075d310acd7b5f1c569b","Heavyweights","",""
Pelicula sin personajes,"68f1075d310acd7b5f1c56a6","High School Musical: The Musical: The Series: The Special","",""
Pelicula sin personajes,"68f1075d310acd7b5f1c56ad","Honey, I Blew Up the Kid","",""
Pelicula sin personajes,"68f1075d310acd7b5f1c56b4","How to Build a Better Boy","",""
Pelicula sin personajes,"68f1075d310acd7b5f1c56b6","How to Play Baseball","",""
Pelicula sin personajes,"68f1075d310acd7b5f1c56b7","How to Play Football","",""
Pelicula sin personajes,"68f1075d310acd7b5f1c56ba","I'll Be Home for Christmas","",""
Pelicula sin personajes,"68f1075d310acd7b5f1c56c1","Inspector Gadget","",""
Pelicula sin personajes,"68f1075d310acd7b5f1c56c2","Inspector Gadget 2","",""
Pelicula sin personajes,"68f1075d310acd7b5f1c56c4","Into the Okavango","",""
Pelicula sin personajes,"68f1075d310acd7b5f1c56c5","Invincible","",""
Pelicula sin personajes,"68f1075d310acd7b5f1c56c9","Iron Will","",""
Pelicula sin personajes,"68f1075d310acd7b5f1c56cb","Jack-Jack Attack","",""
Pelicula sin personajes,"68f1075d310acd7b5f1c56cc","James and the Giant Peach","",""
Pelicula sin personajes,"68f1075d310acd7b5f1c56cd","Jane","",""
Pelicula sin personajes,"68f1075d310acd7b5f1c56d8","Jungle Cat","",""
Pelicula sin personajes,"68f1075d310acd7b5f1c56d9","Justin Morgan Had a Horse","",""
Pelicula sin personajes,"68f1075d310acd7b5f1c56dc","Kim Possible","",""
Pelicula sin personajes,"68f1075d310acd7b5f1c56e3","Lab Rats","",""
Pelicula sin personajes,"68f1075d310acd7b5f1c56ea","Lego Star Wars: All-Stars","",""
Pelicula sin personajes,"68f1075d310acd7b5f1c56ec","LEGO Star Wars: The Resistance Rises","",""
Pelicula sin personajes,"68f1075d310acd7b5f1c56f4","Leroy & Stitch","",""
Pelicula sin personajes,"68f1075d310acd7b5f1c56f5","Let It Shine","",""
Pelicula sin personajes,"68f1075d310acd7b5f1c56f6","Let's Stick Together","",""
Pelicula sin personajes,"68f1075d310acd7b5f1c56fb","Lifted","",""
Pelicula sin personajes,"68f1075d310acd7b5f1c5589","A Celebration of the Music from Coco","",""
Pelicula sin personajes,"68f1075d310acd7b5f1c558a","A Goofy Movie","",""
Pelicula sin personajes,"68f1075d310acd7b5f1c5598","Alley Cats Strike","",""
Pelicula sin personajes,"68f1075d310acd7b5f1c559d","Amy","",""
Pelicula sin personajes,"68f1075d310acd7b5f1c559e","An Extremely Goofy Movie","",""
Pelicula sin personajes,"68f1075d310acd7b5f1c55a7","Austin & Ally","",""
Pelicula sin personajes,"68f1075d310acd7b5f1c55b6","Bedtime Stories","",""
Pelicula sin personajes,"68f1075d310acd7b5f1c55b8","Before the Flood","",""
Pelicula sin personajes,"68f1075d310acd7b5f1c55c7","Boy Meets World","",""
Pelicula sin personajes,"68f1075d310acd7b5f1c55cb","Breaking2","",""
Pelicula sin personajes,"68f1075d310acd7b5f1c55d1","Burn-E","",""
Pelicula sin personajes,"68f1075d310acd7b5f1c55d5","Camp Rock 2: The Final Jam","",""
Pelicula sin personajes,"68f1075d310acd7b5f1c55d6","Can of Worms","",""
Pelicula sin personajes,"68f1075d310acd7b5f1c55d8","Canine Caddy","",""
Pelicula sin personajes,"68f1075d310acd7b5f1c55e2","Chip an' Dale","",""
Pelicula sin personajes,"68f1075d310acd7b5f1c55e7","Cloud 9","",""
Pelicula sin personajes,"68f1075d310acd7b5f1c55ea","Confessions of a Teenage Drama Queen","",""
Pelicula sin personajes,"68f1075d310acd7b5f1c55eb","Continent 7: Antarctica","",""
Pelicula sin personajes,"68f1075d310acd7b5f1c55f0","Crash & Bernstein","",""
Pelicula sin personajes,"68f1075d310acd7b5f1c55f1","Dadnapped","",""
Pelicula sin personajes,"68f1075d310acd7b5f1c55f4","Davy Crockett and the River Pirates","",""
Pelicula sin personajes,"68f1075d310acd7b5f1c55fd","Diary of a Future President","",""
Pelicula sin personajes,"68f1075d310acd7b5f1c5607","Descendants","",""
Pelicula sin personajes,"68f1075d310acd7b5f1c5608","Descendants: Wicked World","",""
Pelicula sin personajes,"68f1075d310acd7b5f1c560a","Family Sundays","",""
Pelicula sin personajes,"68f1075d310acd7b5f1c560c","Fast Layne","",""
Pelicula sin personajes,"68f1075d310acd7b5f1c560d","Girl Vs. Monster","",""
Pelicula sin personajes,"68f1075d310acd7b5f1c560f","I Didn't Do It","",""
Pelicula sin personajes,"68f1075d310acd7b5f1c5617","Mickey Mouse Clubhouse","",""
Pelicula sin personajes,"68f1075d310acd7b5f1c5619","Minnie's Bow-Toons","",""
Pelicula sin personajes,"68f1075d310acd7b5f1c561b","Raven's Home","",""
Pelicula sin personajes,"68f1075d310acd7b5f1c5624","Disney's Doug","",""
Pelicula sin personajes,"68f1075d310acd7b5f1c5628","Little Einsteins","",""
Pelicula sin personajes,"68f1075d310acd7b5f1c5629","Mighty Ducks","",""
Pelicula sin personajes,"68f1075d310acd7b5f1c5635","Disneynature: Wings of Life","",""
Pelicula sin personajes,"68f1075d310acd7b5f1c5639","Dr. Dolittle 2","",""
Pelicula sin personajes,"68f1075d310acd7b5f1c563a","Dog Whisperer with Cesar Millan","",""
Pelicula sin personajes,"68f1075d310acd7b5f1c563b","Dog: Impossible","",""
Pelicula sin personajes,"68f1075d310acd7b5f1c5642","Double Dribble","",""
Pelicula sin personajes,"68f1075d310acd7b5f1c5649","Drain the Bermuda Triangle","",""
Pelicula sin personajes,"68f1075d310acd7b5f1c564f","DuckTales","",""
Pelicula sin personajes,"68f1075d310acd7b5f1c5651","Dug's Special Mission","",""
Pelicula sin personajes,"68f1075d310acd7b5f1c5655","Eight Below","",""
Pelicula sin personajes,"68f1075d310acd7b5f1c5664","Fantastic Four: World's Greatest Heroes","",""
Pelicula sin personajes,"68f1075d310acd7b5f1c5665","Ferdinand the Bull","",""
Pelicula sin personajes,"68f1075d310acd7b5f1c566a","Flight of the Navigator","",""
Pelicula sin personajes,"68f1075d310acd7b5f1c566c","Flowers and Trees","",""
Pelicula sin personajes,"68f1075d310acd7b5f1c5670","Frankenweenie","",""
Pelicula sin personajes,"68f1075d310acd7b5f1c5672","Freaky Friday","",""
Pelicula sin personajes,"68f1075d310acd7b5f1c5673","Freaky Friday","",""
Pelicula sin personajes,"68f1075d310acd7b5f1c5678","Frozen II","",""
Pelicula sin personajes,"68f1075d310acd7b5f1c567b","Fuzzbucket","",""
Pelicula sin personajes,"68f1075d310acd7b5f1c5686","Go Figure","",""
Pelicula sin personajes,"68f1075d310acd7b5f1c5689","Good Luck Charlie, It's Christmas!","",""
Pelicula sin personajes,"68f1075d310acd7b5f1c5690","Gus","",""
Pelicula sin personajes,"68f1075d310acd7b5f1c5691","Hacksaw","",""
Pelicula sin personajes,"68f1075d310acd7b5f1c5696","Hannah Montana","",""
Pelicula sin personajes,"68f1075d310acd7b5f1c569e","Herbie Goes to Monte Carlo","",""
Pelicula sin personajes,"68f1075d310acd7b5f1c56a4","High School Musical 3","",""
Pelicula sin personajes,"68f1075d310acd7b5f1c56a5","High School Musical: The Musical - The Series","",""
Pelicula sin personajes,"68f1075d310acd7b5f1c56af","Honey, We Shrunk Ourselves!","",""
Pelicula sin personajes,"68f1075d310acd7b5f1c56b0","Horse Sense","",""
Pelicula sin personajes,"68f1075d310acd7b5f1c56b2","Hounded","",""
Pelicula sin personajes,"68f1075d310acd7b5f1c56b3","How Dogs Got Their Shapes","",""
Pelicula sin personajes,"68f1075d310acd7b5f1c56b5","How to Fish","",""
Pelicula sin personajes,"68f1075d310acd7b5f1c56b8","How to Swim","",""
Pelicula sin personajes,"68f1075d310acd7b5f1c56bb","Ice Age","",""
Pelicula sin personajes,"68f1075d310acd7b5f1c56bc","Ice Age: The Great Egg-Scapade","",""
Pelicula sin personajes,"68f1075d310acd7b5f1c56bf","In the Footsteps of Elephant","",""
Pelicula sin personajes,"68f1075d310acd7b5f1c56c7","Iron Man","",""
Pelicula sin personajes,"68f1075d310acd7b5f1c56d1","Johnny Tsunami","",""
Pelicula sin personajes,"68f1075d310acd7b5f1c56d3","Nature Untamed","",""
Pelicula sin personajes,"68f1075d310acd7b5f1c56d4","Journey to the Center of the Earth","",""
Pelicula sin personajes,"68f1075d310acd7b5f1c56d5","Jump In!","",""
Pelicula sin personajes,"68f1075d310acd7b5f1c56d6","Jumping Ship","",""
Pelicula sin personajes,"68f1075d310acd7b5f1c56da","Kazaam","",""
Pelicula sin personajes,"68f1075d310acd7b5f1c56dd","Kim Possible: So the Drama","",""
Pelicula sin personajes,"68f1075d310acd7b5f1c56df","Kingdom of the White Wolf","",""
Pelicula sin personajes,"68f1075d310acd7b5f1c56e0","Kitbull","",""
Pelicula sin personajes,"68f1075d310acd7b5f1c56e1","Kronk's New Groove","",""
Pelicula sin personajes,"68f1075d310acd7b5f1c56e2","La Luna","",""
Pelicula sin personajes,"68f1075d310acd7b5f1c56eb","Lego Star Wars: Droid Tales","",""
Pelicula sin personajes,"68f1075d310acd7b5f1c56ed","Lego Star Wars: The Freemaker Adventures","",""
Pelicula sin personajes,"68f1075d310acd7b5f1c56ef","The New Yoda Chronicles: Raid on Coruscant","",""
Pelicula sin personajes,"68f1075d310acd7b5f1c56f0","The New Yoda Chronicles: Escape from the Jedi Temple","",""
Pelicula sin personajes,"68f1075d310acd7b5f1c5582","101 Dalmatian Street","",""
Pelicula sin personajes,"68f1075d310acd7b5f1c5587","20,000 Leagues Under the Sea","",""
Pelicula sin personajes,"68f1075d310acd7b5f1c558b","A Kid in King Arthur's Court","",""
Pelicula sin personajes,"68f1075d310acd7b5f1c558c","A Knight for a Day","",""
Pelicula sin personajes,"68f1075d310acd7b5f1c5592","Aladdin and the King of Thieves","",""
Pelicula sin personajes,"68f1075d310acd7b5f1c5599","Almost Angels","",""
Pelicula sin personajes,"68f1075d310acd7b5f1c559a","America's Funniest Home Videos","",""
Pelicula sin personajes,"68f1075d310acd7b5f1c559b","America's Heart & Soul","",""
Pelicula sin personajes,"68f1075d310acd7b5f1c55a1","Apollo: Missions to the Moon","",""
Pelicula sin personajes,"68f1075d310acd7b5f1c55a2","Around the World in 80 Days","",""
Pelicula sin personajes,"68f1075d310acd7b5f1c55a3","Atlantis Rising","",""
Pelicula sin personajes,"68f1075d310acd7b5f1c55a6","Auntie Edna","",""
Pelicula sin personajes,"68f1075d310acd7b5f1c55ae","Be Our Chef","",""
Pelicula sin personajes,"68f1075d310acd7b5f1c55b3","Beauty and the Beast: The Enchanted Christmas","",""
Pelicula sin personajes,"68f1075d310acd7b5f1c55b7","Beezy Bear","",""
Pelicula sin personajes,"68f1075d310acd7b5f1c55bb","Big Business","",""
Pelicula sin personajes,"68f1075d310acd7b5f1c55bc","Big City Greens","",""
Pelicula sin personajes,"68f1075d310acd7b5f1c55be","Billy Dilley's Super-Duper Subterranean Summer","",""
Pelicula sin personajes,"68f1075d310acd7b5f1c55c1","Blank Check","",""
Pelicula sin personajes,"68f1075d310acd7b5f1c55c8","Brain Games","",""
Pelicula sin personajes,"68f1075d310acd7b5f1c55c9","Brave","",""
Pelicula sin personajes,"68f1075d310acd7b5f1c55ca","The Brave Little Toaster to the Rescue","",""
Pelicula sin personajes,"68f1075d310acd7b5f1c55cc","Brink!","",""
Pelicula sin personajes,"68f1075d310acd7b5f1c55ce","Brother Bear 2","",""
Pelicula sin personajes,"68f1075d310acd7b5f1c55d4","Camp Rock","",""
Pelicula sin personajes,"68f1075d310acd7b5f1c55db","Cars 3","",""
Pelicula sin personajes,"68f1075d310acd7b5f1c55dc","Tokyo Mater","",""
Pelicula sin personajes,"68f1075d310acd7b5f1c55de","Cheetah","",""
Pelicula sin personajes,"68f1075d310acd7b5f1c55e5","Cinderella 3: A Twist in Time","",""
Pelicula sin personajes,"68f1075d310acd7b5f1c55e8","Coco","",""
Pelicula sin personajes,"68f1075d310acd7b5f1c55e9","College Road Trip","",""
Pelicula sin personajes,"68f1075d310acd7b5f1c55ec","Cool Runnings","",""
Pelicula sin personajes,"68f1075d310acd7b5f1c55ee","Corn Chips","",""
Pelicula sin personajes,"68f1075d310acd7b5f1c55ef","Cow Belles","",""
Pelicula sin personajes,"68f1075d310acd7b5f1c55f5","Davy Crockett: King of the Wild Frontier","",""
Pelicula sin personajes,"68f1075d310acd7b5f1c55fc","Diana: In Her Own Words","",""
Pelicula sin personajes,"68f1075d310acd7b5f1c5604","Big Hero 6: The Series","",""
Pelicula sin personajes,"68f1075d310acd7b5f1c5605","Bizaardvark","",""
Pelicula sin personajes,"68f1075d310acd7b5f1c5609","The Evermoor Chronicles","",""
Pelicula sin personajes,"68f1075d310acd7b5f1c560b","Fancy Nancy","",""
Pelicula sin personajes,"68f1075d310acd7b5f1c5616","Legend of the Three Caballeros","",""
Pelicula sin personajes,"68f1075d310acd7b5f1c561a","Randy Cunningham: 9th Grade Ninja","",""
Pelicula sin personajes,"68f1075d310acd7b5f1c561c","Star vs. the Forces of Evil","",""
Pelicula sin personajes,"68f1075d310acd7b5f1c562b","The Emperor's New School","",""
Pelicula sin personajes,"68f1075d310acd7b5f1c5630","Born in China","",""
Pelicula sin personajes,"68f1075d310acd7b5f1c5631","Chimpanzee","",""
Pelicula sin personajes,"68f1075d310acd7b5f1c5633","Monkey Kingdom","",""
Pelicula sin personajes,"68f1075d310acd7b5f1c5636","Diving with Dolphins","",""
Pelicula sin personajes,"68f1075d310acd7b5f1c5638","Doctor Dolittle","",""
Pelicula sin personajes,"68f1075d310acd7b5f1c563e","Don't Look Under the Bed","",""
Pelicula sin personajes,"68f1075d310acd7b5f1c5648","Drain Alcatraz","",""
Pelicula sin personajes,"68f1075d310acd7b5f1c564a","Drain the Great Lakes","",""
Pelicula sin personajes,"68f1075d310acd7b5f1c564b","Drain the Ocean: WWII","",""
Pelicula sin personajes,"68f1075d310acd7b5f1c564d","Drain the Sunken Pirate City","",""
Pelicula sin personajes,"68f1075d310acd7b5f1c5650","DuckTales the Movie: Treasure of the Lost Lamp","",""
Pelicula sin personajes,"68f1075d310acd7b5f1c5653","Earth Live","",""
Pelicula sin personajes,"68f1075d310acd7b5f1c5657","Elephant","",""
Pelicula sin personajes,"68f1075d310acd7b5f1c5658","Elmer Elephant","",""
Pelicula sin personajes,"68f1075d310acd7b5f1c565a","Empire of Dreams: The Story of the 'Star Wars' Trilogy","",""
Pelicula sin personajes,"68f1075d310acd7b5f1c565c","Escape to Witch Mountain","",""
Pelicula sin personajes,"68f1075d310acd7b5f1c565f","Expedition Mars","",""
Pelicula sin personajes,"68f1075d310acd7b5f1c5668","First Kid","",""
Pelicula sin personajes,"68f1075d310acd7b5f1c5669","Fish Hooks","",""
Pelicula sin personajes,"68f1075d310acd7b5f1c566d","Flubber","",""
Pelicula sin personajes,"68f1075d310acd7b5f1c567c","G-Force","",""
Pelicula sin personajes,"68f1075d310acd7b5f1c567d","Gargoyles","",""
Pelicula sin personajes,"68f1075d310acd7b5f1c5681","George of the Jungle 2","",""
Pelicula sin personajes,"68f1075d310acd7b5f1c5682","Geri's Game","",""
Pelicula sin personajes,"68f1075d310acd7b5f1c5687","Going to the Mat","",""
Pelicula sin personajes,"68f1075d310acd7b5f1c568a","Goof Troop","",""
Pelicula sin personajes,"68f1075d310acd7b5f1c568d","The Grasshopper and the Ants","",""
Pelicula sin personajes,"68f1075d310acd7b5f1c568f","Greyfriars Bobby: The True Story of a Dog","",""
Pelicula sin personajes,"68f1075d310acd7b5f1c5693","Halloweentown High","",""
Pelicula sin personajes,"68f1075d310acd7b5f1c5699","Hatching Pete","",""
Pelicula sin personajes,"68f1075d310acd7b5f1c569a","Hawaiian Holiday","",""
Pelicula sin personajes,"68f1075d310acd7b5f1c569c","Henry Hugglemonster","",""
Pelicula sin personajes,"68f1075d310acd7b5f1c569f","Herbie Rides Again","",""
Pelicula sin personajes,"68f1075d310acd7b5f1c56a2","High School Musical","",""
Pelicula sin personajes,"68f1075d310acd7b5f1c56a7","Hocus Pocus","",""
Pelicula sin personajes,"68f1075d310acd7b5f1c56a8","Holes","",""
Pelicula sin personajes,"68f1075d310acd7b5f1c56a9","Home Alone 3","",""
Pelicula sin personajes,"68f1075d310acd7b5f1c56ac","Homeward Bound: The Incredible Journey","",""
Pelicula sin personajes,"68f1075d310acd7b5f1c56b9","Hulk and the Agents of S.M.A.S.H.","",""
Pelicula sin personajes,"68f1075d310acd7b5f1c56be","Imagination Movers","",""
Pelicula sin personajes,"68f1075d310acd7b5f1c56c6","Invisible Sister","",""
Pelicula sin personajes,"68f1075d310acd7b5f1c56ca","Jack","",""
Pelicula sin personajes,"68f1075d310acd7b5f1c56ce","Jessie","",""
Pelicula sin personajes,"68f1075d310acd7b5f1c56cf","John Carter","",""
Pelicula sin personajes,"68f1075d310acd7b5f1c56d0","Johnny Kapahala: Back on Board","",""
Pelicula sin personajes,"68f1075d310acd7b5f1c56de","Kingdom of the Blue Whale","",""
Pelicula sin personajes,"68f1075d310acd7b5f1c56e6","Lady and the Tramp 2: Scamp's Adventure","",""
Pelicula sin personajes,"68f1075d310acd7b5f1c56e9","Lego Frozen Northern Lights","",""
Pelicula sin personajes,"68f1075d310acd7b5f1c56f1","Lego Star Wars: The Yoda Chronicles","",""
Pelicula sin personajes,"68f1075d310acd7b5f1c56f2","Lemonade Mouth","",""
Pelicula sin personajes,"68f1075d310acd7b5f1c56f8","Life Is Ruff","",""
Pelicula sin personajes,"68f1075d310acd7b5f1c56f9","Life with Mikey","",""
Pelicula sin personajes,"68f1075d310acd7b5f1c56fd","Lilo & Stitch: The Series","",""
Pelicula sin personajes,"68f1075d310acd7b5f1c56fe","Lilo & Stitch 2: Stitch Has a Glitch","",""
Pelicula sin personajes,"68f1075d310acd7b5f1c56ff","Lizzie McGuire","",""
Pelicula sin personajes,"68f1075d310acd7b5f1c5700","Lonesome Ghosts","",""
Pelicula sin personajes,"68f1075d310acd7b5f1c5704","Lou","",""
Pelicula sin personajes,"68f1075d310acd7b5f1c570b","Marvel 75 Years: From Pulp to Pop!","",""
Pelicula sin personajes,"68f1075d310acd7b5f1c570d","The Incredible Hulk","",""
Pelicula sin personajes,"68f1075d310acd7b5f1c5711","Marvel Rising: Heart of Iron","",""
Pelicula sin personajes,"68f1075d310acd7b5f1c571b","Captain America: Civil War","",""
Pelicula sin personajes,"68f1075d310acd7b5f1c571c","Captain America: The First Avenger","",""
Pelicula sin personajes,"68f1075d310acd7b5f1c5720","Guardians of the Galaxy","",""
Pelicula sin personajes,"68f1075d310acd7b5f1c5721","Guardians of the Galaxy Vol. 2","",""
Pelicula sin personajes,"68f1075d310acd7b5f1c572a","Ultimate Spider-Man","",""
Pelicula sin personajes,"68f1075d310acd7b5f1c572c","Ant-Man","",""
Pelicula sin personajes,"68f1075d310acd7b5f1c572e","Marvel Future Avengers","",""
Pelicula sin personajes,"68f1075d310acd7b5f1c572f","Guardians of the Galaxy","",""
Pelicula sin personajes,"68f1075d310acd7b5f1c5731","Inhumans","",""
Pelicula sin personajes,"68f1075d310acd7b5f1c5735","Spider-Man","",""
Pelicula sin personajes,"68f1075d310acd7b5f1c5736","Mary Poppins","",""
Pelicula sin personajes,"68f1075d310acd7b5f1c573d","Mickey Mouse Mixed-Up Adventures","",""
Pelicula sin personajes,"68f1075d310acd7b5f1c5741","Mickey's Once Upon a Christmas","",""
Pelicula sin personajes,"68f1075d310acd7b5f1c5747","Mission Force One","",""
Pelicula sin personajes,"68f1075d310acd7b5f1c5748","Millions","",""
Pelicula sin personajes,"68f1075d310acd7b5f1c574a","Miracle","",""
Pelicula sin personajes,"68f1075d310acd7b5f1c5758","Mulan II","",""
Pelicula sin personajes,"68f1075d310acd7b5f1c575b","Muppet Treasure Island","",""
Pelicula sin personajes,"68f1075d310acd7b5f1c575c","Muppets Most Wanted","",""
Pelicula sin personajes,"68f1075d310acd7b5f1c575e","My Friends Tigger & Pooh","",""
Pelicula sin personajes,"68f1075d310acd7b5f1c5760","National Treasure: Book of Secrets","",""
Pelicula sin personajes,"68f1075d310acd7b5f1c576b","Once Upon a Mattress","",""
Pelicula sin personajes,"68f1075d310acd7b5f1c576c","One Day at Disney","",""
Pelicula sin personajes,"68f1075d310acd7b5f1c5774","Out of Scale","",""
Pelicula sin personajes,"68f1075d310acd7b5f1c5775","Out of the Box","",""
Pelicula sin personajes,"68f1075d310acd7b5f1c5777","Paris to Pittsburgh","",""
Pelicula sin personajes,"68f1075d310acd7b5f1c577a","Penguins: Life on the Edge","",""
Pelicula sin personajes,"68f1075d310acd7b5f1c577b","Perri","",""
Pelicula sin personajes,"68f1075d310acd7b5f1c5782","Phineas and Ferb","",""
Pelicula sin personajes,"68f1075d310acd7b5f1c5788","Pirates of the Caribbean: At World's End","",""
Pelicula sin personajes,"68f1075d310acd7b5f1c5791","Pluto's Purchase","",""
Pelicula sin personajes,"68f1075d310acd7b5f1c579a","Prom","",""
Pelicula sin personajes,"68f1075d310acd7b5f1c579d","Purl","",""
Pelicula sin personajes,"68f1075d310acd7b5f1c579e","Quack Pack","",""
Pelicula sin personajes,"68f1075d310acd7b5f1c579f","Queen of Katwe","",""
Pelicula sin personajes,"68f1075d310acd7b5f1c57a5","Recess: School's Out","",""
Pelicula sin personajes,"68f1075d310acd7b5f1c57a8","Red's Dream","",""
Pelicula sin personajes,"68f1075d310acd7b5f1c57b2","Rogue One: A Star Wars Story","",""
Pelicula sin personajes,"68f1075d310acd7b5f1c57be","Sea of Hope: America's Underwater Treasures","",""
Pelicula sin personajes,"68f1075d310acd7b5f1c57c0","Secret of the Wings","",""
Pelicula sin personajes,"68f1075d310acd7b5f1c57c5","Secrets of the Zoo","",""
Pelicula sin personajes,"68f1075d310acd7b5f1c57c6","Shake It Up","",""
Pelicula sin personajes,"68f1075d310acd7b5f1c57ce","Sister Act","",""
Pelicula sin personajes,"68f1075d310acd7b5f1c57d4","Smash and Grab","",""
Pelicula sin personajes,"68f1075d310acd7b5f1c57e0","Spider-Woman","",""
Pelicula sin personajes,"68f1075d310acd7b5f1c57e1","Splash","",""
Pelicula sin personajes,"68f1075d310acd7b5f1c57f3","Stepsister from Planet Weird","",""
Pelicula sin personajes,"68f1075d310acd7b5f1c57f6","Stuck in the Suburbs","",""
Pelicula sin personajes,"68f1075d310acd7b5f1c57fb","Swiss Family Robinson","",""
Pelicula sin personajes,"68f1075d310acd7b5f1c57fc","TaleSpin","",""
Pelicula sin personajes,"68f1075d310acd7b5f1c57ff","Tangled: Before Ever After","",""
Pelicula sin personajes,"68f1075d310acd7b5f1c5800","Tangled: The Series","",""
Pelicula sin personajes,"68f1075d310acd7b5f1c5804","Teen Beach 2","",""
Pelicula sin personajes,"68f1075d310acd7b5f1c5805","Teen Beach Movie","",""
Pelicula sin personajes,"68f1075d310acd7b5f1c580b","The Adventures of Bullwhip Griffin","",""
Pelicula sin personajes,"68f1075d310acd7b5f1c580f","The African Lion","",""
Pelicula sin personajes,"68f1075d310acd7b5f1c5819","The Big Bad Wolf","",""
Pelicula sin personajes,"68f1075d310acd7b5f1c5702","Lost Cities with Albert Lin","",""
Pelicula sin personajes,"68f1075d310acd7b5f1c5705","The Luck of the Irish","",""
Pelicula sin personajes,"68f1075d310acd7b5f1c570a","MARS: Inside SpaceX","",""
Pelicula sin personajes,"68f1075d310acd7b5f1c570e","X-Men: The Animated Series","",""
Pelicula sin personajes,"68f1075d310acd7b5f1c5715","Marvel Rising: Secret Warriors","",""
Pelicula sin personajes,"68f1075d310acd7b5f1c5717","Ant-Man","",""
Pelicula sin personajes,"68f1075d310acd7b5f1c571a","Black Panther","",""
Pelicula sin personajes,"68f1075d310acd7b5f1c571e","Captain Marvel","",""
Pelicula sin personajes,"68f1075d310acd7b5f1c571f","Doctor Strange","",""
Pelicula sin personajes,"68f1075d310acd7b5f1c5722","Iron Man","",""
Pelicula sin personajes,"68f1075d310acd7b5f1c572b","Agent Carter","",""
Pelicula sin personajes,"68f1075d310acd7b5f1c5732","Iron Man & Hulk: Heroes United","",""
Pelicula sin personajes,"68f1075d310acd7b5f1c5742","Mickey's Rival","",""
Pelicula sin personajes,"68f1075d310acd7b5f1c5743","Mickey's Trailer","",""
Pelicula sin personajes,"68f1075d310acd7b5f1c5744","Mickey's Twice Upon a Christmas","",""
Pelicula sin personajes,"68f1075d310acd7b5f1c5745","Mighty Joe Young","",""
Pelicula sin personajes,"68f1075d310acd7b5f1c5746","Mike's New Car","",""
Pelicula sin personajes,"68f1075d310acd7b5f1c5754","Motocrossed","",""
Pelicula sin personajes,"68f1075d310acd7b5f1c5755","Mr. Duck Steps Out","",""
Pelicula sin personajes,"68f1075d310acd7b5f1c5759","Muppet Babies","",""
Pelicula sin personajes,"68f1075d310acd7b5f1c575f","National Treasure","",""
Pelicula sin personajes,"68f1075d310acd7b5f1c5761","Nature's Half Acre","",""
Pelicula sin personajes,"68f1075d310acd7b5f1c576f","One Man Band","",""
Pelicula sin personajes,"68f1075d310acd7b5f1c5778","Partly Cloudy","",""
Pelicula sin personajes,"68f1075d310acd7b5f1c577f","Peter Pan 2: Return to Never Land","",""
Pelicula sin personajes,"68f1075d310acd7b5f1c5781","Phil of the Future","",""
Pelicula sin personajes,"68f1075d310acd7b5f1c5785","Piglet's Big Movie","",""
Pelicula sin personajes,"68f1075d310acd7b5f1c578a","Pirates of the Caribbean: On Stranger Tides","",""
Pelicula sin personajes,"68f1075d310acd7b5f1c578c","Pixar in Real Life","",""
Pelicula sin personajes,"68f1075d310acd7b5f1c578d","Pixel Perfect","",""
Pelicula sin personajes,"68f1075d310acd7b5f1c5794","Pollyanna","",""
Pelicula sin personajes,"68f1075d310acd7b5f1c5798","Primal Survivor","",""
Pelicula sin personajes,"68f1075d310acd7b5f1c57a1","Ratatouille","",""
Pelicula sin personajes,"68f1075d310acd7b5f1c57a6","Recess: Taking the Fifth Grade","",""
Pelicula sin personajes,"68f1075d310acd7b5f1c57a7","Red Tails","",""
Pelicula sin personajes,"68f1075d310acd7b5f1c57ab","Return to Halloweentown","",""
Pelicula sin personajes,"68f1075d310acd7b5f1c57b7","Sacred Planet","",""
Pelicula sin personajes,"68f1075d310acd7b5f1c57bf","Sea Scouts","",""
Pelicula sin personajes,"68f1075d310acd7b5f1c57c4","Secrets of the King Cobra","",""
Pelicula sin personajes,"68f1075d310acd7b5f1c57c8","Sharpay's Fabulous Adventure","",""
Pelicula sin personajes,"68f1075d310acd7b5f1c57ca","Shipwrecked","",""
Pelicula sin personajes,"68f1075d310acd7b5f1c57d5","Snow Dogs","",""
Pelicula sin personajes,"68f1075d310acd7b5f1c57d7","Snowball Express","",""
Pelicula sin personajes,"68f1075d310acd7b5f1c57dc","Soy Luna","",""
Pelicula sin personajes,"68f1075d310acd7b5f1c57de","Spider-Man and His Amazing Friends","",""
Pelicula sin personajes,"68f1075d310acd7b5f1c57e5","Star Wars: Episode IV - A New Hope","",""
Pelicula sin personajes,"68f1075d310acd7b5f1c57e6","Star Wars: Episode II - Attack of the Clones","",""
Pelicula sin personajes,"68f1075d310acd7b5f1c57eb","Star Wars: The Clone Wars","",""
Pelicula sin personajes,"68f1075d310acd7b5f1c57ee","Star Wars: Episode VIII - The Last Jedi","",""
Pelicula sin personajes,"68f1075d310acd7b5f1c57f8","Super Rhino","",""
Pelicula sin personajes,"68f1075d310acd7b5f1c5801","Tarzan & Jane","",""
Pelicula sin personajes,"68f1075d310acd7b5f1c5803","Teacher's Pet","",""
Pelicula sin personajes,"68f1075d310acd7b5f1c5807","That Darn Cat","",""
Pelicula sin personajes,"68f1075d310acd7b5f1c5808","That Darn Cat!","",""
Pelicula sin personajes,"68f1075d310acd7b5f1c5809","That's So Raven","",""
Pelicula sin personajes,"68f1075d310acd7b5f1c580c","The Adventures of Huck Finn","",""
Pelicula sin personajes,"68f1075d310acd7b5f1c5810","The Apple Dumpling Gang","",""
Pelicula sin personajes,"68f1075d310acd7b5f1c5814","The Avengers: Earth's Mightiest Heroes","",""
Pelicula sin personajes,"68f1075d310acd7b5f1c5817","The Bears and I","",""
Pelicula sin personajes,"68f1075d310acd7b5f1c581a","The Biscuit Eater","",""
Pelicula sin personajes,"68f1075d310acd7b5f1c581c","The Black Hole","",""
Pelicula sin personajes,"68f1075d310acd7b5f1c581f","The Boy Who Talked to Badgers","",""
Pelicula sin personajes,"68f1075d310acd7b5f1c5821","The Castaway Cowboy","",""
Pelicula sin personajes,"68f1075d310acd7b5f1c5823","The Cheetah Girls","",""
Pelicula sin personajes,"68f1075d310acd7b5f1c5826","The Christmas Star","",""
Pelicula sin personajes,"68f1075d310acd7b5f1c582b","The Country Bears","",""
Pelicula sin personajes,"68f1075d310acd7b5f1c582d","The Even Stevens Movie","",""
Pelicula sin personajes,"68f1075d310acd7b5f1c5831","The Fox and the Hound 2","",""
Pelicula sin personajes,"68f1075d310acd7b5f1c5832","The Game Plan","",""
Pelicula sin personajes,"68f1075d310acd7b5f1c5833","The Ghosts of Buxley Hall","",""
Pelicula sin personajes,"68f1075d310acd7b5f1c583b","The Hockey Champ","",""
Pelicula sin personajes,"68f1075d310acd7b5f1c583f","The Incredible Dr. Pol","",""
Pelicula sin personajes,"68f1075d310acd7b5f1c5840","The Incredible Journey","",""
Pelicula sin personajes,"68f1075d310acd7b5f1c5849","The Lion King 3: Hakuna Matata","",""
Pelicula sin personajes,"68f1075d310acd7b5f1c5856","The Million Dollar Duck","",""
Pelicula sin personajes,"68f1075d310acd7b5f1c5860","The Olympic Champ","",""
Pelicula sin personajes,"68f1075d310acd7b5f1c5861","The Olympic Elk","",""
Pelicula sin personajes,"68f1075d310acd7b5f1c5867","The Prince and the Pauper","",""
Pelicula sin personajes,"68f1075d310acd7b5f1c586e","The Proud Family Movie","",""
Pelicula sin personajes,"68f1075d310acd7b5f1c586f","The Reluctant Dragon","",""
Pelicula sin personajes,"68f1075d310acd7b5f1c5820","The Brave Little Toaster Goes to Mars","",""
Pelicula sin personajes,"68f1075d310acd7b5f1c582e","The Finest Hours","",""
Pelicula sin personajes,"68f1075d310acd7b5f1c582f","The Flood","",""
Pelicula sin personajes,"68f1075d310acd7b5f1c5836","The Good Dinosaur","",""
Pelicula sin personajes,"68f1075d310acd7b5f1c5839","The Greatest Game Ever Played","",""
Pelicula sin personajes,"68f1075d310acd7b5f1c5841","The Incredibles","",""
Pelicula sin personajes,"68f1075d310acd7b5f1c5842","The Journey of Natty Gann","",""
Pelicula sin personajes,"68f1075d310acd7b5f1c5844","The Jungle Book 2","",""
Pelicula sin personajes,"68f1075d310acd7b5f1c584f","The Living Desert","",""
Pelicula sin personajes,"68f1075d310acd7b5f1c5850","Lizzie McGuire","",""
Pelicula sin personajes,"68f1075d310acd7b5f1c5853","The Love Bug","",""
Pelicula sin personajes,"68f1075d310acd7b5f1c5854","The Mandalorian","",""
Pelicula sin personajes,"68f1075d310acd7b5f1c585a","The Muppets","",""
Pelicula sin personajes,"68f1075d310acd7b5f1c585b","The Muppets.","",""
Pelicula sin personajes,"68f1075d310acd7b5f1c585c","The New Adventures of Winnie the Pooh","",""
Pelicula sin personajes,"68f1075d310acd7b5f1c585f","The Old Mill","",""
Pelicula sin personajes,"68f1075d310acd7b5f1c5865","The Pied Piper","",""
Pelicula sin personajes,"68f1075d310acd7b5f1c5866","The Poof Point","",""
Pelicula sin personajes,"68f1075d310acd7b5f1c5868","The Prince and the Pauper","",""
Pelicula sin personajes,"68f1075d310acd7b5f1c586b","The Princess Diaries","",""
Pelicula sin personajes,"68f1075d310acd7b5f1c586c","The Princess Diaries 2: Royal Engagement","",""
Pelicula sin personajes,"68f1075d310acd7b5f1c586d","The Proud Family","",""
Pelicula sin personajes,"68f1075d310acd7b5f1c5703","Lost Treasures of the Maya","",""
Pelicula sin personajes,"68f1075d310acd7b5f1c5706","Playdate with Destiny","",""
Pelicula sin personajes,"68f1075d310acd7b5f1c5709","Mars Needs Moms","",""
Pelicula sin personajes,"68f1075d310acd7b5f1c570c","Spider-Man: The Animated Series","",""
Pelicula sin personajes,"68f1075d310acd7b5f1c570f","Marvel Rising: Battle of the Bands","",""
Pelicula sin personajes,"68f1075d310acd7b5f1c5714","Marvel Rising: Playing with Fire","",""
Pelicula sin personajes,"68f1075d310acd7b5f1c5716","Marvel Studios: Assembling a Universe","",""
Pelicula sin personajes,"68f1075d310acd7b5f1c571d","Captain America: The Winter Soldier","",""
Pelicula sin personajes,"68f1075d310acd7b5f1c5723","Iron Man 2","",""
Pelicula sin personajes,"68f1075d310acd7b5f1c5725","The Avengers","",""
Pelicula sin personajes,"68f1075d310acd7b5f1c5726","Thor","",""
Pelicula sin personajes,"68f1075d310acd7b5f1c5730","Marvel's Hero Project","",""
Pelicula sin personajes,"68f1075d310acd7b5f1c573b","Mickey Mouse","",""
Pelicula sin personajes,"68f1075d310acd7b5f1c573e","Mickey, Donald, Goofy: The Three Musketeers","",""
Pelicula sin personajes,"68f1075d310acd7b5f1c573f","Mickey's Birthday Party","",""
Pelicula sin personajes,"68f1075d310acd7b5f1c574b","Miracle at Midnight","",""
Pelicula sin personajes,"68f1075d310acd7b5f1c574c","Miracle in Lane 2","",""
Pelicula sin personajes,"68f1075d310acd7b5f1c574e","Miracle on 34th Street","",""
Pelicula sin personajes,"68f1075d310acd7b5f1c5751","Mom's Got a Date with a Vampire","",""
Pelicula sin personajes,"68f1075d310acd7b5f1c5753","Monsters, Inc.","",""
Pelicula sin personajes,"68f1075d310acd7b5f1c5756","Mr. Mouse Takes a Trip","",""
Pelicula sin personajes,"68f1075d310acd7b5f1c5763","Disney's Newsies: The Broadway Musical!","",""
Pelicula sin personajes,"68f1075d310acd7b5f1c5765","Now You See It...","",""
Pelicula sin personajes,"68f1075d310acd7b5f1c5766","Olaf's Frozen Adventure","",""
Pelicula sin personajes,"68f1075d310acd7b5f1c5767","Old Dogs","",""
Pelicula sin personajes,"68f1075d310acd7b5f1c576e","One Magic Christmas","",""
Pelicula sin personajes,"68f1075d310acd7b5f1c5771","Onward","",""
Pelicula sin personajes,"68f1075d310acd7b5f1c5773","Origins: The Journey of Humankind","",""
Pelicula sin personajes,"68f1075d310acd7b5f1c5776","Out There with Jack Randall","",""
Pelicula sin personajes,"68f1075d310acd7b5f1c577c","Pete's Dragon","",""
Pelicula sin personajes,"68f1075d310acd7b5f1c577d","Pete's Dragon","",""
Pelicula sin personajes,"68f1075d310acd7b5f1c5784","Pick of the Litter","",""
Pelicula sin personajes,"68f1075d310acd7b5f1c5787","Piper","",""
Pelicula sin personajes,"68f1075d310acd7b5f1c578b","Pirates of the Caribbean: The Curse of the Black Pearl","",""
Pelicula sin personajes,"68f1075d310acd7b5f1c578f","Pluto's Christmas Tree","",""
Pelicula sin personajes,"68f1075d310acd7b5f1c5790","Pluto's Party","",""
Pelicula sin personajes,"68f1075d310acd7b5f1c5793","Pocahontas II: Journey to a New World","",""
Pelicula sin personajes,"68f1075d310acd7b5f1c579b","Prowlers of the Everglades","",""
Pelicula sin personajes,"68f1075d310acd7b5f1c579c","Puppy Dog Pals","",""
Pelicula sin personajes,"68f1075d310acd7b5f1c57a2","Read It and Weep","",""
Pelicula sin personajes,"68f1075d310acd7b5f1c57a3","Ready to Run","",""
Pelicula sin personajes,"68f1075d310acd7b5f1c57a4","Recess: All Growed Down","",""
Pelicula sin personajes,"68f1075d310acd7b5f1c57a9","Remember the Titans","",""
Pelicula sin personajes,"68f1075d310acd7b5f1c57aa","Return from Witch Mountain","",""
Pelicula sin personajes,"68f1075d310acd7b5f1c57ac","Return to Oz","",""
Pelicula sin personajes,"68f1075d310acd7b5f1c57b1","Rocky Mountain Animal Rescue","",""
Pelicula sin personajes,"68f1075d310acd7b5f1c57b3","Rookie of the Year","",""
Pelicula sin personajes,"68f1075d310acd7b5f1c57b5","Ruby Bridges","",""
Pelicula sin personajes,"68f1075d310acd7b5f1c57b6","Running Wild with Bear Grylls","",""
Pelicula sin personajes,"68f1075d310acd7b5f1c57b9","Sanjay's Super Team","",""
Pelicula sin personajes,"68f1075d310acd7b5f1c57ba","Santa Paws 2: The Santa Pups","",""
Pelicula sin personajes,"68f1075d310acd7b5f1c57bb","Santa's Workshop","",""
Pelicula sin personajes,"68f1075d310acd7b5f1c57c3","Secrets of Life","",""
Pelicula sin personajes,"68f1075d310acd7b5f1c57c7","Sharks of Lost Island","",""
Pelicula sin personajes,"68f1075d310acd7b5f1c57c9","Sheriff Callie's Wild West","",""
Pelicula sin personajes,"68f1075d310acd7b5f1c57cb","Shop Class","",""
Pelicula sin personajes,"68f1075d310acd7b5f1c57cc","Silver Surfer","",""
Pelicula sin personajes,"68f1075d310acd7b5f1c57cf","Sister Act 2: Back in the Habit","",""
Pelicula sin personajes,"68f1075d310acd7b5f1c57d2","Smart Guy","",""
Pelicula sin personajes,"68f1075d310acd7b5f1c57d9","So Weird","",""
Pelicula sin personajes,"68f1075d310acd7b5f1c57da","Society Dog Show","",""
Pelicula sin personajes,"68f1075d310acd7b5f1c5707","Magician Mickey","",""
Pelicula sin personajes,"68f1075d310acd7b5f1c5708","Man Among Cheetahs","",""
Pelicula sin personajes,"68f1075d310acd7b5f1c5710","Marvel Rising: Chasing Ghosts","",""
Pelicula sin personajes,"68f1075d310acd7b5f1c5712","Marvel Rising: Initiation","",""
Pelicula sin personajes,"68f1075d310acd7b5f1c5713","Marvel Rising: Operation Shuri","",""
Pelicula sin personajes,"68f1075d310acd7b5f1c5718","Avengers: Age of Ultron","",""
Pelicula sin personajes,"68f1075d310acd7b5f1c5719","Avengers: Endgame","",""
Pelicula sin personajes,"68f1075d310acd7b5f1c5724","Iron Man 3","",""
Pelicula sin personajes,"68f1075d310acd7b5f1c5727","Thor: Ragnarok","",""
Pelicula sin personajes,"68f1075d310acd7b5f1c5728","Thor: The Dark World","",""
Pelicula sin personajes,"68f1075d310acd7b5f1c5729","Marvel Super Hero Adventures","",""
Pelicula sin personajes,"68f1075d310acd7b5f1c572d","Avengers Assemble","",""
Pelicula sin personajes,"68f1075d310acd7b5f1c5733","Rocket & Groot","",""
Pelicula sin personajes,"68f1075d310acd7b5f1c5734","Runaways","",""
Pelicula sin personajes,"68f1075d310acd7b5f1c5737","Mater and the Ghostlight","",""
Pelicula sin personajes,"68f1075d310acd7b5f1c5738","Meet the Deedles","",""
Pelicula sin personajes,"68f1075d310acd7b5f1c573c","The Mickey Mouse Club","",""
Pelicula sin personajes,"68f1075d310acd7b5f1c5740","Mickey's Christmas Carol","",""
Pelicula sin personajes,"68f1075d310acd7b5f1c5749","Minutemen","",""
Pelicula sin personajes,"68f1075d310acd7b5f1c574d","Miracle Landing on the Hudson","",""
Pelicula sin personajes,"68f1075d310acd7b5f1c574f","Mission to the Sun","",""
Pelicula sin personajes,"68f1075d310acd7b5f1c5752","Monsters University","",""
Pelicula sin personajes,"68f1075d310acd7b5f1c575a","Muppet Moments","",""
Pelicula sin personajes,"68f1075d310acd7b5f1c575d","My Favorite Martian","",""
Pelicula sin personajes,"68f1075d310acd7b5f1c5762","Newsies","",""
Pelicula sin personajes,"68f1075d310acd7b5f1c5764","Noelle","",""
Pelicula sin personajes,"68f1075d310acd7b5f1c5768","Old Yeller","",""
Pelicula sin personajes,"68f1075d310acd7b5f1c576a","On Ice","",""
Pelicula sin personajes,"68f1075d310acd7b5f1c5770","One Strange Rock","",""
Pelicula sin personajes,"68f1075d310acd7b5f1c5772","Operation Dumbo Drop","",""
Pelicula sin personajes,"68f1075d310acd7b5f1c5779","Party Central","",""
Pelicula sin personajes,"68f1075d310acd7b5f1c5780","Phantom of the Megaplex","",""
Pelicula sin personajes,"68f1075d310acd7b5f1c5783","Phineas and Ferb the Movie: Across the 2nd Dimension","",""
Pelicula sin personajes,"68f1075d310acd7b5f1c5789","Pirates of the Caribbean: Dead Man's Chest","",""
Pelicula sin personajes,"68f1075d310acd7b5f1c578e","PJ Masks","",""
Pelicula sin personajes,"68f1075d310acd7b5f1c5795","Pooh's Grand Adventure: The Search for Christopher Robin","",""
Pelicula sin personajes,"68f1075d310acd7b5f1c5796","Pooh's Heffalump Movie","",""
Pelicula sin personajes,"68f1075d310acd7b5f1c5797","Presto","",""
Pelicula sin personajes,"68f1075d310acd7b5f1c5799","Princess Protection Program","",""
Pelicula sin personajes,"68f1075d310acd7b5f1c57a0","Quints","",""
Pelicula sin personajes,"68f1075d310acd7b5f1c57ad","Richie Rich's Christmas Wish","",""
Pelicula sin personajes,"68f1075d310acd7b5f1c57ae","Right on Track","",""
Pelicula sin personajes,"68f1075d310acd7b5f1c57af","Rip Girls","",""
Pelicula sin personajes,"68f1075d310acd7b5f1c57b4","Roving Mars","",""
Pelicula sin personajes,"68f1075d310acd7b5f1c57bc","Saving Mr. Banks","",""
Pelicula sin personajes,"68f1075d310acd7b5f1c57bd","Science Fair","",""
Pelicula sin personajes,"68f1075d310acd7b5f1c57c1","Secretariat","",""
Pelicula sin personajes,"68f1075d310acd7b5f1c57c2","The Secret of Christ's Tomb","",""
Pelicula sin personajes,"68f1075d310acd7b5f1c57cd","The Simpsons Movie","",""
Pelicula sin personajes,"68f1075d310acd7b5f1c57d0","Skyrunners","",""
Pelicula sin personajes,"68f1075d310acd7b5f1c57d3","Smart House","",""
Pelicula sin personajes,"68f1075d310acd7b5f1c57d8","Snowglobe","",""
Pelicula sin personajes,"68f1075d310acd7b5f1c57dd","Spider-Man","",""
Pelicula sin personajes,"68f1075d310acd7b5f1c57df","Spider-Man Unlimited","",""
Pelicula sin personajes,"68f1075d310acd7b5f1c57e3","Star Wars Rebels","",""
Pelicula sin personajes,"68f1075d310acd7b5f1c57e4","Star Wars Resistance","",""
Pelicula sin personajes,"68f1075d310acd7b5f1c57ec","Star Wars: Episode V - The Empire Strikes Back","",""
Pelicula sin personajes,"68f1075d310acd7b5f1c57ed","Star Wars: Episode VII - The Force Awakens","",""
Pelicula sin personajes,"68f1075d310acd7b5f1c57ef","Star Wars: Episode I - The Phantom Menace","",""
Pelicula sin personajes,"68f1075d310acd7b5f1c57f0","Stargirl","",""
Pelicula sin personajes,"68f1075d310acd7b5f1c57f4","Stitch! The Movie","",""
Pelicula sin personajes,"68f1075d310acd7b5f1c57f5","Stonehenge: Decoded","",""
Pelicula sin personajes,"68f1075d310acd7b5f1c57f9","Supercar Superbuild","",""
Pelicula sin personajes,"68f1075d310acd7b5f1c57fa","Swiss Family Robinson","",""
Pelicula sin personajes,"68f1075d310acd7b5f1c5802","Teacher's Pet","",""
Pelicula sin personajes,"68f1075d310acd7b5f1c580a","The Absent Minded Professor","",""
Pelicula sin personajes,"68f1075d310acd7b5f1c580e","The Adventures of Spin and Marty","",""
Pelicula sin personajes,"68f1075d310acd7b5f1c5813","The Art of Skiing","",""
Pelicula sin personajes,"68f1075d310acd7b5f1c5816","The Band Concert","",""
Pelicula sin personajes,"68f1075d310acd7b5f1c5818","The BFG","",""
Pelicula sin personajes,"68f1075d310acd7b5f1c5827","The Chronicles of Narnia: Prince Caspian","",""
Pelicula sin personajes,"68f1075d310acd7b5f1c5828","The Chronicles of Narnia: The Lion, the Witch and the Wardrobe","",""
Pelicula sin personajes,"68f1075d310acd7b5f1c5829","The Color of Friendship","",""
Pelicula sin personajes,"68f1075d310acd7b5f1c582a","The Computer Wore Tennis Shoes","",""
Pelicula sin personajes,"68f1075d310acd7b5f1c583a","The Haunted Mansion","",""
Pelicula sin personajes,"68f1075d310acd7b5f1c583e","The Imagineering Story","",""
Pelicula sin personajes,"68f1075d310acd7b5f1c5846","The Last Song","",""
Pelicula sin personajes,"68f1075d310acd7b5f1c584d","The Little Mermaid 2: Return to the Sea","",""
Pelicula sin personajes,"68f1075d310acd7b5f1c584e","The Little Mermaid: Ariel's Beginning","",""
Pelicula sin personajes,"68f1075d310acd7b5f1c5851","The Lodge","",""
Pelicula sin personajes,"68f1075d310acd7b5f1c5852","The Lost Tomb of Alexander the Great","",""
Pelicula sin personajes,"68f1075d310acd7b5f1c5859","The Muppet Movie","",""
Pelicula sin personajes,"68f1075d310acd7b5f1c585e","The Odd Life of Timothy Green","",""
Pelicula sin personajes,"68f1075d310acd7b5f1c5862","The Other Me","",""
Pelicula sin personajes,"68f1075d310acd7b5f1c5864","The Parent Trap","",""
Pelicula sin personajes,"68f1075d310acd7b5f1c586a","The Princess Bride","",""
Pelicula sin personajes,"68f1075d310acd7b5f1c57db","Sonny with a Chance","",""
Pelicula sin personajes,"68f1075d310acd7b5f1c57e2","Star Wars: Forces of Destiny","",""
Pelicula sin personajes,"68f1075d310acd7b5f1c57e7","Star Wars Blips","",""
Pelicula sin personajes,"68f1075d310acd7b5f1c57e8","Star Wars: Episode VI - Return of the Jedi","",""
Pelicula sin personajes,"68f1075d310acd7b5f1c57e9","Star Wars: Episode III - Revenge of the Sith","",""
Pelicula sin personajes,"68f1075d310acd7b5f1c57ea","Star Wars: The Clone Wars","",""
Pelicula sin personajes,"68f1075d310acd7b5f1c57f1","StarStruck","",""
Pelicula sin personajes,"68f1075d310acd7b5f1c57f2","Steamboat Willie","",""
Pelicula sin personajes,"68f1075d310acd7b5f1c57f7","Super Buddies","",""
Pelicula sin personajes,"68f1075d310acd7b5f1c57fd","Tall Tale","",""
Pelicula sin personajes,"68f1075d310acd7b5f1c5806","Teen Spirit","",""
Pelicula sin personajes,"68f1075d310acd7b5f1c5811","The Apple Dumpling Gang Rides Again","",""
Pelicula sin personajes,"68f1075d310acd7b5f1c5815","Avengers: United They Stand","",""
Pelicula sin personajes,"68f1075d310acd7b5f1c581d","The Blue Umbrella","",""
Pelicula sin personajes,"68f1075d310acd7b5f1c581e","The Book of Pooh","",""
Pelicula sin personajes,"68f1075d310acd7b5f1c5822","The Cat from Outer Space","",""
Pelicula sin personajes,"68f1075d310acd7b5f1c5824","The Cheetah Girls 2","",""
Pelicula sin personajes,"68f1075d310acd7b5f1c5825","The Cheetah Girls: One World","",""
Pelicula sin personajes,"68f1075d310acd7b5f1c5834","The Goddess of Spring","",""
Pelicula sin personajes,"68f1075d310acd7b5f1c5835","The Golden Touch","",""
Pelicula sin personajes,"68f1075d310acd7b5f1c5838","The Great Muppet Caper","",""
Pelicula sin personajes,"68f1075d310acd7b5f1c583d","The Hunchback of Notre Dame 2: The Secret of the Bell","",""
Pelicula sin personajes,"68f1075d310acd7b5f1c5845","The Jungle Book: Mowgli's Story","",""
Pelicula sin personajes,"68f1075d310acd7b5f1c5847","The Legend of Mor'du","",""
Pelicula sin personajes,"68f1075d310acd7b5f1c584a","The Lion King 2: Simba's Pride","",""
Pelicula sin personajes,"68f1075d310acd7b5f1c5857","The Mistle-Tones","",""
Pelicula sin personajes,"68f1075d310acd7b5f1c5858","The Muppet Christmas Carol","",""
Pelicula sin personajes,"68f1075d310acd7b5f1c585d","The New Neighbor","",""
Pelicula sin personajes,"68f1075d310acd7b5f1c5863","The Parent Trap","",""
Pelicula sin personajes,"68f1075d310acd7b5f1c5874","The Rookie","",""
Pelicula sin personajes,"68f1075d310acd7b5f1c5875","The Sandlot: Heading Home","",""
Pelicula sin personajes,"68f1075d310acd7b5f1c5876","The Santa Clause","",""
Pelicula sin personajes,"68f1075d310acd7b5f1c5878","The Santa Clause 3: The Escape Clause","",""
Pelicula sin personajes,"68f1075d310acd7b5f1c5882","The Straight Story","",""
Pelicula sin personajes,"68f1075d310acd7b5f1c5886","The Suite Life on Deck","",""
Pelicula sin personajes,"68f1075d310acd7b5f1c5887","The Super Hero Squad Show","",""
Pelicula sin personajes,"68f1075d310acd7b5f1c5888","The Swap","",""
Pelicula sin personajes,"68f1075d310acd7b5f1c588e","The Tortoise and the Hare","",""
Pelicula sin personajes,"68f1075d310acd7b5f1c5891","The Ultimate Christmas Present","",""
Pelicula sin personajes,"68f1075d310acd7b5f1c5892","The Vanishing Prairie","",""
Pelicula sin personajes,"68f1075d310acd7b5f1c58a7","Titanic: 20 Years Later with James Cameron","",""
Pelicula sin personajes,"68f1075d310acd7b5f1c58ad","Toy Story 3","",""
Pelicula sin personajes,"68f1075d310acd7b5f1c58b0","Toy Story Toons: Small Fry","",""
Pelicula sin personajes,"68f1075d310acd7b5f1c58b1","Trail of the Panda","",""
Pelicula sin personajes,"68f1075d310acd7b5f1c58b3","Treasure Island","",""
Pelicula sin personajes,"68f1075d310acd7b5f1c58b7","TRON: Uprising","",""
Pelicula sin personajes,"68f1075d310acd7b5f1c58be","'Twas the Night","",""
Pelicula sin personajes,"68f1075d310acd7b5f1c58c0","Twitches Too","",""
Pelicula sin personajes,"68f1075d310acd7b5f1c58c3","Up","",""
Pelicula sin personajes,"68f1075d310acd7b5f1c58c5","Valiant","",""
Pelicula sin personajes,"68f1075d310acd7b5f1c58c6","Viking Warrior Women","",""
Pelicula sin personajes,"68f1075d310acd7b5f1c58c9","WALL·E","",""
Pelicula sin personajes,"68f1075d310acd7b5f1c58cb","Wendy Wu: Homecoming Warrior","",""
Pelicula sin personajes,"68f1075d310acd7b5f1c58cc","Whispers: An Elephant's Tale","",""
Pelicula sin personajes,"68f1075d310acd7b5f1c58d2","Winged Seduction: Birds of Paradise","",""
Pelicula sin personajes,"68f1075d310acd7b5f1c58dc","X-Men: Evolution","",""
Pelicula sin personajes,"68f1075d310acd7b5f1c58e4","Zenon: Girl of the 21st Century","",""
Pelicula sin personajes,"68f1075d310acd7b5f1c5877","The Santa Clause 2","",""
Pelicula sin personajes,"68f1075d310acd7b5f1c587b","The Shaggy D.A.","",""
Pelicula sin personajes,"68f1075d310acd7b5f1c587c","The Shaggy Dog","",""
Pelicula sin personajes,"68f1075d310acd7b5f1c588c","The Three Musketeers","",""
Pelicula sin personajes,"68f1075d310acd7b5f1c5894","The Wise Little Hen","",""
Pelicula sin personajes,"68f1075d310acd7b5f1c5895","The Wizards Return: Alex vs. Alex","",""
Pelicula sin personajes,"68f1075d310acd7b5f1c589a","Three Days","",""
Pelicula sin personajes,"68f1075d310acd7b5f1c589b","Three Little Pigs","",""
Pelicula sin personajes,"68f1075d310acd7b5f1c589c","Three Men and a Baby","",""
Pelicula sin personajes,"68f1075d310acd7b5f1c58a2","Timon & Pumbaa","",""
Pelicula sin personajes,"68f1075d310acd7b5f1c58a5","Tinker Bell and the Great Fairy Rescue","",""
Pelicula sin personajes,"68f1075d310acd7b5f1c58af","Toy Story Toons: Hawaiian Vacation","",""
Pelicula sin personajes,"68f1075d310acd7b5f1c58b2","Trailer Horn","",""
Pelicula sin personajes,"68f1075d310acd7b5f1c58b4","Treasure of Matecumbe","",""
Pelicula sin personajes,"68f1075d310acd7b5f1c58b6","TRON","",""
Pelicula sin personajes,"68f1075d310acd7b5f1c58b8","TRON: Legacy","",""
Pelicula sin personajes,"68f1075d310acd7b5f1c58ba","Tuck Everlasting","",""
Pelicula sin personajes,"68f1075d310acd7b5f1c58bd","Tutankhamen's Treasures","",""
Pelicula sin personajes,"68f1075d310acd7b5f1c58bf","Twitches","",""
Pelicula sin personajes,"68f1075d310acd7b5f1c58c1","Unidentified Flying Oddball","",""
Pelicula sin personajes,"68f1075d310acd7b5f1c58cd","White Fang","",""
Pelicula sin personajes,"68f1075d310acd7b5f1c58cf","Wicked Tuna","",""
Pelicula sin personajes,"68f1075d310acd7b5f1c58d4","Winnie the Pooh: A Very Merry Pooh Year","",""
Pelicula sin personajes,"68f1075d310acd7b5f1c58d8","Wizards of Waverly Place: The Movie","",""
Pelicula sin personajes,"68f1075d310acd7b5f1c58d9","Wolverine and the X-Men","",""
Pelicula sin personajes,"68f1075d310acd7b5f1c58de","Yellowstone Cubs","",""
Pelicula sin personajes,"68f1075d310acd7b5f1c58e0","You Wish!","",""
Pelicula sin personajes,"68f1075d310acd7b5f1c58e1","Your Friend the Rat","",""
Pelicula sin personajes,"68f1075d310acd7b5f1c58e2","Z-O-M-B-I-E-S","",""
Pelicula sin personajes,"68f1075d310acd7b5f1c58e3","Zapped","",""
Pelicula sin personajes,"68f1075d310acd7b5f1c58e5","Zenon: The Zequel","",""
Pelicula sin personajes,"68f1075d310acd7b5f1c5873","The Rocketeer","",""
Pelicula sin personajes,"68f1075d310acd7b5f1c5879","The Scream Team","",""
Pelicula sin personajes,"68f1075d310acd7b5f1c587d","The Sign of Zorro","",""
Pelicula sin personajes,"68f1075d310acd7b5f1c587e","The Simpsons","",""
Pelicula sin personajes,"68f1075d310acd7b5f1c587f","The Small One","",""
Pelicula sin personajes,"68f1075d310acd7b5f1c5880","The Sound of Music","",""
Pelicula sin personajes,"68f1075d310acd7b5f1c5883","The Strongest Man in the World","",""
Pelicula sin personajes,"68f1075d310acd7b5f1c588d","The Tigger Movie","",""
Pelicula sin personajes,"68f1075d310acd7b5f1c5890","Ugly Duckling","",""
Pelicula sin personajes,"68f1075d310acd7b5f1c5893","The Wild","",""
Pelicula sin personajes,"68f1075d310acd7b5f1c5896","The Little Mermaid Live!","",""
Pelicula sin personajes,"68f1075d310acd7b5f1c5897","The World According to Jeff Goldblum","",""
Pelicula sin personajes,"68f1075d310acd7b5f1c589d","Three Men and a Little Lady","",""
Pelicula sin personajes,"68f1075d310acd7b5f1c589e","Thumbelina","",""
Pelicula sin personajes,"68f1075d310acd7b5f1c58a0","The Nightmare Before Christmas","",""
Pelicula sin personajes,"68f1075d310acd7b5f1c58a1","Timmy Failure: Mistakes Were Made","",""
Pelicula sin personajes,"68f1075d310acd7b5f1c58a3","Tin Toy","",""
Pelicula sin personajes,"68f1075d310acd7b5f1c58a4","Tinker Bell","",""
Pelicula sin personajes,"68f1075d310acd7b5f1c58a6","Tinker Bell and the Lost Treasure","",""
Pelicula sin personajes,"68f1075d310acd7b5f1c58a9","Togo","",""
Pelicula sin personajes,"68f1075d310acd7b5f1c58aa","Tom and Huck","",""
Pelicula sin personajes,"68f1075d310acd7b5f1c58ab","Toy Story","",""
Pelicula sin personajes,"68f1075d310acd7b5f1c58b9","Tru Confessions","",""
Pelicula sin personajes,"68f1075d310acd7b5f1c58c4","Up, Up, and Away!","",""
Pelicula sin personajes,"68f1075d310acd7b5f1c58c8","Waking Sleeping Beauty","",""
Pelicula sin personajes,"68f1075d310acd7b5f1c58ca","Water Birds","",""
Pelicula sin personajes,"68f1075d310acd7b5f1c58ce","Who Framed Roger Rabbit","",""
Pelicula sin personajes,"68f1075d310acd7b5f1c58d0","Willow","",""
Pelicula sin personajes,"68f1075d310acd7b5f1c58d1","Wind","",""
Pelicula sin personajes,"68f1075d310acd7b5f1c58d5","Winnie the Pooh: Springtime with Roo","",""
Pelicula sin personajes,"68f1075d310acd7b5f1c58d6","Winter Storage","",""
Pelicula sin personajes,"68f1075d310acd7b5f1c58d7","Wizards of Waverly Place","",""
Pelicula sin personajes,"68f1075d310acd7b5f1c58dd","Year Million","",""
Pelicula sin personajes,"68f1075d310acd7b5f1c58df","You Lucky Dog","",""
Pelicula sin personajes,"68f1075d310acd7b5f1c5870","The Replacements","",""
Pelicula sin personajes,"68f1075d310acd7b5f1c587a","The Secret of the Magic Gourd","",""
Pelicula sin personajes,"68f1075d310acd7b5f1c5881","The Story of Robin Hood and His Merrie Men","",""
Pelicula sin personajes,"68f1075d310acd7b5f1c5884","The Suite Life Movie","",""
Pelicula sin personajes,"68f1075d310acd7b5f1c5885","The Suite Life of Zack & Cody","",""
Pelicula sin personajes,"68f1075d310acd7b5f1c588a","The Thirteenth Year","",""
Pelicula sin personajes,"68f1075d310acd7b5f1c588f","The Ugly Dachshund","",""
Pelicula sin personajes,"68f1075d310acd7b5f1c5898","The Young Black Stallion","",""
Pelicula sin personajes,"68f1075d310acd7b5f1c5899","Those Calloways","",""
Pelicula sin personajes,"68f1075d310acd7b5f1c589f","Tiger Cruise","",""
Pelicula sin personajes,"68f1075d310acd7b5f1c58a8","Toby Tortoise Returns","",""
Pelicula sin personajes,"68f1075d310acd7b5f1c58ac","Toy Story 2","",""
Pelicula sin personajes,"68f1075d310acd7b5f1c58ae","Toy Story 4","",""
Pelicula sin personajes,"68f1075d310acd7b5f1c58bb","Tugboat Mickey","",""
Pelicula sin personajes,"68f1075d310acd7b5f1c58bc","Turner & Hooch","",""
Pelicula sin personajes,"68f1075d310acd7b5f1c58c2","Unlikely Animal Friends","",""
Pelicula sin personajes,"68f1075d310acd7b5f1c58c7","Violetta","",""
Pelicula sin personajes,"68f1075d310acd7b5f1c58da","BarkFest","",""
Pelicula sin personajes,"68f1075d310acd7b5f1c58e6","Zenon: Z3","",""
