title,plot,rated,year_start,year_end,released_at,runtime,genre,director,writer,actors,language,country,awards,metascore,imdb_rating,imdb_votes
101 Dalmatian Street,"This series follows the lives of Delilah and Doug, descendants of Pongo and Perdita, and their 99 dalmatian pups at 101 Dalmatian Street, Camden Town.",,2018,0,25 Mar 2019,,"Animation, Comedy, Family",,,"Josh Brener, Michaela Dietz, Bert Davis, Abigail Zoe Lewis",English,"UK, USA, Canada",,,6.2,124
America's Funniest Home Videos,Viewers from around America send in home videos with comedic moments.,TV-PG,1989,0,26 Nov 1989,30 min,"Comedy, Family, Reality-TV",,,"Jess Harnell, Tom Bergeron, Bob Saget, Ernie Anderson",English,USA,4 wins & 6 nominations.,,6.2,4652
America's National Parks,Series exploring the incredible wildlife of America's most iconic national parks.,TV-G,2015,0,06 Dec 2015,,Documentary,,,,English,USA,,,7.9,73
Andi Mack,"A contemporary coming-of-age story about a girl who's trying to determine where she fits in, when her free-spirited older sister returns with a revelation that changes everything, it sends Andi on an uncharted course of self-discovery.",TV-G,2017,2019,10 Mar 2017,25 min,"Comedy, Family",,Terri Minsky,"Peyton Elizabeth Lee, Joshua Rush, Sofia Wylie, Asher Angel",English,USA,3 wins & 6 nominations.,,7.3,1723
Austin & Ally,"Following the lives of Austin, an aspiring confident musician, Ally, a quiet talented songwriter and their two friends.",TV-G,2011,2016,02 Dec 2011,30 min,"Comedy, Family, Music",,"Kevin Kopelow, Heath Seifert","Ross Lynch, Laura Marano, Raini Rodriguez, Calum Worthy",English,USA,10 wins & 14 nominations.,,5.9,8666
Be Our Chef,,,2020,0,27 Mar 2020,,,,,Angela Kinsey,,,,,,0
Best Friends Whenever,"Follows teenagers Shelby and Cyd, who when a science experiment goes wrong, become unstuck in time leaping forward and backward in time. Teenage genius Barry then helps girls master their new power.",TV-G,2015,2016,26 Jun 2015,21 min,"Comedy, Family, Sci-Fi",,"Jed Elinoff, Scott Thomas","Landry Bender, Lauren Taylor, Gus Kamp, Ricky Garcia",English,USA,3 nominations.,,5.5,1475
Big City Greens,"The adventurous life of Cricket Green, a country boy who moves with his family from their rural farm to a modern metropolis.",TV-Y7,2018,0,18 Jun 2018,22 min,"Animation, Short, Adventure, Comedy, Family",,"Shane Houghton, Chris Houghton","Chris Houghton, Marieve Herington, Bob Joles, Artemis Pebdani",English,USA,2 nominations.,,6.6,567
Billy Dilley's Super-Duper Subterranean Summer,"The show follows the adventures of Billy Dilley, a 7th grader who loves science, and his lab partners, Zeke and Marsha, who on summer vacation find themselves trapped in a strange world located in the Earth's core.",,2017,0,,,"Animation, Comedy, Family",,Aaron Springer,"Aaron Springer, Tom Kenny, Catherine Wayne, James Arnold Taylor",,USA,,,6.2,77
Bluey,"Bluey follows the adventures of a lovable and inexhaustible six-year-old Blue Heeler puppy who lives with her dad, mum and four-year-old little sister, Bingo. In every episode, Bluey uses ...",TV-Y,2018,0,09 Sep 2019,,Animation,,Joe Brumm,"David McCormack, Melanie Zanetti",English,"Australia, UK",4 wins.,,9.7,949
Bonkers,"Bonkers, an out of work cartoon, joins the Hollywood PD and helps his partners (first a doughnut munching stressbomb, then a beautiful blonde) catch cartoon criminals.",TV-Y,1993,1994,04 Sep 1993,27 min,"Animation, Action, Adventure, Comedy, Crime, Family",,,"Jim Cummings, Earl Boen, Frank Welker",English,USA,2 wins.,,6.8,1188
Boy Meets World,An adolescent with two siblings tests his various theories about life as he endures the trials of growing alongside a good friend.,TV-G,1993,2000,24 Sep 1993,23 min,"Comedy, Drama, Family",,"Michael Jacobs, April Kelly","Ben Savage, William Daniels, Betsy Randle, Will Friedle",English,USA,5 wins & 17 nominations.,,8.1,37279
Brain Games,An examination of the nature of human perception and how it can be fooled.,TV-G,2011,0,09 Oct 2011,30 min,"Documentary, Comedy, Drama, Game-Show, Reality-TV",,"Jerry Kolber, Bill Margol",Jason Silva,English,USA,Nominated for 1 Primetime Emmy. Another 2 nominations.,,8.3,2812
Bug Juice: My Adventures at Camp,"Chronicles the outdoor fun, team activities, new friendships and the experience of being away from home for a new generation of kids at the popular Camp Waziyatah in Waterford, Maine.",,2018,0,16 Jul 2018,22 min,Reality-TV,,,"Jackson Rozells, Juliet Embry, Scarlett Embry",English,USA,,,7.3,23
Chip 'n' Dale Rescue Rangers,Disney's fun-loving chipmunks are re-imagined as the leaders of a team of pint-sized crime-fighters.,TV-Y,1988,1990,04 Mar 1989,22 min,"Animation, Adventure, Comedy, Family, Mystery",,,"Peter Cullen, Tress MacNeille, Corey Burton, Jim Cummings",English,"USA, Taiwan, South Korea, China, Japan, UK",1 nomination.,,7.6,16431
Continent 7: Antarctica,"At -100 degrees F, you can burn up to 5,000 calories a day, and with winter at less than 1% humidity, your body will lose water just breathing. This is Antarctica, where close-knit ...",,2016,0,15 Nov 2016,47 min,Adventure,,,Chris Browning,English,USA,,,7.5,93
Coop and Cami Ask the World,Centers on two middle school siblings who make nearly all of their decisions crowd sourcing opinions from the millions of followers of Cooper's online channel Would You Wrather?,TV-G,2018,0,,30 min,"Adventure, Comedy, Family",,"Boyce Bugliari, Jamie McLaughlin","Dakota Lotus, Ruby Rose Turner, Olivia Sanabia, Albert Tsai",English,USA,,,5.7,267
Crash & Bernstein,"Wyatt Bernstein is a typical boy who enjoys hanging out at the local arcade with his friend Pesto. In a household full of females, Wyatt desperately wishes for a brother he could do fun guy...",,2012,2014,01 Oct 2012,30 min,"Comedy, Family",,Eric Friedman,"Cole Jensen, Tim Lagasse, Landry Bender, Oana Gregory",English,USA,,,4.8,599
Darkwing Duck,A bumbling superhero battles crime with the help of his daughter and pilot sidekick.,TV-Y7,1991,1992,06 Sep 1991,30 min,"Animation, Action, Adventure, Comedy, Family, Mystery, Sci-Fi",,,"Jim Cummings, Terence McGovern, Christine Cavanaugh",English,USA,1 win & 11 nominations.,,7.6,13689
Diary of a Future President,A young Cuban-American girl embarks on a journey to become the future president of the United States.,TV-PG,2020,0,17 Jan 2020,30 min,"Comedy, Family",,,"Tess Romero, Selenis Leyva, Charlie Bushnell, Michael Weaver",English,USA,,,5.5,333
Amphibia,"Ordinary Anne Boonchuy, 13, finds a treasure chest that sends her to Amphibia, a world full of frogs, toads, and giant insects. With help from Sprig, she must adjust to life in Amphibia and discover her first true friendship in her life.",TV-Y7,2019,0,14 Jun 2019,23 min,"Animation, Short, Adventure, Comedy, Family, Fantasy",,Matt Braly,"Brenda Song, Justin Felbinger, Bill Farmer, Amanda Leighton",English,USA,,,7.8,912
Big Hero 6: The Series,"As the new prodigy at San Fransokyo Institute of Technology, Hiro now faces daunting academic challenges and the social trials of being the little man on campus. Off campus, the stakes are ...",TV-Y7,2017,0,20 Nov 2017,21 min,"Animation, Action, Adventure, Comedy, Family, Sci-Fi",,"Nicholas Filippi, Mark McCorkle, Robert Schooley","Scott Adsit, Ryan Potter, Brooks Wheelan, Khary Payton",English,USA,Nominated for 1 Primetime Emmy. Another 1 win & 3 nominations.,,7.1,1154
Bizaardvark,Centers on best friends Paige and Frankie who express their offbeat individuality through funny music videos on their vlog channel Bizaardvark.,TV-G,2016,2019,24 Jun 2016,30 min,"Comedy, Family",,"Josh Lehrman, Kyle Stegina","Olivia Rodrigo, Madison Hu, DeVore Ledridge, Ethan Wacker",English,USA,2 wins & 7 nominations.,,3.5,1565
Descendants: Wicked World,"After the coronation, the villain kids, Mal (Dove Cameron), Evie (Sofia Carson), Jay (Booboo Stewart), and Carlos (Cameron Boyce) use their one shot at being good while the dreadful and villainous parents roam the Isle Of The Lost.",,2015,0,18 Sep 2015,2 min,"Animation, Comedy, Fantasy",,,"Dove Cameron, Sofia Carson, Sarah Jeffery, Brenna D'Amico",English,USA,1 nomination.,,6.7,707
The Evermoor Chronicles,"A young girl and her blended family move to the small cottage town of Evermoor. All is well until sinister things start to happen, magic tapestries, an enchanted typewriter. Only a few of the strange things found in the town of Evermoor.",,2014,0,17 Oct 2014,30 min,"Adventure, Family, Fantasy",,"Tim Compton, Diane Whitley","Alex Starke, Margaret Cabourn-Smith, Clive Rowe, Finney Cassidy",English,USA,1 nomination.,,6.1,396
Family Sundays,Amber Kemp Gerstel hosts a crafting show bringing families together through the wonderful world of Disney inspired DIYs.,,2019,0,12 Nov 2019,,"Family, Reality-TV",,,Amber Kemp Gerstel,English,USA,,,6.1,9
Fancy Nancy,The story of a young girl who loves to wear fancy clothes.,TV-Y,2018,0,13 Jul 2018,22 min,"Animation, Short, Adventure, Family, Musical",,"Jamie Mitchell, Krista Tucker","Malachi Barton, Rachael MacFarlane, Blake Moore, Alyson Hannigan",,"USA, Canada",2 nominations.,,5.4,193
Fast Layne,"Twelve-year-old over-achiever Layne finds her orderly life thrown into a tailspin when she discovers a sophisticated talking car named ""V.I.N."" hidden in an abandoned shed.",,2019,0,15 Feb 2019,30 min,Comedy,,Travis Braun,"Enid-Raye Adams, Sophie Pollono, Sofia Rosinsky, Brandon Rossel",English,USA,,,5.5,144
Gravity Falls,"Twin siblings Dipper and Mabel Pines spend the summer at their great-uncle's tourist trap in the enigmatic Gravity Falls, Oregon.",TV-Y7,2012,2016,15 Jun 2012,23 min,"Animation, Action, Adventure, Comedy, Family, Fantasy, Mystery, Sci-Fi",,Alex Hirsch,"Jason Ritter, Alex Hirsch, Kristen Schaal, Linda Cardellini",English,USA,Won 2 Primetime Emmys. Another 11 wins & 34 nominations.,,8.9,63771
I Didn't Do It,Centers on ultra-competitive fraternal twins Lindy and Logan Watson who navigate high school together with their best friends.,TV-G,2014,2015,,22 min,"Comedy, Drama, Family",,"Tod Himmel, Josh Silverstein","Olivia Holt, Austin North, Piper Curda, Peyton Clark",English,USA,,,6.0,2047
Insider,,,2020,0,20 Mar 2020,,Documentary,,,,English,USA,,,7.6,5
Jake and the Never Land Pirates,An animated TV show that follows a band of young pirates who spend their days competing against Captain Hook and Mr. Smee for treasure.,TV-Y,2011,2016,14 Feb 2011,15 min,"Animation, Adventure, Family, Fantasy",,Roberts Gannaway,"David Arquette, Corey Burton, Jeff Bennett, Loren Hoskins",English,USA,3 wins & 9 nominations.,,5.6,1227
Jonas,The show follows the Jonas Brothers through fun and unusual situations as they try to live ordinary lives.,,2009,2010,02 May 2009,25 min,"Comedy, Family, Music",,"Michael Curtis, Roger S.H. Schulman","Kevin Jonas, Chelsea Kane, Nicole Gale Anderson, Joe Jonas",English,USA,Nominated for 1 Primetime Emmy. Another 5 wins & 6 nominations.,,4.6,5555
Disney Junior Music Nursery Rhymes,,,2018,0,,,,,,,,,,,,0
K.C. Undercover,An outspoken and confident technology wiz and skilled black belt discovers that both her parents are spies and expect her to follow in their footsteps.,TV-Y7,2015,2018,18 Jan 2015,30 min,"Action, Comedy, Family",,Corinne Marshall,"Zendaya, Veronica Dunne, Kamil McFadden, Trinitee",English,USA,Nominated for 2 Primetime Emmys. Another 4 wins & 7 nominations.,,6.1,2979
Lab Rats: Elite Force,"When Mighty Med hospital is destroyed, bionic heroes Bree and Chase join superheroes Kaz, Oliver, and Skylar to form an Elite Force and take down those responsible for the attack.",TV-Y7,2016,2019,02 Mar 2016,30 min,"Adventure, Comedy, Family, Sci-Fi",,"Bryan Moore, Chris Peterson","William Brent, Bradley Steven Perry, Jake Short, Paris Berelc",,USA,1 win & 1 nomination.,,6.4,837
Legend of the Three Caballeros,"Donald Duck, Jóse Carioca and Panchito Pistoles find themselves inheritors of a heroic legacy, and resume their ancestors' quest with the aid of a valiant Greek goddess.",TV-G,2018,0,12 Nov 2019,,"Animation, Adventure, Comedy, Family, Fantasy",,,"Tony Anselmo, Dee Bradley Baker, Eric Bauza, Jaime Camil",English,USA,,,7.8,153
Mickey Mouse Clubhouse,"Mickey and his friends Minnie, Donald, Pluto, Daisy, Goofy, Pete, Clarabelle and more go on fun and educational adventures.",TV-Y,2006,2016,05 May 2006,30 min,"Animation, Comedy, Family, Fantasy, Musical",,Roberts Gannaway,"Tony Anselmo, Bill Farmer, Tress MacNeille, Russi Taylor",English,USA,1 win & 14 nominations.,,5.7,2253
Milo Murphy's Law,"An animated comedy adventure series that follows 13-year-old Milo Murphy, the fictional great-great-great-great grandson of the Murphy's Law namesake. Additionally, Dakota and Cavendish come from the future to prevent pistachio extinction.",TV-Y7,2016,0,03 Oct 2016,12 min,"Animation, Short, Action, Adventure, Comedy, Family, Fantasy",,"Jeff 'Swampy' Marsh, Dan Povenmire","'Weird Al' Yankovic, Sabrina Carpenter, Mekai Curtis, Dan Povenmire",English,USA,6 nominations.,,7.5,1578
Minnie's Bow-Toons,Minnie and daisy open a bow shop in which they help people and have adventures.,,2011,2016,14 Nov 2011,,Animation,,,"Tress MacNeille, Nika Futterman, Russi Taylor, Avalon Robbins",English,USA,1 win & 1 nomination.,,6.5,35
Randy Cunningham: 9th Grade Ninja,An ordinary ninth grader is chosen to become The Ninja. He is tasked with protecting the town from evil as well as balancing his school life with friends and homework.,TV-G,2012,2015,13 Aug 2012,15 min,"Animation, Short, Action, Adventure, Comedy, Family, Fantasy, Sci-Fi",,"Jed Elinoff, Scott Thomas","Ben Schwartz, Andrew Caldwell, John DiMaggio, Kevin Michael Richardson",English,"UK, USA, Ireland",1 win & 4 nominations.,,6.7,652
Raven's Home,"Though Raven Baxter is psychic, she would've never guess she'd be a single mother living in an apartment with her twins Nia and Booker Baxter and her best friend Chelsea and son Levi.",TV-G,2017,0,21 Jul 2017,22 min,"Comedy, Family",,"Jed Elinoff, Michael Poryes, Susan Sherman, Scott Thomas","Raven-Symoné, Issac Ryan Brown, Jason Maybaum, Navia Ziraili Robinson",English,USA,2 wins & 6 nominations.,,7.4,2046
Star vs. the Forces of Evil,"Star Butterfly arrives on Earth to live with the Diaz, a Mexican-American family. She continues to battle villains throughout the universe and high school, mainly to protect her extremely powerful wand, an object that still confuses her.",TV-Y7,2015,2019,,22 min,"Animation, Action, Adventure, Comedy, Drama, Family, Fantasy, Sci-Fi, Thriller",,"Daron Nefcy, David Wasson, Jordana Arkin","Eden Sher, Adam McArthur, Grey Griffin, Daron Nefcy",English,USA,5 wins & 13 nominations.,,8.0,9623
Stuck in the Middle,Teenager Harley Diaz maneuvers her way through the bustle of being a middle child in a family with six other siblings.,TV-G,2016,2018,14 Feb 2016,30 min,"Comedy, Family",,"Alison Brown, Linda Videtti Figueiredo","Jenna Ortega, Isaak Presley, Ariana Greenblatt, Kayla Maisonet",English,USA,4 wins & 4 nominations.,,5.9,1291
Sydney to the Max,"Set in the present day with flashbacks to the 1990s, the comedy revolves around outgoing middle school Sydney Reynolds who lives with her single dad Max and with her progressive grandmother Judy--three generations under one roof.",TV-G,2019,0,,22 min,"Comedy, Family",,Mark Reisman,"Ian Reed Kesler, Caroline Rhea, Ruth Righi, Christian J. Simon",English,USA,,,6.1,223
Take Two with Phineas and Ferb,Animated characters Phineas and Ferb interview live-action celebrities on their talk show.,TV-G,2010,0,03 Dec 2010,2 min,"Animation, Comedy, Family, Talk-Show",,,"Thomas Brodie-Sangster, Vincent Martella, Alyson Stoner",English,USA,,,6.5,186
The Lion Guard,"Kion, the son of Simba, leads his friends known as the Lion Guard to protect the Pride Lands.",TV-Y,2016,0,15 Jan 2016,30 min,"Animation, Action, Adventure, Comedy, Family, Fantasy, Music",,Ford Riley,"Max Charles, Joshua Rush, Diamond White, Atticus Shaffer",English,USA,10 nominations.,,6.4,1371
Vampirina,"""Vampirina"" tells the story of a young vampire girl who faces the joys and trials of being the new kid in town when her family moves from Transylvania to Pennsylvania.",TV-Y,2017,0,01 Oct 2017,25 min,"Animation, Short, Comedy, Family, Fantasy, Musical",,Chris Nee,"Isabella Crovetti, Jordan Alexa Davis, Benji Risley, ViviAnn Yee",English,"Ireland, USA",1 win & 4 nominations.,,6.8,530
Adventures of the Gummi Bears,A group of reclusive humanoid bears and a few trusted humans explore their lost heritage and prevent their enemies from exploiting it.,TV-Y,1985,1991,14 Sep 1985,30 min,"Animation, Family, Fantasy",,,"June Foray, Noelle North, Lorenzo Music, Katie Leigh",English,USA,5 nominations.,,7.5,8913
Disney's Doug,"Disney's Doug follows 12 1/2 year old Doug Funnie in his town of Bluffington. With his best human friend Skeeter Valentine and best non-human friend (also his dog) Porkchop, they have great...",,1996,1999,07 Sep 1996,30 min,"Animation, Comedy, Drama",,,"Thomas McHugh, Becca Lish",English,USA,2 nominations.,,6.2,282
DuckTales,The globe-trotting treasure-hunting money-making adventures of billionaire Scrooge McDuck and his nephews.,TV-G,1987,1990,18 Sep 1987,23 min,"Animation, Adventure, Comedy, Family",,Jymn Magon,"Alan Young, Russi Taylor, Chuck McCann, Terence McGovern",English,USA,2 wins & 5 nominations.,,8.1,27880
Hercules,"This spin-off of Disney's Hercules (1997) follows Hercules' many labors during the years he spent training how to be a hero under the tutelage of satyr Philoctetes. Olympian Gods and Goddesses, as well as Hades and Pegasus, often visit him.",TV-Y,1998,1999,31 Aug 1998,30 min,"Animation, Action, Adventure, Comedy, Family, Fantasy",,,"Tate Donovan, French Stewart, Sandra Bernhard, Robert Costanzo",English,USA,2 wins & 4 nominations.,,6.6,9244
Kim Possible,A high school cheerleader and her accident-prone best friend balance their duties as global crime-fighters with the typical challenges of adolescence.,TV-G,2002,2007,07 Jun 2002,30 min,"Animation, Action, Adventure, Comedy, Family, Mystery, Romance, Sci-Fi",,"Mark McCorkle, Robert Schooley","Christy Carlson Romano, Will Friedle, Nancy Cartwright, Tahj Mowry",English,"USA, Philippines, South Korea",Nominated for 1 Primetime Emmy. Another 1 win & 14 nominations.,,7.2,22207
Little Einsteins,Four friends go on missions with their ever changing rocket ship. Every mission includes a classic song and a painting.,TV-Y,2005,2009,09 Oct 2005,30 min,"Animation, Adventure, Comedy, Family",,"Eric Weiner, Douglas Wood","Aiden Pompey, Jesse Schwartz, Natalia Wojcik, Erica Huang",English,USA,4 nominations.,,6.2,1143
Mighty Ducks,A team of humanoid duck ice hockey team/freedom fighters fight evil between games.,TV-Y7,1996,1997,06 Sep 1996,30 min,"Animation, Action, Comedy, Family, Sci-Fi, Sport",,,"Jeff Bennett, Brad Garrett, Jennifer Hale, Steve Mackall",English,USA,1 win & 3 nominations.,,6.5,1155
Recess,"Comic tales of a group of good friends, four boys and two girls, during breaks in primary school, as they grow up, relate to each other, and have brushes with authority.",TV-Y,1997,2001,31 Aug 1997,23 min,"Animation, Adventure, Comedy, Family",,"Paul Germain, Joe Ansolabehere","Rickey D'Shon Collins, Jason Davis, Ashley Johnson, Pamela Adlon",English,USA,1 win & 13 nominations.,,7.8,21355
The Emperor's New School,"Continuation of 2000's The Emperor's New Groove, showcasing Kuzco's attempts to graduate from his kingdom's school, and his former advisor Yzma's evil attempts to keep him from his goal.",TV-G,2006,2008,27 Jan 2006,30 min,"Animation, Short, Adventure, Comedy, Family, Fantasy",,Mark Dindal,"J.P. Manoux, Patrick Warburton, Curtis Armstrong, Eartha Kitt",English,USA,4 wins & 3 nominations.,,6.6,3977
The Little Mermaid,The 1989 animated feature adapted by Disney for television in a prequel that leads up to the events of the movie.,TV-Y,1992,1994,11 Sep 1992,25 min,"Animation, Adventure, Drama, Family, Fantasy",,Peter S. Beagle,"Jodi Benson, Samuel E. Wright, Edan Gross, Kenneth Mars",English,USA,12 nominations.,,6.8,3701
Doc McStuffins,"""Doc McStuffins"" is an imaginative animated series about Doc McStuffins, a young girl who aspires to be a doctor like her mom and communicates with and heals broken toys and stuffed animals.",G,2012,0,23 Mar 2012,11 min,"Animation, Short, Family, Fantasy, Music, Musical",,Chris Nee,"Lara Jill Miller, Loretta Devine, Robbie Rist, Jess Harnell",English,"USA, Ireland",11 wins & 31 nominations.,,6.8,1734
Dog Whisperer with Cesar Millan,Dog lover Cesar Millan has an uncanny ability to rehabilitate problem dogs of all shapes and sizes.,TV-G,2004,2016,,110 min,"Family, Reality-TV",,,Cesar Millan,English,USA,Nominated for 3 Primetime Emmys. Another 2 wins & 2 nominations.,,8.0,2539
Dog: Impossible,Dog Behavior Specialist Matt Beisner Take on Some Very Bad Dogs.,,2019,0,08 Sep 2019,,Reality-TV,,,Matt Beisner,,USA,,,,0
"Dr. Oakley, Yukon Vet","Dr. Oakley is the only vet in her area of the Yukon. She treats domestic pets, endangered wildlife, farm animals--basically anything that walks on fours, crawls, flies. All of that- plus she's a wife and a mom of three girls.",,2014,0,04 Apr 2014,,Reality-TV,,,"Michelle Oakley, Zac Fine",English,USA,,,8.1,323
"Dr. T, Lone Star Vet","Dr. Lauren Thielen (Dr. T) is back home in Texas to open her very own exotic animal practice, located alongside one of the state's largest and busiest animal hospitals. With the support of ...",,2019,0,13 Oct 2019,,Reality-TV,,,"Chris Payne Gilbert, Lauren Thielen",English,USA,,,8.9,17
Drain the Oceans,"By scanning the locations at the bottom of the ocean where sunken ships, treasures and even cities lie, the show tries to answer what they look like, how they got there and if they hide any secrets.",TV-PG,2018,0,01 May 2018,47 min,"Documentary, History, Mystery",,Sophie Elwin-Harris,"Craig Sechler, Russell Boulter, James Delgado, Eric Grove",English,"UK, Australia",1 win.,,7.6,220
DuckTales,"The comedy-adventure series chronicles the high-flying adventures of trillionaire Scrooge McDuck, his grandnephews - Huey, Dewey, and Louie - and temperamental nephew Donald Duck, Launchpad McQuack, Mrs. Beakley, and her granddaughter Webby.",TV-Y,2017,0,12 Aug 2017,21 min,"Animation, Action, Adventure, Comedy, Family, Fantasy, Mystery, Sci-Fi",,"Francisco Angones, Matt Youngberg","David Tennant, Ben Schwartz, Danny Pudi, Kate Micucci",English,USA,2 wins & 12 nominations.,,8.2,5051
Elena of Avalor,"Princess Elena has saved her magical kingdom, Avalor, from an evil sorceress and must learn to rule as its crown princess. Elena's adventures will lead her to understand that her new role requires thoughtfulness, resilience and compassion.",TV-Y,2016,0,22 Jul 2016,24 min,"Animation, Action, Adventure, Family, Fantasy, Musical",,Craig Gerber,"Aimee Carrero, Jillian Rose Reed, Joseph Haro, Jorge Diaz",English,USA,Nominated for 1 Primetime Emmy. Another 7 wins & 17 nominations.,,6.4,998
Encore!,"Executive producer Kristen Bell, who also appears, reunites the cast of a high school musical and asks them to perform it again years later. Each former student reprises their role from ...",TV-PG,2019,0,12 Nov 2019,,"Musical, Reality-TV",,,"Kristen Bell, Matt Fowler, Adam Wachter",English,USA,,,7.2,235
Even Stevens,"The misadventures of the Stevens family of five in Sacramento, California.",TV-G,2000,2003,17 Jun 2000,30 min,"Comedy, Family",,Matt Dearborn,"Shia LaBeouf, Christy Carlson Romano, Nick Spano, Tom Virtue",English,USA,6 wins & 20 nominations.,,7.6,13163
Disney's Fairy Tale Weddings,"Viewers get a behind-the-scenes look at the magical weddings and one-of-a-kind engagements that take place at Disney Destinations around the globe, including Walt Disney World, Disneyland, ...",,2017,0,11 Dec 2017,63 min,Reality-TV,,"Jenny Daly, Simon Lythgoe, Ann Lewis Roberts","Stephen Boss, Allison Holker",English,USA,1 win.,,7.2,47
Fantastic Four: The Animated Series,The adventures of Marvel Comic's greatest superhero team.,,1994,1996,24 Sep 1994,22 min,"Animation, Action, Sci-Fi",,"Stan Lee, Jack Kirby","Beau Weaver, Lori Alan, Chuck McCann, Quinton Flynn",English,USA,,,6.4,2886
Fantastic Four: World's Greatest Heroes,The adventures of the Marvel Universe's premiere superhero family.,,2006,2010,,30 min,"Animation, Action, Family, Sci-Fi",,,"Hiro Kanagawa, Lara Gilchrist, Christopher Jacot, Brian Dobson",English,USA,,,6.8,1921
Fish Hooks,Three friends attend a school for fish submerged in a pet shop.,TV-G,2010,2014,28 Aug 2010,22 min,"Animation, Adventure, Comedy, Family",,"Noah Jones, Alex Hirsch, William Reiss","Chelsea Kane, Justin Roiland, Kyle Massey",English,USA,2 wins & 1 nomination.,,4.6,2882
Gargoyles,A clan of heroic night creatures pledge to protect modern New York City as they did in Scotland one thousand years earlier.,TV-PG,1994,1996,24 Oct 1994,30 min,"Animation, Action, Adventure, Comedy, Crime, Drama, Family, Fantasy, Mystery, Romance, Thriller",,Greg Weisman,"Keith David, Salli Richardson-Whitfield, Jeff Bennett, Frank Welker",English,USA,1 win & 11 nominations.,,8.1,13699
Girl Meets World,"More than a decade after Boy Meets World (1993), Cory and Topanga Matthews are married and have two children. Their daughter, Riley, faces life lessons through her family, friends, and school--where her father is her history teacher--as her parents did when they were younger.",TV-G,2014,2017,27 Jun 2014,23 min,"Comedy, Drama, Family",,"Michael Jacobs, April Kelly","Rowan Blanchard, Ben Savage, Sabrina Carpenter, Peyton Meyer",English,USA,Nominated for 3 Primetime Emmys. Another 3 wins & 16 nominations.,,7.2,12220
Good Luck Charlie,"The Duncan family are adjusting to the surprise birth of their fourth child, Charlie. When parents Amy and Bob return to work they put their latest addition in the care of her three older siblings.",TV-G,2010,2014,04 Apr 2010,22 min,"Comedy, Drama, Family",,"Phil Baker, Drew Vaupen","Bridgit Mendler, Leigh-Allyn Baker, Bradley Steven Perry, Mia Talerico",English,USA,Nominated for 3 Primetime Emmys. Another 4 wins & 20 nominations.,,7.0,17475
Goof Troop,"The classic Disney character Goofy is a single father raising his son, Max, in Spoonerville. Pete, a frequent antagonist from the old cartoons, lives next door with his family.",TV-Y,1992,1993,05 Sep 1992,30 min,"Animation, Adventure, Comedy, Family, Music",,,"Rob Paulsen, April Winchell, Jim Cummings, Bill Farmer",English,USA,1 win & 2 nominations.,,6.8,7293
Gordon Ramsay: Uncharted,"Globetrotting celebrity chef Gordon Ramsay serves up an epic adventure in ""Gordon Ramsay: Uncharted."" He travels around the world meeting with indigenous people to learn about their foods ...",,2019,0,21 Jul 2019,60 min,"Adventure, Reality-TV",,,Gordon Ramsay,,,1 nomination.,,7.9,316
Great Migrations,Great Migrations takes viewers on the epic journeys animals undertake to ensure the survival of their species.,TV-PG,2010,0,07 Nov 2010,45 min,Documentary,,,"Tarkan, Alec Baldwin, Stephen Fry",English,USA,3 wins & 1 nomination.,,8.1,694
Handy Manny,"A show about handyman Manny Garcia and his helpful talking tools, who make repairs and fix problems in the small town of Sheetrock Hills.",TV-Y,2006,2013,,24 min,"Animation, Family",,"Roger Bollen, Marilyn Sadler, Richard Gitelson","Wilmer Valderrama, Dee Bradley Baker, Nancy Truman, Carlos Alazraqui","English, Spanish","USA, Canada",8 wins & 1 nomination.,,5.6,1288
Hannah Montana,Adventures of a teenage pop star who keeps her identity secret from even her closest friends by using a disguise on-stage.,TV-G,2006,2011,24 Mar 2006,23 min,"Comedy, Family, Music",,"Rich Correll, Barry O'Brien, Michael Poryes","Miley Cyrus, Emily Osment, Jason Earles, Billy Ray Cyrus",English,USA,Nominated for 4 Primetime Emmys. Another 20 wins & 24 nominations.,,5.0,35066
Henry Hugglemonster,"A happy young Hugglemonster named Henry goes on adventures with his friends and family. When they run into problems,Henry finds a way to save the day.",TV-Y,2013,0,15 Apr 2013,22 min,"Animation, Fantasy",,Niamh Sharkey,"Lara Jill Miller, Hynden Walch, Tom Kenny, Grey Griffin","English, Korean","Ireland, UK, USA, South Korea, Canada",2 wins & 3 nominations.,,5.1,312
High School Musical: The Musical - The Series,The students from the school where the High School Musical films were shot stage a musical production based on the franchise.,TV-PG,2019,0,12 Nov 2019,31 min,"Comedy, Musical",,Tim Federle,"Olivia Rodrigo, Joshua Bassett, Matt Cornett, Larry Saperstein",English,USA,1 nomination.,,7.3,2038
Hostile Planet,A look at the world's harshest landscapes and the animals that have adapted to live there.,,2019,0,01 Apr 2019,47 min,Documentary,,,Bear Grylls,English,USA,Nominated for 2 Primetime Emmys. Another 1 nomination.,,8.2,382
Hulk and the Agents of S.M.A.S.H.,"The Incredible Hulk teams up with Red Hulk, She-Hulk, Skaar, and Rick Jones aka A-Bomb to battle the forces of evil in front of cameras for Rick's web-based series to show the Hulk is more hero than monster.",TV-Y7,2013,2015,11 Aug 2013,23 min,"Animation, Action, Adventure, Comedy, Sci-Fi",,,"Fred Tatasciore, Clancy Brown, Seth Green, Ben Diskin",English,USA,12 nominations.,,6.1,2473
Imagination Movers,Four Best Friends who solve problems for others.,,2008,0,06 Sep 2008,30 min,Family,,Richard Gitelson,"Rich Collins, Scott Durbin, David Poche, Wendy Calio",English,USA,2 wins & 5 nominations.,,7.0,682
Iron Man,Industrialist Tony Stark leads his private team of superheros as Iron Man against the forces of evil.,TV-Y7,1994,1996,24 Sep 1994,30 min,"Animation, Action, Adventure, Sci-Fi",,"Stan Lee, Larry Lieber","Robert Hays, John Reilly, Jim Cummings, Dorian Harewood",English,USA,,,6.7,2638
Iron Man: Armored Adventures,A teenage Tony Stark battles evil with his revolutionary power armor technology.,TV-Y7,2008,2012,,22 min,"Animation, Action, Adventure, Family, Fantasy, Sci-Fi",,"Craig Kyle, Christopher L. Yost, Romain van Liemt, Alexandre de La Patellière","Adrian Petriw, Daniel Bacon, Anna Cummer, Lisa Ann Beley",English,"Canada, USA, UK, France",,,6.5,2671
Jessie,A Texan teen moves to New York City to follow her dreams and ends up as a nanny for a high profile couple's four children.,TV-G,2011,2015,30 Sep 2011,30 min,"Comedy, Family",,"Pamela Eells, Phil Baker, Drew Vaupen","Debby Ryan, Peyton List, Cameron Boyce, Karan Brar",English,USA,2 wins & 12 nominations.,,5.9,11715
Nature Untamed,,,2008,0,,,Documentary,,,Salvatore Vecchio,English,USA,,,,0
Kickin' It,A once-in-a-generation young karate fighter named Jack joins the Wasabi warriors.,TV-Y7,2011,2015,13 Jun 2011,22 min,"Action, Comedy, Family",,Jim O'Doherty,"Leo Howard, Dylan Riley Snyder, Mateo Arias, Jason Earles",English,USA,2 wins & 8 nominations.,,6.3,4372
Kingdom of the White Wolf,"Ronan Donovan, a National Geographic researcher, travels to the Arctic to study wolves.",,2019,0,25 Aug 2019,,Documentary,,,Ronan Donovan,English,USA,,,8.2,56
Lab Rats,"A scrawny 14-year-old, having discovered his inventor stepdad has three bionic, super-powered teens living cloistered in a secret lab beneath their home, brings them out into the world.",TV-Y7,2012,2016,,22 min,"Action, Comedy, Family, Sci-Fi",,"Bryan Moore, Chris Peterson","William Brent, Spencer Boldman, Kelli Berglund, Tyrel Jackson Williams",English,USA,1 win & 5 nominations.,,6.6,4349
Lego Frozen Northern Lights,"Elsa, Anna and friends search for the Northern Lights.",TV-Y7,2016,0,01 Nov 2016,,"Animation, Adventure, Comedy, Family, Fantasy",,,"Ashlyn Faith Williams, Josh Gad, Jonathan Groff, Idina Menzel",English,USA,,,5.7,401
Lego Star Wars: All-Stars,"New faces team-up with iconic heroes Young Han Solo, Chewbacca, Young Lando Calrissian, BB-8, and General Leia for adventures that span all eras of the Star Wars universe.",TV-Y7,2018,0,29 Oct 2018,22 min,"Animation, Action, Adventure, Comedy, Sci-Fi",,"Carrie Beck, Jake Blais, Leland Chee, Jason Cosler, Keith Malone, Bill Motz, Josh Rimes, Bob Roth","Matthew Wood, John DiMaggio, Dana Snyder, Montse Hernandez",English,USA,,,6.5,127
Lego Star Wars: Droid Tales,"Immediately after the Battle of Endor, C-3PO recounts the Skywalker saga so far as he helps recover R2-D2 from a shadowy figure.",,2015,0,06 Jul 2015,23 min,"Animation, Action, Adventure, Comedy, Sci-Fi",,,"Anthony Daniels, Tom Kane, Trevor Devall, Eric Bauza",English,USA,1 nomination.,,7.5,617
LEGO Star Wars: The Resistance Rises,"Before the Force awakened and prior to the First Order's attack on Jakku, follow the never-before-told stories of Poe Dameron, Han Solo, Chewbacca, Maz Kanata, Rey, Finn, BB-8 and more!",,2016,0,15 Feb 2016,24 min,"Animation, Comedy, Sci-Fi",,,"Ellen Dubin, Arif S. Kinchen",English,"USA, Denmark",,,5.6,17
Lego Star Wars: The Freemaker Adventures,"The series stars the Freemakers, a family of scavengers who build and sell starships from the scoured debris of space battles strewn throughout the galaxy. When their youngest discovers a ...",TV-Y7,2016,0,20 Jun 2016,23 min,"Animation, Action, Comedy, Fantasy, Sci-Fi",,"Bill Motz, Bob Roth, Carrie Beck, Jake Blais, Jason Cosler, Keith Malone, John McCormack, Leland Chee","Vanessa Lengies, Nicolas Cantu, Matthew Wood, Eugene Byrd",English,USA,1 win & 7 nominations.,,7.5,680
Lego Star Wars: The Yoda Chronicles,"Centered around Yoda's stories that take place before ''Lego Star Wars: The Padawan Menace''. Yoda begins by training Padawans at the Jedi Temple Academy, but then he feels a disturbance in the Force and rushes off to fight the Dark Side.",,2013,0,,,"Animation, Family, Fantasy, Sci-Fi",,,"Anthony Daniels, Trevor Devall, Brian Dobson, Michael Donovan",English,USA,2 nominations.,,7.5,364
Life Below Zero,The everyday struggles of living in the secluded state of Alaska where one wrong decision could cost you your life.,TV-PG,2013,0,19 May 2013,44 min,"Documentary, Adventure, Reality-TV",,,"James Franzo, Sue Aikens, Agnes Hailstone, Chip Hailstone",English,USA,Won 4 Primetime Emmys. Another 5 nominations.,,8.0,1429
Lilo & Stitch: The Series,The rambunctious human and alien duo must hunt down Dr. Jumba Jookiba's 625 other experimental creatures infesting Hawaii.,TV-Y,2003,2006,20 Sep 2003,22 min,"Animation, Action, Adventure, Comedy, Family, Sci-Fi",,"Dean DeBlois, Chris Sanders","Daveigh Chase, Chris Sanders, David Ogden Stiers, Jillian Henry",English,USA,2 nominations.,,6.7,7344
Lizzie McGuire,The daily adventures of an adolescent girl whose real thoughts and emotions are expressed by her sarcastic animated alter ego. New episodes starting November 12th 2020 on Disney+.,TV-G,2001,2004,12 Jan 2001,30 min,"Comedy, Drama, Family",,Terri Minsky,"Hilary Duff, Lalaine, Adam Lamberg, Hallie Todd",English,USA,Nominated for 2 Primetime Emmys. Another 8 wins & 20 nominations.,,6.6,16649
Lost Cities with Albert Lin,"Utilizing ground-penetrating radar, LiDar and 3D scanning, Lin will work with boots-on-the-ground archaeologists to discover and re-create unexcavated worlds still hidden beneath the earth.",,2019,0,01 Oct 2019,,"Documentary, History",,,"Duncan Lees, Joseph Angelo Steel",English,USA,,,8.7,63
Lost Treasures of the Maya,"A new ""treasure map"" of the Maya world is transforming what we thought we knew of one of the world most mysterious ancient civilizations",,2018,0,06 Feb 2018,,Documentary,Ben Crichton,,Albert Yu-Min Lin,English,"USA, Guatemala",,,6.4,56
Spider-Man: The Animated Series,A young man with spider-like abilities fights crime as a superhero in New York City while trying to have a normal personal life.,TV-Y,1994,1998,19 Nov 1994,23 min,"Animation, Action, Adventure, Family, Sci-Fi",,"Stan Lee, Steve Ditko","Christopher Daniel Barnes, Sara Ballantine, Edward Asner, Roscoe Lee Browne",English,USA,4 nominations.,,8.3,24829
The Incredible Hulk,A nuclear scientist is afflicted with the tendency to change into a powerful green monster under stress.,TV-Y7,1996,1998,08 Sep 1996,20 min,"Animation, Action, Adventure, Fantasy, Sci-Fi",,"Jack Kirby, Stan Lee","Lou Ferrigno, Neal McDonough, John Vernon, Mark Hamill",English,USA,1 win.,,6.8,2643
X-Men: The Animated Series,A team of mutant superheroes fight for justice and human acceptance in the Marvel Comics universe.,TV-Y7,1992,1997,31 Oct 1992,23 min,"Animation, Action, Family, Sci-Fi, Thriller",,"Mark Edward Edens, Sidney Iwanter, Eric Lewald, Margaret Loesch","Cathal J. Dodd, George Buza, Norm Spencer, Cedric Smith",English,"USA, Canada",,,8.4,36206
Marvel Rising: Initiation,"Ghost-Spider is on the run after being framed for her friend Kevin's murder, while Ms. Marvel, Squirrel Girl, Quake, and Patriot attempt to bring her in.",,2018,0,13 Aug 2018,,"Animation, Short, Action, Comedy, Drama, Family",,,"Dove Cameron, Tyler Posey, Dee Bradley Baker, Kathreen Khavari",English,USA,,,4.9,255
Marvel Super Hero Adventures,"Spider-Man teams with other Marvel heroes, in this short-form series, to teach the benefits of friendship, co-operation and heroism.",,2017,0,13 Oct 2017,4 min,Animation,,,"Cole Howard, James Blight, Sam Vincent, Omari Newton",English,USA,3 nominations.,,6.1,63
Ultimate Spider-Man,Spider-Man battles evil with a new team of teen colleagues and training from S.H.I.E.L.D.,TV-Y7,2012,2017,01 Apr 2012,23 min,"Animation, Action, Adventure, Comedy, Sci-Fi",,"Todd McFarlane, David Michelinie, Bill Mantlo, Jack Kirby, Stan Lee, Joe Simon, Steve Ditko, Jim Starlin, Sara Pichelli, Carmine Di Giandomenico, David Hine, Tom Lyle, Howard Mackie, Will Murray, Fabrice Sapolsky","Drake Bell, Ogie Banks, Chi McBride, Logan Miller",English,USA,9 nominations.,,7.1,9725
Agent Carter,"In 1946, Peggy Carter is relegated to secretarial duties in the Strategic Scientific Reserve (SSR). When Howard Stark is accused of treason, he secretly recruits Peggy to clear his name with the help of his butler, Edwin Jarvis.",TV-PG,2015,2016,06 Jan 2015,42 min,"Action, Adventure, Sci-Fi",,"Christopher Markus, Stephen McFeely","Hayley Atwell, James D'Arcy, Enver Gjokaj, Chad Michael Murray",English,USA,14 nominations.,,7.9,69458
Ant-Man,"Follow Scott Lang as Ant-Man, dealing with everything from super villains to miniature alien invasions (and occasionally helping Cassie with her homework). Along with The Wasp and Hank Pym, Ant-Man protects the world one inch at a time.",,2017,0,10 Jun 2017,2 min,"Animation, Action, Adventure, Comedy, Sci-Fi",,,Josh Keaton,English,USA,,,6.7,246
Avengers Assemble,The further adventures of the Marvel Universe's mightiest general membership superhero team.,TV-Y7,2013,0,26 May 2013,23 min,"Animation, Action, Adventure, Sci-Fi",,"Jack Kirby, Joe Simon, Stan Lee","Roger Craig Smith, Troy Baker, Fred Tatasciore, Travis Willingham",English,USA,11 nominations.,,7.0,6168
Marvel Future Avengers,"follows a young boy named Makoto, who gains superpowers due to an evil gene manipulation experiment. Makoto and other young kids with powers join the Avengers as apprentices named ""Future Avengers.""",TV-PG,2017,0,22 Jul 2017,,Animation,,,"Max Mittelman, Dina Sherman, Xander Mobus, Kirk Thornton",Japanese,,,,6.0,75
Guardians of the Galaxy,The adventures of a band of space warriors who work to protect the universe from the evil overlord Thanos.,TV-Y7,2015,0,26 Jul 2015,22 min,"Animation, Action, Adventure, Comedy, Drama, Family, Sci-Fi",,"Dan Abnett, Andy Lanning, Marty Isenberg, Henry Gilroy","Kevin Michael Richardson, Vanessa Marshall, David Sobolov, Will Friedle",English,USA,2 wins & 2 nominations.,,7.4,2520
Marvel's Hero Project,"This 20-episode series shares the remarkable, positive change several young heroes are making in their own communities across the country. These inspiring kids have dedicated their lives to...",TV-G,2019,0,12 Nov 2019,,Documentary,,,"Jordan Reeves, Daniella Benitez, Elijah Lee, Camron Reeves",English,USA,,,6.2,97
Inhumans,An isolated community of superhumans fight to protect themselves.,TV-PG,2017,0,29 Sep 2017,43 min,"Action, Adventure, Sci-Fi",,Scott Buck,"Anson Mount, Serinda Swan, Ken Leung, Eme Ikwuakor",English,USA,,,5.0,20672
Rocket & Groot,Adventures of Rocket and Groot before their time on the Guardians of the Galaxy (2014) team.,,2017,0,10 Mar 2017,,"Animation, Short, Adventure, Sci-Fi",,,"Trevor Devall, Kevin Michael Richardson",,,,,7.0,160
Runaways,"After discovering their parents are super-villains in disguise, a group of teenagers band together to run away from their homes in order to atone for their parents' actions and to discover the secrets of their origins.",TV-14,2017,2019,21 Nov 2017,60 min,"Action, Drama, Sci-Fi",,"Stephanie Savage, Josh Schwartz","Rhenzy Feliz, Lyrica Okano, Virginia Gardner, Ariela Barer",English,USA,3 wins & 4 nominations.,,7.0,20241
Spider-Man,"Peter Parker, a new student at the famous Horizon High, fights evil super-villains as the costumed superhero, Spider-Man.",TV-Y7,2017,0,29 Jul 2017,21 min,"Animation, Short, Action, Adventure, Family, Sci-Fi",,,"Robbie Daymond, Nadji Jeter, Fred Tatasciore, Laura Bailey",English,USA,1 nomination.,,6.1,1440
Mickey Mouse,Mickey Mouse takes on new adventures finding himself in silly situations in different settings.,TV-G,2013,0,12 Mar 2013,4 min,"Animation, Short, Comedy, Family",,,"Chris Diamantopoulos, Russi Taylor, Bill Farmer, Tony Anselmo",English,USA,Won 7 Primetime Emmys. Another 23 wins & 30 nominations.,,8.1,1772
The Mickey Mouse Club,Mickey Mouse hosts a youth oriented variety show.,TV-G,1955,1958,17 Jul 1955,60 min,"Family, Comedy, Drama, Music",,"Hal Adelquist, Walt Disney","Jimmie Dodd, Tommy Cole",English,USA,Won 1 Golden Globe. Another 1 nomination.,,7.7,609
Mickey Mouse Mixed-Up Adventures,"Mickey Mouse and his pals Minnie, Pluto, Goofy, Daisy, and Donald take their unique transforming vehicles on humorous high-spirited races around the globe as well as hometown capers in Hot Dog Hills.",TV-Y,2017,0,15 Jan 2017,21 min,"Animation, Short, Adventure, Comedy, Family, Sport",,"Vincent Chalvon-Demersay, David Michel, Jean-Louis Vandestoc","Bret Iwan, Russi Taylor, Bill Farmer, Tress MacNeille",English,USA,4 nominations.,,6.2,335
Mission Force One,Follows the outer space voyages of young adventurer Miles and his family.,,2015,0,06 Feb 2015,30 min,"Animation, Adventure, Family, Sci-Fi",,Sascha Paladino,"Fiona Bishop, Dee Bradley Baker, Tom Kenny, Olivia Munn",English,USA,1 win & 4 nominations.,,6.7,416
Muppet Babies,Baby versions of Jim Henson's famous Muppet characters go on wacky adventures through their imaginations,TV-Y,2018,0,23 Mar 2018,23 min,"Animation, Short, Adventure, Comedy, Family, Fantasy, Musical",,,"Dee Bradley Baker, Eric Bauza, Matt Danner, Jessica DiCicco",,"South Korea, USA, China, Japan",1 win & 6 nominations.,,7.0,329
Muppet Moments,,,2015,0,03 Apr 2015,,"Short, Family",,,"Bill Barretta, Dave Goelz, Eric Jacobson, Steve Whitmire",English,USA,,,8.8,6
My Friends Tigger & Pooh,A girl and her dog have adventures with tigger and pooh in the hundred acre woods,TV-Y,2007,2010,12 May 2007,30 min,"Animation, Short, Adventure, Family",,,"Angelica Bolognesi Bonacini, Kimberlea Berg, Jim Cummings, Chloë Grace Moretz","English, Spanish, German, Japanese, French, Abkhazian, Portuguese",USA,1 win & 9 nominations.,,5.7,363
One Day at Disney,A 52-part shorts series that each focus on a different Walt Disney employee's job.,,2019,0,03 Dec 2019,5 min,Documentary,,,Sterling K. Brown,English,USA,,,7.3,155
One Strange Rock,The extraordinary story of Earth and why it is special and uniquely brimming with life among a largely unknown but harsh cosmic arena; astronauts tell the story of Earth through unique perspective.,TV-PG,2018,0,26 Mar 2018,47 min,Documentary,,,"Will Smith, Chris Hadfield, Jerry Linenger, Mae C. Jemison","English, Spanish, Indonesian, Chinese, Arabic, Russian, Hindi, Tibetan, Portuguese, French, Thai, Norwegian, Italian, Japanese, Mongolian, Kazakh",USA,1 win & 3 nominations.,,8.8,5420
Origins: The Journey of Humankind,Our primal curiosity has sparked new inventions and revealed the mysteries of the universe. This eight part mini series strives to trace the pivotal innovations that make us modern.,,2017,0,06 Mar 2017,60 min,Documentary,,,"Jason Silva, Mark Monroe",English,USA,,,6.9,344
Out of the Box,"A group of kids and their two caregivers have built a cool clubhouse out of giant boxes. That's where they meet for music, play and special activities that kids can do at home.",TV-Y,1998,2004,07 Oct 1998,24 min,"Comedy, Family",,Douglas Love,"Tony James, Vivian Bayubay, Celine Ordioni",English,USA,1 nomination.,,7.5,814
Out There with Jack Randall,Zoologist Jack Randall journeys into Australia's Outback to encounter extraordinary wildlife.,,2019,0,07 Jul 2019,,Documentary,,,"Jack Randall, Jack Randall",,,,,6.6,5
Phil of the Future,"A family from 2121 is stuck in 2004, trying desperately to fit in.",TV-G,2004,2006,18 Jun 2004,25 min,"Adventure, Comedy, Family, Sci-Fi",,"Tim Maile, Douglas Tuber","Raviv Ullman, Amy Bruckner, Craig Anton, Lise Simms",English,USA,6 nominations.,,7.0,6479
Phineas and Ferb,"Phineas and Ferb invent, scheme, and stay one step ahead of their bratty sister. Meanwhile, their pet platypus plots against evil Dr. Doofenshmirtz.",TV-G,2007,2015,17 Aug 2007,15 min,"Animation, Action, Comedy, Family, Musical, Sci-Fi",,"Dan Povenmire, Jeff 'Swampy' Marsh","Vincent Martella, Ashley Tisdale, Thomas Brodie-Sangster, Dan Povenmire",English,USA,Won 3 Primetime Emmys. Another 1 win & 40 nominations.,,7.9,31287
Pick of the Litter,"Ups and downs of an adorable group of six dogs on their fascinating and surprisingly suspenseful quest to become guides for Guide Dogs for the Blind, the ultimate canine career.",,2019,0,20 Dec 2019,,Documentary,,,,English,USA,,,,0
Pixar in Real Life,"This live action series brings iconic characters and moments from Pixar films into the real world. Filmed on location in and around New York City, the series surprises and delights real people in real locations when they least expect it.",TV-G,2019,0,12 Nov 2019,,"Comedy, Family, Reality-TV",,,Zihan Zhao,English,USA,,,6.7,193
PJ Masks,"Three children become superheroes at night. During the school day a problem arises, and during the night the culprit is found by the PJ Masks and the problem gets solved by sharing ideas, ...",TV-Y,2015,0,18 Sep 2015,24 min,"Animation, Action, Adventure, Family, Fantasy, Sci-Fi",,,"Kyle Breitkopf, Addison Holley, Juan Luis Bonilla, Brianna Daguanno","French, English","France, UK",2 wins & 6 nominations.,,5.7,696
Primal Survivor,"Primal Survivor tracks wilderness guide and survival instructor Hazen Audel as he tackles some of mankind's most rigorous journeys, relying on skills learned from native inhabitants.After ...",,2016,0,21 Jan 2016,,Documentary,,,Hazen Audel,English,USA,,,8.5,163
Puppy Dog Pals,"Fun-loving pug puppies, brothers Bingo and Rolly, have thrill-seeking appetites that take them on exhilarating adventures in their neighborhood and around the globe.",TV-Y,2017,0,14 Apr 2017,24 min,"Animation, Family",,Harland Williams,"Issac Ryan Brown, Sam Lavagnino, Harland Williams, Jessica DiCicco",English,USA,1 win & 2 nominations.,,7.1,611
Quack Pack,"The misadventures of Donald Duck and his rebellious teenage nephews with attitude, Huey, Dewey, and Louie.",TV-Y,1996,1997,02 Sep 1996,30 min,"Animation, Short, Adventure, Comedy, Family",,Toby Shelton,"Tony Anselmo, Jeannie Elias, Elizabeth Daily, Pamela Adlon",English,USA,,,6.8,3478
Running Wild with Bear Grylls,"Bear Grylls, British adventurer, takes A-list celebrities on wild outdoor adventures, pushing them beyond their comfort zone.",TV-14,2014,0,28 Jul 2014,60 min,"Adventure, Comedy, Reality-TV, Talk-Show",,Delbert Shoopman,Bear Grylls,English,USA,,,7.7,2122
Secrets of the Zoo,"With nearly 6,000 veterinary cases and well over 100 births each year, the team at the Columbus Zoo has no shortage of incredible drama.",,2018,0,29 Jul 2018,44 min,Reality-TV,,,Mocean Melvin,,,,,8.2,76
Shake It Up,Two Chicago teens attempt to realize their dream of becoming professional dancers by landing spots on a popular local show.,TV-G,2010,2013,07 Nov 2010,30 min,"Comedy, Family",,Chris Thompson,"Bella Thorne, Zendaya, Davis Cleveland, Roshon Fegan",English,USA,3 wins & 18 nominations.,,4.8,10911
Sheriff Callie's Wild West,A kids' western centered on a kitty-cat sheriff whose job is to ensure that the town of Nice and Friendly Corners remains the friendliest town in the West.,TV-Y,2014,0,20 Jan 2014,25 min,"Animation, Short, Action, Adventure, Comedy, Family, Musical, Western",,"Holly Huckins, George Evelyn, Denis Morella, David Michel","Lucas Grabeel, Kevin Michael Richardson, Jeff Bennett, Gary Anthony Williams","English, French","USA, South Korea, France",4 nominations.,,6.5,503
Shop Class,"It is a competition format that features teams of inventive students who are tasked with designing, building, and testing new contraptions.",,2020,0,28 Feb 2020,,,,,"Justin Long, Daron Yacoubian",,,,,6.3,16
Silver Surfer,The adventures of the cosmic wanderer as he seeks his lost home after rebelling from his master.,TV-Y7,1998,0,07 Feb 1998,30 min,"Animation, Sci-Fi, Action, Thriller",,"Larry Brody, Jack Kirby, Stan Lee","Paul Essiembre, James Blendick",English,"USA, Canada",1 nomination.,,7.1,1778
Smart Guy,Ten-year-old genius (Tahj Mowry) has skipped six grades into high school. This incredible promotion somewhat aggravates his teenage siblings.,TV-G,1997,1999,26 Mar 1997,30 min,"Comedy, Drama, Family",,"Danny Kallis, Brian Suskind","Tahj Mowry, John Marshall Jones, Jason Weaver, Omar Gooding",English,USA,7 nominations.,,7.4,4198
So Weird,"A preteen girl travels around the country continually stumbling over supernatural occurrences. Without anyone to believe her, she posts what she finds on her website entitled ""So Weird"".",TV-Y7,1999,2001,18 Jan 1999,30 min,"Adventure, Family, Mystery, Thriller",,Tom J. Astle,"Patrick Levis, Mackenzie Phillips, Belinda Metz, Dave 'Squatch' Ward",English,Canada,7 nominations.,,8.5,2519
Sonny with a Chance,"Sonny, a talented Midwestern girl, has won a nationwide talent search to move to Los Angeles and star in a popular television series. Sonny's home and work life is documented along with her adjustment to life in the spotlight.",TV-G,2009,2011,08 Feb 2009,23 min,"Comedy, Family, Romance",,Steve Marmel,"Demi Lovato, Tiffany Thornton, Sterling Knight, Brandon Mychal Smith",English,USA,2 wins & 6 nominations.,,6.1,10074
Soy Luna,"Luna Valente lives with her family in Cancún, Mexico. She goes to school, has her own group of friends, has a job, and loves to skate. However, her life changes when her parents are given a...",,2016,0,14 Mar 2016,45 min,"Comedy, Family, Music",,Jorge Edelstein,"Karol Sevilla, Ruggero Pasquarelli, Valentina Zenere, Michael Ronda","Spanish, German","Argentina, Mexico",,,6.8,833
Spider-Man,The web slinging superhero battles crime in New York City.,,1981,1982,12 Sep 1981,30 min,"Animation, Action, Adventure, Family, Fantasy, Sci-Fi",,,"Ted Schwartz, William Woodson, Mona Marshall, Morgan Lofting",English,USA,,,7.0,943
Spider-Man and His Amazing Friends,Spider-Man battles crime in New York City with the help of Iceman and Firestar.,TV-Y7,1981,1986,12 Sep 1981,22 min,"Animation, Action, Comedy, Crime, Family, Sci-Fi",,"Dennis Marks, Stan Lee, Jack Kirby, Steve Ditko, Dan Spiegle","June Foray, Dan Gilvezan, Kathy Garver, Frank Welker",English,USA,1 nomination.,,7.2,2704
Spider-Man Unlimited,Spider-Man travels to Counter-Earth to rescue a Terran shuttle crew trapped there and discovers a tyrannical and warped version of his world.,TV-Y7,1999,2005,02 Oct 1999,22 min,"Action, Family, Adventure, Animation, Thriller, Crime, Sci-Fi",,,"Rino Romano, Kathleen Barr, Paul Dobson, Akiko Morison",English,"USA, Canada",,,6.4,2517
Spider-Woman,The adventures of a female superhero with spider-like abilities.,TV-Y7,1979,1980,22 Sep 1979,21 min,"Animation, Family, Fantasy",,"Stan Lee, Marie Severin","Joan Van Ark, Bryan Scott, Larry Carroll, Vic Perrin",English,USA,,,5.8,438
Star Wars: Forces of Destiny,Small moments and everyday decisions shape a larger heroic saga.,,2017,0,03 Jul 2017,3 min,"Animation, Adventure, Family, Sci-Fi",,,Lupita Nyong'o,English,USA,1 win.,,5.0,1105
Star Wars Rebels,A brave and clever ragtag starship crew stands up against the evil Empire as it tightens its grip on the galaxy and hunts down the last of the Jedi Knights.,TV-Y7-FV,2014,2018,26 Sep 2014,22 min,"Animation, Action, Adventure, Family, Fantasy, Mystery, Sci-Fi",,"Simon Kinberg, Carrie Beck, Dave Filoni","Taylor Gray, Dave Filoni, Vanessa Marshall, Freddie Prinze Jr.",English,USA,Nominated for 4 Primetime Emmys. Another 7 wins & 25 nominations.,,8.0,24977
Star Wars Resistance,"Kazuda Xiono, a young pilot for the Resistance, is tasked with a top secret mission to investigate the First Order, a growing threat in the galaxy.",TV-Y7,2018,0,01 Oct 2018,30 min,"Animation, Action, Adventure, Sci-Fi",,"Carrie Beck, Dave Filoni, Kiri Hart","Christopher Sean, Scott Lawrence, Josh Brener, Suzie McGrath",English,USA,Nominated for 1 Primetime Emmy. Another 1 win & 1 nomination.,,4.9,3403
Star Wars Blips,"A series of animated YouTube shorts featuring comedic looks at BB-8, R2-D2, Chewbacca, and porgs, in promotion for the release of Star Wars: Episode VIII The Last Jedi.",,2017,0,03 May 2017,1 min,"Animation, Comedy",,,,English,USA,,,6.1,29
Star Wars: The Clone Wars,Jedi Knights lead the Grand Army of the Republic against the droid army of the Separatists.,TV-PG,2008,2020,03 Oct 2008,23 min,"Animation, Action, Adventure, Drama, Fantasy, Sci-Fi",,George Lucas,"Tom Kane, Dee Bradley Baker, Matt Lanter, James Arnold Taylor",English,USA,23 wins & 68 nominations.,,8.1,47308
Supercar Superbuild,"Supercar Superbuild showcases the passion, artistry and engineering behind some of the fastest and most lust-worthy supercars in the world. Behind each story lies a dedicated team of ...",,2014,0,08 Oct 2014,,Documentary,,,,English,USA,,,7.0,40
TaleSpin,Baloo the Bear from The Jungle Book (1967) is cast as a 1930s Pacific Islands bush pilot.,TV-Y7,1990,1991,07 Sep 1990,30 min,"Animation, Action, Adventure, Comedy, Drama, Family, Fantasy, Mystery",,,"Ed Gilbert, Jim Cummings, Sally Struthers, R.J. Williams",English,USA,Won 1 Primetime Emmy. Another 5 nominations.,,7.6,12743
Tangled: The Series,"Set between Walt Disney Animation Studios' ""Tangled"" and its short film ""Tangled Ever After,"" this animated adventure/comedy series unfolds as Rapunzel acquaints herself with her parents, her kingdom and the people of Corona.",TV-Y7,2017,2020,24 Mar 2017,21 min,"Animation, Action, Adventure, Comedy, Family, Fantasy, Musical",,"Shane Prigmore, Chris Sonnenburg","Mandy Moore, Zachary Levi, Eden Espinosa, Paul F. Tompkins","English, Czech",USA,5 wins & 9 nominations.,,7.6,1598
Teacher's Pet,"Envying the life of his eight-year-old master, a talking dog disguises himself as a human boy in order to go to school with him, and he becomes the big mutt on campus.",TV-Y,2000,2005,01 Sep 2000,30 min,"Animation, Short, Adventure, Comedy, Family, Fantasy",,"Gary Baseman, Bill Steinkellner, Cheri Steinkellner","Shaun Fleming, Nathan Lane",English,USA,8 wins & 4 nominations.,,6.4,378
That's So Raven,"A teenage girl periodically receives brief psychic visions of the near future. Trying to make these visions come true results in trouble, and hilarious situations, for the girl and her friends.",TV-G,2003,2007,17 Jan 2003,30 min,"Comedy, Family, Fantasy",,"Michael Poryes, Susan Sherman","Raven-Symoné, Orlando Brown, Kyle Massey, Anneliese van der Pol",English,USA,Nominated for 2 Primetime Emmys. Another 14 wins & 29 nominations.,,6.5,16953
The Adventures of Spin and Marty,,,1955,0,04 Nov 1955,,"Adventure, Western, Family",,,"Dee Aaker, Tim Considine, David Stollery, Roy Barcroft",English,USA,,,8.2,166
The Avengers: Earth's Mightiest Heroes,"After 74 villains break out of prison, Marvel's most powerful superheroes team up to capture all of them, and also to defend the Earth from widespread threats.",TV-Y7,2010,2012,22 Sep 2010,30 min,"Animation, Action, Family, Sci-Fi",,,"Eric Loomis, Colleen O'Shaughnessey, Brian Bloom, Rick D. Wasserman",English,USA,8 nominations.,,8.3,12505
Avengers: United They Stand,The adventures of the Marvel Comics Universe's greatest general membership superhero team.,TV-Y7,1999,2000,30 Oct 1999,30 min,"Animation, Action, Adventure, Sci-Fi",,"Jack Kirby, Stan Lee","Linda Ballantyne, Tony Daniels, Ron Rubin, Martin Roach",English,"France, Canada, USA",,,5.5,682
The Book of Pooh,"A new Disney version of the classic children's stories about Winnie the Pooh and his friends. Rather than the animated versions of the past, this series is done entirely in a puppet format....",TV-Y,2001,2004,22 Jan 2001,30 min,"Animation, Short, Adventure, Comedy, Family, Musical",,,"Roger Jackson, John Fiedler, Jim Cummings, Ken Sansom",English,USA,1 win & 3 nominations.,,6.3,412
The Imagineering Story,The inside look into the Walt Disney Imagineering company.,,2019,0,12 Nov 2019,60 min,Documentary,,,"Angela Bassett, Tom Morris, Kevin Rafferty, Tom Fitzgerald",,USA,,,9.1,1194
The Incredible Dr. Pol,"With more than 20,000 patients, Dr. Pol has seen it all. Specializing in large farm animals, this senior is anything but retiring as he takes an old school, no-nonsense approach to veterinary medicine.",,2011,0,,44 min,"Documentary, Reality-TV",,"Monica Austin, Jonathan Schroder","Jan Pol, Diane Pol, Charles Pol, Ari Rubin",English,USA,,,8.6,999
The Lodge,"A new show centered on a teenage girl who takes over her Grandfathers Lodge, and befriends its teenage staff.",,2016,0,17 Oct 2016,22 min,Family,,,"Luke Newton, Sophie Simnett, Thomas Doherty, Bethan Wright",English,UK,,,6.5,345
The Mandalorian,"The travels of a lone bounty hunter in the outer reaches of the galaxy, far from the authority of the New Republic.",TV-PG,2019,0,12 Nov 2019,30 min,"Action, Adventure, Sci-Fi",,Jon Favreau,"Pedro Pascal, Carl Weathers, Rio Hackford, Gina Carano",English,USA,5 wins & 10 nominations.,,8.7,157153
The Muppets.,Jim Henson's lovable Muppets return to the small screen in this mockumentary-style series that follows their personal and professional lives.,TV-PG,2015,2016,21 Jul 2015,21 min,"Comedy, Family",,"Bob Kushell, Bill Prady","Dave Goelz, Eric Jacobson, Bill Barretta, Peter Linz",English,USA,Nominated for 1 Primetime Emmy. Another 3 wins & 3 nominations.,,7.4,5614
The New Adventures of Winnie the Pooh,Follow Winnie the Pooh's adventures in the Hundred Acre Wood.,TV-Y,1988,1991,17 Jan 1988,30 min,"Animation, Adventure, Comedy, Family, Fantasy, Musical",,,"John Fiedler, Jim Cummings, Ken Sansom, Paul Winchell",English,USA,5 wins & 5 nominations.,,7.6,3077
The Proud Family,"Animated adventures of Penny Proud (Kyla Pratt), a girl growing up with the help of her friends.",TV-Y,2001,2005,15 Sep 2001,30 min,"Animation, Comedy, Family, Fantasy",,"Bruce W. Smith, Doreen Spicer","Kyla Pratt, Tommy Davidson, Paula Jai Parker, Jo Marie Payton",English,USA,6 wins & 23 nominations.,,6.4,5951
The Replacements,Two orphans are given access to a super foster agency that enables them to replace people in their life with aces and superhumans.,TV-Y,2006,2009,28 Jul 2006,22 min,"Animation, Comedy, Family, Sci-Fi",,Dan Santat,"Nancy Cartwright, Grey Griffin, Jeff Bennett, Kath Soucie",English,USA,1 nomination.,,5.8,2409
The Simpsons,The satiric adventures of a working-class family in the misfit city of Springfield.,TV-PG,1989,0,17 Dec 1989,22 min,"Animation, Comedy",,"James L. Brooks, Matt Groening, Sam Simon","Dan Castellaneta, Nancy Cartwright, Harry Shearer, Julie Kavner","English, Spanish, Albanian, French, Japanese, German, Russian, Hindi, Swahili, Italian, Swedish, Turkish, Cantonese, Mandarin, Hebrew, Arabic, Klingon, Bengali, Czech",USA,Nominated for 1 Golden Globe. Another 168 wins & 302 nominations.,,8.7,328282
The Suite Life of Zack & Cody,Comedy about identical twins living at the Tipton Hotel with their single mother who is a lounge singer at the hotel.,TV-G,2005,2008,18 Mar 2005,30 min,"Comedy, Family",,"Danny Kallis, Jim Geoghan","Cole Sprouse, Dylan Sprouse, Brenda Song, Ashley Tisdale",English,USA,Nominated for 3 Primetime Emmys. Another 8 wins & 20 nominations.,,6.5,30964
The Suite Life on Deck,"Spin-off of the hit Disney Channel series ""The Suite Life of Zack & Cody,"" in which twin brothers Zack and Cody Martin and hotel heiress London Tipton enroll in a semester-at-sea program aboard a ship called the SS Tipton.",TV-G,2008,2011,26 Sep 2008,30 min,"Action, Adventure, Comedy, Family",,"Jim Geoghan, Danny Kallis, Pamela Eells","Dylan Sprouse, Cole Sprouse, Brenda Song, Debby Ryan",English,USA,6 wins & 5 nominations.,,6.3,14716
The Super Hero Squad Show,"Marvel's greatest heroes and evilest of villains battle it out in action packed, yet somewhat satirical alternate universe-style adventures.",TV-Y7,2009,2011,14 Sep 2009,,"Animation, Action, Comedy, Family, Sci-Fi",,,"Tom Kenny, David Boat, Steve Blum, Travis Willingham",English,USA,,,6.1,1410
The World According to Jeff Goldblum,"Documentary series in which Goldblum pulls back the curtain on a seemingly familiar object to reveal a world of astonishing connections, fascinating science, and a whole lot of big ideas.",TV-PG,2019,0,12 Nov 2019,,"Documentary, Comedy",,,Jeff Goldblum,,,,,7.9,1121
Timon & Pumbaa,The further misadventures of various Lion King characters.,TV-Y,1995,1999,08 Sep 1995,22 min,"Animation, Adventure, Comedy, Family",,,"Ernie Sabella, Kevin Schon","English, Telugu",USA,3 wins & 14 nominations.,,7.1,8549
TRON: Uprising,"In the computer world of the Grid, a young program joins Tron's fight against their world's tyranny.",TV-Y7,2012,2013,20 May 2012,30 min,"Animation, Action, Adventure, Family, Sci-Fi",,"Adam Horowitz, Edward Kitsis, Steven Lisberger, Bonnie MacBird","Elijah Wood, Tricia Helfer, Charlie Bean, Elizabeth Ho",English,USA,Won 1 Primetime Emmy. Another 2 wins & 6 nominations.,,8.2,7409
Tutankhamen's Treasures,,,2018,0,24 Mar 2018,,Documentary,,,Mark Bazeley,English,UK,,,7.4,31
Unlikely Animal Friends,"The natural world is full of amazing stories, but sometimes animals act in ways that seemingly go against all their instincts. This heart-warming series examines the cases of animals that have struck up unusual relationships.",,2012,0,13 Jan 2012,,Documentary,,,,English,USA,,,7.7,72
Violetta,A musically talented teenager who returns to her native Buenos Aires after living in Europe.,TV-G,2012,0,14 May 2012,45 min,"Drama, Family, Music, Romance",,,"Diego Ramos, Martina Stoessel, Jorge Blanco, Mercedes Lambre",Spanish,Argentina,1 win & 2 nominations.,,5.2,1892
Wicked Tuna,"Teams of tuna fisherman battle the elements, and each other, to catch the most Giant Bluefin Tuna.",TV-14,2012,0,01 Apr 2012,60 min,Reality-TV,,,David C. Marciano,English,USA,,,6.6,677
Wizards of Waverly Place,"The Russo family may be an ordinary family with an average restaurant, but behind close doors, all three children must compete to be the next family wizard.",TV-G,2007,2012,12 Oct 2007,22 min,"Adventure, Comedy, Drama, Family, Fantasy",,Todd J. Greenwald,"Selena Gomez, David Henrie, Jake T. Austin, Jennifer Stone",English,USA,Won 2 Primetime Emmys. Another 35 wins & 50 nominations.,,6.8,27826
Wolverine and the X-Men,"After an explosion at the school, the X-Men went their separate ways. But they must unite once again under the leadership of Wolverine to prevent an inevitable war while also dealing with present problems.",TV-Y7,2008,2009,23 Jan 2009,23 min,"Animation, Action, Adventure, Drama, Sci-Fi",,,"Steve Blum, Jim Ward, Nolan North, Fred Tatasciore",English,USA,,,8.0,9497
BarkFest,"Nat Geo WILD celebrates pawsome dogs with its inaugural BarkFest weekend, kicking off Friday, April 14. It's a weekend of all bark, no bite TV featuring some of the smartest, most unique ...",,2017,0,,35 min,,,,,English,USA,,,,0
X-Men: Evolution,"This rendition of X-Men features Cyclops, Jean Grey, Rogue, Nightcrawler, Shadowcat and Spike as teenagers as they fight for a world that fears and hates them.",TV-Y7,2000,2003,04 Nov 2000,23 min,"Animation, Action, Drama, Fantasy, Romance, Sci-Fi, Thriller",,,"Kirby Morrow, Venus Terzo, David Kaye, Brad Swaile",English,USA,3 wins & 6 nominations.,,7.9,9763
Year Million,"An in depth look into what our future will look like when technology takes over, for better or worse.",,2017,0,15 May 2017,,"Documentary, Drama, Sci-Fi",,,"Laurence Fishburne, Miklós Bányai, Joe Corrigall, Siobhan Dillon",English,USA,,,7.5,324
