serie_nombre,personaje_nombre,personaje_edad,personaje_genero,personaje_descripcion,personaje_foto_url,actor_nombre
Austin & Ally,Austin Moon,16 años,Masculino,Austin Moon es el protagonista principal de 'Austin & Ally'.,https://image.tmdb.org/t/p/w500/tpcszNyTefPVH19DMOgpxJ2VHO3.jpg,Ross Lynch
Austin & Ally,Ally Dawson,16 años,Femenino,Ally Dawson es uno de los protagonistas principales de 'Austin & Ally'.,https://image.tmdb.org/t/p/w500/fpW1Swq6BfAoAw88ZhKf1pssu30.jpg,Laura Marano
Austin & Ally,Trish De la Rosa,18 años,Femenino,Trish De la Rosa es uno de los protagonistas principales de 'Austin & Ally'.,https://image.tmdb.org/t/p/w500/pUVCzsJSt5MhkHX82DIz3TED2YN.jpg,Raini Rodriguez
Austin & Ally,Dez Wade,20 años,Masculino,Dez Wade es uno de los protagonistas principales de 'Austin & Ally'.,https://image.tmdb.org/t/p/w500/vci8ZGN3kPUL73FlSeBHJ6Ekbw9.jpg,Calum Worthy
Best Friends Whenever,Shelby Marcus,17 años,Femenino,Shelby Marcus es el protagonista principal de 'Best Friends Whenever'.,https://image.tmdb.org/t/p/w500/jb39Jr4v7fSSehTz774aPXbYExN.jpg,Lauren Taylor
Best Friends Whenever,Cyd Ripley,15 años,Femenino,Cyd Ripley es uno de los protagonistas principales de 'Best Friends Whenever'.,https://image.tmdb.org/t/p/w500/oyB2v2GuSkgZZk0cGzpf5Ix43kL.jpg,Landry Bender
Best Friends Whenever,Barry Eisenberg,16 años,Femenino,Barry Eisenberg es uno de los protagonistas principales de 'Best Friends Whenever'.,https://image.tmdb.org/t/p/w500/8Qi6s2YoXTzLvG5KR032CLY3Nky.jpg,August Kamp
Best Friends Whenever,Naldo Montoya,16 años,Masculino,Naldo Montoya es uno de los protagonistas principales de 'Best Friends Whenever'.,https://image.tmdb.org/t/p/w500/g7RpEUNIHI3bbHXIozFNvrm7rYi.jpg,Ricky Garcia
Best Friends Whenever,Bret Marcus,12 años,Masculino,Bret Marcus es uno de los protagonistas principales de 'Best Friends Whenever'.,https://image.tmdb.org/t/p/w500/AwvYCvBooFpdAH9UqTLVtnGzHy8.jpg,Benjamin Royer
Big City Greens,Cricket Green (voice),40 años,Masculino,Cricket Green (voice) es el protagonista principal de 'Big City Greens'.,https://image.tmdb.org/t/p/w500/zHzNLynNwXbAVqmU6F1hWG9sLPk.jpg,Chris Houghton
Big City Greens,Tilly Green (voice),30 años,Femenino,Tilly Green (voice) es uno de los protagonistas principales de 'Big City Greens'.,https://image.tmdb.org/t/p/w500/hahOfW8PG20pTXtNF8FtZd5pqd4.jpg,Marieve Herington
Big City Greens,Bill Green (voice),59 años,Masculino,Bill Green (voice) es uno de los protagonistas principales de 'Big City Greens'.,https://image.tmdb.org/t/p/w500/ohczCcTm5u8Grlf5KGxjDZiQkI.jpg,Bob Joles
Big City Greens,Alice 'Gramma' Green (voice),41 años,Femenino,Alice 'Gramma' Green (voice) es uno de los protagonistas principales de 'Big City Greens'.,https://image.tmdb.org/t/p/w500/ctwVQYbcOuTIQJ866fi3AhzqKBM.jpg,Artemis Pebdani
Big City Greens,Remy (voice),25 años,Masculino,Remy (voice) es uno de los protagonistas principales de 'Big City Greens'.,https://image.tmdb.org/t/p/w500/PyoUSDPm4AiGcp6W2WTBD2zSMt.jpg,Zeno Robinson
Billy Dilley's Super-Duper Subterranean Summer,Marsha,25 años,Femenino,Marsha es el protagonista principal de 'Billy Dilley's Super-Duper Subterranean Summer'.,https://image.tmdb.org/t/p/w500/lJLsrvCTFV9sNxMLB3mQds2uqwX.jpg,Catherine Ann Wayne
Billy Dilley's Super-Duper Subterranean Summer,Billy Dilley,44 años,Masculino,Billy Dilley es uno de los protagonistas principales de 'Billy Dilley's Super-Duper Subterranean Summer'.,https://via.placeholder.com/500x750?text=Imagen+No+Disponible,Aaron Springer
Billy Dilley's Super-Duper Subterranean Summer,Zeke,55 años,Masculino,Zeke es uno de los protagonistas principales de 'Billy Dilley's Super-Duper Subterranean Summer'.,https://image.tmdb.org/t/p/w500/dKOxpGnRkIMaPkZSHKIns99WxQa.jpg,Tom Kenny
Billy Dilley's Super-Duper Subterranean Summer,Judy,Edad no especificada,No especificado,Judy es uno de los protagonistas principales de 'Billy Dilley's Super-Duper Subterranean Summer'.,https://image.tmdb.org/t/p/w500/wfk8MRawUfhSpD4v6zwC3EuikIu.jpg,Sarah-Nicole Robles
Billy Dilley's Super-Duper Subterranean Summer,Count Raymond,48 años,Masculino,Count Raymond es uno de los protagonistas principales de 'Billy Dilley's Super-Duper Subterranean Summer'.,https://image.tmdb.org/t/p/w500/xP7SNjPMhZ2m4aVuYboPa8W1RlB.jpg,James Arnold Taylor
Bluey,Bandit Heeler (voice),50 años,Masculino,Bandit Heeler (voice) es el protagonista principal de 'Bluey'.,https://image.tmdb.org/t/p/w500/tF2Xy0bqOf1C2CQjEX8TL9yuKSA.jpg,Dave McCormack
Bluey,Chilli Heeler (voice),33 años,Femenino,Chilli Heeler (voice) es uno de los protagonistas principales de 'Bluey'.,https://image.tmdb.org/t/p/w500/lbUQ7ilvBtWMU23reKsHg3jRmsf.jpg,Melanie Zanetti
Bonkers,Bonkers / Lucky Piquel (voice),41 años,Masculino,Bonkers / Lucky Piquel (voice) es el protagonista principal de 'Bonkers'.,https://image.tmdb.org/t/p/w500/c0sQPRCM5Ri3F4gVyxPr4AcPmIq.jpg,Jim Cummings
Bonkers,Miranda Wright (voice),40 años,Femenino,Miranda Wright (voice) es uno de los protagonistas principales de 'Bonkers'.,https://image.tmdb.org/t/p/w500/4aXgSyqjm2ybhnFLbdY841CtlZd.jpg,Karla DeVito
Bonkers,Fall Apart Rabbit (voice),47 años,Masculino,Fall Apart Rabbit (voice) es uno de los protagonistas principales de 'Bonkers'.,https://image.tmdb.org/t/p/w500/xXODQ5AX6pG4my8ieeEIuiAREXs.jpg,Frank Welker
Bonkers,Marilyn Piquel (voice),41 años,Femenino,Marilyn Piquel (voice) es uno de los protagonistas principales de 'Bonkers'.,https://image.tmdb.org/t/p/w500/cp7SYig9JVbBWgc2YD4wEUNQGzh.jpg,Sherry Lynn
Bonkers,Kanifky (voice),52 años,Masculino,Kanifky (voice) es uno de los protagonistas principales de 'Bonkers'.,https://image.tmdb.org/t/p/w500/nRAlyqkAA84gCTDwjFR77avdfHK.jpg,Earl Boen
Boy Meets World,Cory Matthews,13 años,Masculino,Cory Matthews es el protagonista principal de 'Boy Meets World'.,https://image.tmdb.org/t/p/w500/khiml4TCvzUkTZUfhOiaWPTjKzy.jpg,Ben Savage
Boy Meets World,Shawn Hunter,14 años,Masculino,Shawn Hunter es uno de los protagonistas principales de 'Boy Meets World'.,https://image.tmdb.org/t/p/w500/c6VhIfJiautAOloclWBEpFoK4Ho.jpg,Rider Strong
Boy Meets World,Topanga Lawrence,12 años,Femenino,Topanga Lawrence es uno de los protagonistas principales de 'Boy Meets World'.,https://image.tmdb.org/t/p/w500/q842t0KZtSie5eWfaXcuHoDgEK1.jpg,Danielle Fishel
Boy Meets World,George Feeny,66 años,Masculino,George Feeny es uno de los protagonistas principales de 'Boy Meets World'.,https://image.tmdb.org/t/p/w500/1SCR6im2maiASfTD5h7r0g9dU78.jpg,William Daniels
Boy Meets World,Eric Matthews,17 años,Masculino,Eric Matthews es uno de los protagonistas principales de 'Boy Meets World'.,https://image.tmdb.org/t/p/w500/Ao3fp9f4loVQ1Vvk6ph8HU5p0Lu.jpg,Will Friedle
Brain Games,Himself - Host,40 años,Masculino,Himself - Host es el protagonista principal de 'Brain Games'.,https://image.tmdb.org/t/p/w500/vAR5gVXRG2Cl6WskXT99wgkAoH8.jpg,Keegan-Michael Key
Brain Games,Self,29 años,Femenino,Self es uno de los protagonistas principales de 'Brain Games'.,https://image.tmdb.org/t/p/w500/waS3L3BLgnbh6gzFTfUTX1RjQh8.jpg,Cara Santa Maria
Chip 'n' Dale Rescue Rangers,Dale / Zipper (voice),33 años,Masculino,Dale / Zipper (voice) es el protagonista principal de 'Chip 'n' Dale Rescue Rangers'.,https://image.tmdb.org/t/p/w500/wcpFwdL7m01cZoBJiUSMQVakK2G.jpg,Corey Burton
Chip 'n' Dale Rescue Rangers,Chip / Gadget (voice),37 años,Femenino,Chip / Gadget (voice) es uno de los protagonistas principales de 'Chip 'n' Dale Rescue Rangers'.,https://image.tmdb.org/t/p/w500/gI2LsgByvSffQY34vabVnPmrHzw.jpg,Tress MacNeille
Chip 'n' Dale Rescue Rangers,Monterey Jack / Fat Cat / Professor Nimnul (voice),36 años,Masculino,Monterey Jack / Fat Cat / Professor Nimnul (voice) es uno de los protagonistas principales de 'Chip 'n' Dale Rescue Rangers'.,https://image.tmdb.org/t/p/w500/c0sQPRCM5Ri3F4gVyxPr4AcPmIq.jpg,Jim Cummings
Coop and Cami Ask the World,Cooper Wrather,14 años,Masculino,Cooper Wrather es el protagonista principal de 'Coop and Cami Ask the World'.,https://image.tmdb.org/t/p/w500/ujxbL5r6qLgsUvXcTx3NzRRzzdx.jpg,Dakota Lotus
Coop and Cami Ask the World,Cameron Wrather,13 años,Femenino,Cameron Wrather es uno de los protagonistas principales de 'Coop and Cami Ask the World'.,https://image.tmdb.org/t/p/w500/qxdm0GM1LX2luvwzMDcISSAQ6ST.jpg,Ruby Rose Turner
Coop and Cami Ask the World,Charlotte Wrather,15 años,Femenino,Charlotte Wrather es uno de los protagonistas principales de 'Coop and Cami Ask the World'.,https://image.tmdb.org/t/p/w500/z1hP3OkMJ5JFcjaqPIGL0k6RsDK.jpg,Olivia Sanabia
Coop and Cami Ask the World,Jenna Wrather,45 años,Femenino,Jenna Wrather es uno de los protagonistas principales de 'Coop and Cami Ask the World'.,https://image.tmdb.org/t/p/w500/fpZhb8BUyAHyHZgYlc2e0oAg0iz.jpg,Rebecca Metz
Coop and Cami Ask the World,Ollie Wrather,8 años,Masculino,Ollie Wrather es uno de los protagonistas principales de 'Coop and Cami Ask the World'.,https://image.tmdb.org/t/p/w500/pyVTr8pvcQSH8cs9MlGIk6TPgn1.jpg,Paxton Booth
Crash & Bernstein,Wyatt Bernstein,11 años,Masculino,Wyatt Bernstein es el protagonista principal de 'Crash & Bernstein'.,https://image.tmdb.org/t/p/w500/aNjGYV2ajzMuFmI4vAR02msRLPO.jpg,Cole Jensen
Crash & Bernstein,Amanda Bernstein,16 años,Femenino,Amanda Bernstein es uno de los protagonistas principales de 'Crash & Bernstein'.,https://image.tmdb.org/t/p/w500/mPjIxP8HCY18e5MdCtxUaHnx18k.jpg,Oana Gregory
Crash & Bernstein,Crash,43 años,Masculino,Crash es uno de los protagonistas principales de 'Crash & Bernstein'.,https://image.tmdb.org/t/p/w500/pwbCd8SarM1SjciwNkyXsn624eq.jpg,Tim Lagasse
Crash & Bernstein,Pesto,14 años,Masculino,Pesto es uno de los protagonistas principales de 'Crash & Bernstein'.,https://image.tmdb.org/t/p/w500/y6O5cxK9vrDsQCfeX2yamLpeYYi.jpg,Aaron R Landon
Crash & Bernstein,Cleo Bernstein,12 años,Femenino,Cleo Bernstein es uno de los protagonistas principales de 'Crash & Bernstein'.,https://image.tmdb.org/t/p/w500/oyB2v2GuSkgZZk0cGzpf5Ix43kL.jpg,Landry Bender
Darkwing Duck,Darkwing Duck (voice),39 años,Masculino,Darkwing Duck (voice) es el protagonista principal de 'Darkwing Duck'.,https://image.tmdb.org/t/p/w500/c0sQPRCM5Ri3F4gVyxPr4AcPmIq.jpg,Jim Cummings
Darkwing Duck,Gosalyn (voice),28 años,Femenino,Gosalyn (voice) es uno de los protagonistas principales de 'Darkwing Duck'.,https://image.tmdb.org/t/p/w500/8fDGffuBfbMTRTALHpSQQvuzSuO.jpg,Christine Cavanaugh
Darkwing Duck,Launchpad McQuack (voice),49 años,Masculino,Launchpad McQuack (voice) es uno de los protagonistas principales de 'Darkwing Duck'.,https://image.tmdb.org/t/p/w500/85ceNcXJd4XE0elNSxzHVCCKwuV.jpg,Terence McGovern
Diary of a Future President,Elena,14 años,Femenino,Elena es el protagonista principal de 'Diary of a Future President'.,https://image.tmdb.org/t/p/w500/jcNVqDfIVTKF5pYDxZbAjZmwLy4.jpg,Tess Romero
Diary of a Future President,Bobby,16 años,Masculino,Bobby es uno de los protagonistas principales de 'Diary of a Future President'.,https://image.tmdb.org/t/p/w500/advEHGdGi6ne4roDtj83hiVsmRp.jpg,Charlie Bushnell
Diary of a Future President,Gabi,48 años,Femenino,Gabi es uno de los protagonistas principales de 'Diary of a Future President'.,https://image.tmdb.org/t/p/w500/nTiw98CjQt1wKToT1K1jGBcui95.jpg,Selenis Leyva
Diary of a Future President,Sam,49 años,Masculino,Sam es uno de los protagonistas principales de 'Diary of a Future President'.,https://image.tmdb.org/t/p/w500/7cao7HbGgaAfJQGpBKSCJ7Hi40a.jpg,Michael Weaver
Amphibia,Polly Plantar (voice),26 años,Femenino,Polly Plantar (voice) es el protagonista principal de 'Amphibia'.,https://image.tmdb.org/t/p/w500/h5d07tlCEt7PYSDYYXpzfpwb62M.jpg,Amanda Leighton
Amphibia,Anne Boonchuy (voice),31 años,Femenino,Anne Boonchuy (voice) es uno de los protagonistas principales de 'Amphibia'.,https://image.tmdb.org/t/p/w500/1vLlotlVcvfESzXWCk8p1RKQqV7.jpg,Brenda Song
Amphibia,Sprig Plantar (voice),17 años,Masculino,Sprig Plantar (voice) es uno de los protagonistas principales de 'Amphibia'.,https://image.tmdb.org/t/p/w500/7qY0El4GT6MTb0xVzC5pQwcN2JU.jpg,Justin Felbinger
Amphibia,Hopediah Plantar (voice),67 años,Masculino,Hopediah Plantar (voice) es uno de los protagonistas principales de 'Amphibia'.,https://image.tmdb.org/t/p/w500/lhezx68R12s5Bsv7d77BrQb7tWA.jpg,Bill Farmer
Amphibia,Mrs. Boonchuy (voice),25-50 años,Masculino,Mrs. Boonchuy (voice) es uno de los protagonistas principales de 'Amphibia'.,https://image.tmdb.org/t/p/w500/tIaojvXFex2Emw4ZaNyb0pvkcya.jpg,On Braly
Big Hero 6: The Series,Baymax (voice),52 años,Masculino,Baymax (voice) es el protagonista principal de 'Big Hero 6: The Series'.,https://image.tmdb.org/t/p/w500/vbbuugUWrZhxA7ASWYiGqdZ6Dtf.jpg,Scott Adsit
Big Hero 6: The Series,Hiro (voice),22 años,Masculino,Hiro (voice) es uno de los protagonistas principales de 'Big Hero 6: The Series'.,https://image.tmdb.org/t/p/w500/3Hdip1zNYrea3V7uzJQYxTps5Ne.jpg,Ryan Potter
Big Hero 6: The Series,Aunt Cass (voice),45 años,Femenino,Aunt Cass (voice) es uno de los protagonistas principales de 'Big Hero 6: The Series'.,https://image.tmdb.org/t/p/w500/9QTtEfAmQOQcGhD12zzxdouLRh4.jpg,Maya Rudolph
Big Hero 6: The Series,Honey Lemon (voice),30 años,Femenino,Honey Lemon (voice) es uno de los protagonistas principales de 'Big Hero 6: The Series'.,https://image.tmdb.org/t/p/w500/gUI9KADVjfHiI8nMc87hkeaWEF3.jpg,Genesis Rodriguez
Big Hero 6: The Series,Wasabi (voice),45 años,Masculino,Wasabi (voice) es uno de los protagonistas principales de 'Big Hero 6: The Series'.,https://image.tmdb.org/t/p/w500/4PgEGuAb2KkaRb7P9PdK40pPeVH.jpg,Khary Payton
Bizaardvark,Paige Olvera,13 años,Femenino,Paige Olvera es el protagonista principal de 'Bizaardvark'.,https://image.tmdb.org/t/p/w500/v6E0u9DU2Yf2nsObU2DW9KuVVff.jpg,Olivia Rodrigo
Bizaardvark,Frankie Wong,14 años,Femenino,Frankie Wong es uno de los protagonistas principales de 'Bizaardvark'.,https://image.tmdb.org/t/p/w500/ca0KENnfHCHKegSDT2zDYJXxdXt.jpg,Madison Hu
Bizaardvark,Amelia Duckworth,15 años,Femenino,Amelia Duckworth es uno de los protagonistas principales de 'Bizaardvark'.,https://image.tmdb.org/t/p/w500/aI3mvOrel8Ot9BwPYUt0Yg2Fuvo.jpg,DeVore Ledridge
Bizaardvark,Bernard 'Bernie' Schotz,14 años,Masculino,Bernard 'Bernie' Schotz es uno de los protagonistas principales de 'Bizaardvark'.,https://image.tmdb.org/t/p/w500/tEt9oUArSK2bWk11hnegQgPZfvA.jpg,Ethan Wacker
Bizaardvark,Zane,10 años,Masculino,Zane es uno de los protagonistas principales de 'Bizaardvark'.,https://image.tmdb.org/t/p/w500/oldkikEOQXeYHUTPUm87eC8byU6.jpg,Maxwell Simkins
Descendants: Wicked World,Mal (voice),19 años,Femenino,Mal (voice) es el protagonista principal de 'Descendants: Wicked World'.,https://image.tmdb.org/t/p/w500/iVno9xxSJ5IGztYqnUTsFdHwCd2.jpg,Dove Cameron
Descendants: Wicked World,Evie (voice),22 años,Femenino,Evie (voice) es uno de los protagonistas principales de 'Descendants: Wicked World'.,https://image.tmdb.org/t/p/w500/aQudxuIAd2UEGQD1YWsdrHH11Kc.jpg,Sofia Carson
The Evermoor Chronicles,Bella Crossley,18 años,Femenino,Bella Crossley es el protagonista principal de 'The Evermoor Chronicles'.,https://image.tmdb.org/t/p/w500/tVklJUZRvQXqDiH1T4ZYXRwIEey.jpg,Georgia Lock
The Evermoor Chronicles,Cameron Marsh,16 años,Masculino,Cameron Marsh es uno de los protagonistas principales de 'The Evermoor Chronicles'.,https://via.placeholder.com/500x750?text=Imagen+No+Disponible,Finney Cassidy
The Evermoor Chronicles,Jake Crossley,13 años,Masculino,Jake Crossley es uno de los protagonistas principales de 'The Evermoor Chronicles'.,https://image.tmdb.org/t/p/w500/r3AC3MDS81mWAsxoVNCSi8trLiP.jpg,Georgie Farmer
The Evermoor Chronicles,Ludo Carmichael,13 años,Masculino,Ludo Carmichael es uno de los protagonistas principales de 'The Evermoor Chronicles'.,https://via.placeholder.com/500x750?text=Imagen+No+Disponible,Alex Starke
The Evermoor Chronicles,Housekeeper Crimson Carmichael,39 años,Femenino,Housekeeper Crimson Carmichael es uno de los protagonistas principales de 'The Evermoor Chronicles'.,https://image.tmdb.org/t/p/w500/u3Ny2jS17KtnQdTV8tqjILdVkLe.jpg,Margaret Cabourn-Smith
Family Sundays,Herself - Presenter,Edad no especificada,No especificado,Herself - Presenter es el protagonista principal de 'Family Sundays'.,https://image.tmdb.org/t/p/w500/zKusd3KvFeL9O9WN2yV4W0jOtNf.jpg,Amber Kemp-Gerstel
Fancy Nancy,Nancy Clancy (voice),13 años,Femenino,Nancy Clancy (voice) es el protagonista principal de 'Fancy Nancy'.,https://image.tmdb.org/t/p/w500/3eCX6PqGf6a3j1kJy2KAPGj9nR2.jpg,Mia Sinclair Jenness
Fancy Nancy,Claire Clancy (voice),44 años,Femenino,Claire Clancy (voice) es uno de los protagonistas principales de 'Fancy Nancy'.,https://image.tmdb.org/t/p/w500/bO16z8rAzZWdjCga8dcbJ2AFAh2.jpg,Alyson Hannigan
Fancy Nancy,Doug Clancy (voice),48 años,Masculino,Doug Clancy (voice) es uno de los protagonistas principales de 'Fancy Nancy'.,https://image.tmdb.org/t/p/w500/hQgOp8vWxl6KPZbqzKSSL4k6G1j.jpg,Rob Riggle
Fancy Nancy,Mrs. Devine (voice),66 años,Femenino,Mrs. Devine (voice) es uno de los protagonistas principales de 'Fancy Nancy'.,https://image.tmdb.org/t/p/w500/q6Zi3BYlmoim1JXXMGgRVS5C87x.jpg,Christine Baranski
Fancy Nancy,Grandpa Clancy (voice),70 años,Masculino,Grandpa Clancy (voice) es uno de los protagonistas principales de 'Fancy Nancy'.,https://image.tmdb.org/t/p/w500/noQKS06TbuPJQ9o91CzKbEvTwZR.jpg,George Wendt
Fast Layne,Layne Reed,15 años,Femenino,Layne Reed es el protagonista principal de 'Fast Layne'.,https://image.tmdb.org/t/p/w500/gTzyf1YuGrIJwDfR2MqlYwPfhxx.jpg,Sophie Pollono
Fast Layne,Zora Morris,13 años,Femenino,Zora Morris es uno de los protagonistas principales de 'Fast Layne'.,https://image.tmdb.org/t/p/w500/iScV4kn0sGzg8E3iQmgIKuJn3Kp.jpg,Sofia Rosinsky
Fast Layne,Cody Castillo,15 años,Masculino,Cody Castillo es uno de los protagonistas principales de 'Fast Layne'.,https://image.tmdb.org/t/p/w500/iiGPw65tVdJ4W4WnKvI2llazEqB.jpg,Brandon Rossel
Fast Layne,Mel,10 años,Masculino,Mel es uno de los protagonistas principales de 'Fast Layne'.,https://image.tmdb.org/t/p/w500/5f9dHDqrhDxxGLnfpt3nrOJUSqh.jpg,Winslow Fegley
Fast Layne,Cheryl,46 años,Femenino,Cheryl es uno de los protagonistas principales de 'Fast Layne'.,https://image.tmdb.org/t/p/w500/iUKdPsnYBLfpJj8Ra4uDSqoWXCd.jpg,Enid-Raye Adams
Gravity Falls,Dipper Pines (voice),32 años,Masculino,Dipper Pines (voice) es el protagonista principal de 'Gravity Falls'.,https://image.tmdb.org/t/p/w500/sF43q8bSixEjCJ6IXag6VTaNwFj.jpg,Jason Ritter
Gravity Falls,Mabel Pines (voice),34 años,Femenino,Mabel Pines (voice) es uno de los protagonistas principales de 'Gravity Falls'.,https://image.tmdb.org/t/p/w500/s3LSHVTx8gxHP2twYsXEGa8JbLl.jpg,Kristen Schaal
Gravity Falls,Grunkle Stan / Soos Ramirez / Old Man McGucket (voice),27 años,Masculino,Grunkle Stan / Soos Ramirez / Old Man McGucket (voice) es uno de los protagonistas principales de 'Gravity Falls'.,https://image.tmdb.org/t/p/w500/jQwmmz7ujRiKGSOHZoTBGiFI3J3.jpg,Alex Hirsch
Gravity Falls,Wendy Corduroy (voice),37 años,Femenino,Wendy Corduroy (voice) es uno de los protagonistas principales de 'Gravity Falls'.,https://image.tmdb.org/t/p/w500/bcycvynDprC1rrhBNrnBjn5uOUd.jpg,Linda Cardellini
I Didn't Do It,Lindy Watson,17 años,Femenino,Lindy Watson es el protagonista principal de 'I Didn't Do It'.,https://image.tmdb.org/t/p/w500/gOYenPpic8MJnfzszGyUWgsYHSC.jpg,Olivia Holt
I Didn't Do It,Logan Watson,18 años,Masculino,Logan Watson es uno de los protagonistas principales de 'I Didn't Do It'.,https://image.tmdb.org/t/p/w500/AuamGbm12flhZ0K95hhdyhYAbBS.jpg,Austin North
I Didn't Do It,Jasmine Kang,17 años,Femenino,Jasmine Kang es uno de los protagonistas principales de 'I Didn't Do It'.,https://image.tmdb.org/t/p/w500/iPEnDuW6CYRLaEphS3bD0b8K656.jpg,Piper Curda
I Didn't Do It,Garrett Spenger,20 años,Masculino,Garrett Spenger es uno de los protagonistas principales de 'I Didn't Do It'.,https://image.tmdb.org/t/p/w500/2SX4aAhAszrqdoLf9yD37KWvu45.jpg,Peyton Clark
I Didn't Do It,Delia Delfano,18 años,Femenino,Delia Delfano es uno de los protagonistas principales de 'I Didn't Do It'.,https://image.tmdb.org/t/p/w500/zcMLZ55i7eSlkY9TiuV6kGAavH8.jpg,Sarah Gilman
Jake and the Never Land Pirates,Skully (voice),40 años,Masculino,Skully (voice) es el protagonista principal de 'Jake and the Never Land Pirates'.,https://image.tmdb.org/t/p/w500/1C5sLNLNVZ3P8sMy7HUQ32IKdqX.jpg,David Arquette
Jake and the Never Land Pirates,Mr. Smee (voice),49 años,Masculino,Mr. Smee (voice) es uno de los protagonistas principales de 'Jake and the Never Land Pirates'.,https://image.tmdb.org/t/p/w500/6Fq3Q1e0Oz0j2J2fnFSl7fKCHd9.jpg,Jeff Bennett
Jake and the Never Land Pirates,Captain Hook (voice),56 años,Masculino,Captain Hook (voice) es uno de los protagonistas principales de 'Jake and the Never Land Pirates'.,https://image.tmdb.org/t/p/w500/wcpFwdL7m01cZoBJiUSMQVakK2G.jpg,Corey Burton
Jake and the Never Land Pirates,Captain Jake (voice),8 años,Masculino,Captain Jake (voice) es uno de los protagonistas principales de 'Jake and the Never Land Pirates'.,https://image.tmdb.org/t/p/w500/tPJj93cW9Wp9axYNoNz7yGzZjM9.jpg,Gabe Eggerling
Jake and the Never Land Pirates,Izzy (voice),8 años,Femenino,Izzy (voice) es uno de los protagonistas principales de 'Jake and the Never Land Pirates'.,https://via.placeholder.com/500x750?text=Imagen+No+Disponible,Megan Richie
Jonas,Kevin Lucas,22 años,Masculino,Kevin Lucas es el protagonista principal de 'Jonas'.,https://image.tmdb.org/t/p/w500/cVj7VeRSpEOtqrX9arH6U5JoXdm.jpg,Kevin Jonas
Jonas,Joe Lucas,20 años,Masculino,Joe Lucas es uno de los protagonistas principales de 'Jonas'.,https://image.tmdb.org/t/p/w500/wlzMYfBH3uBwOyU0LfDMK3XaFpr.jpg,Joe Jonas
Jonas,Nick Lucas,17 años,Masculino,Nick Lucas es uno de los protagonistas principales de 'Jonas'.,https://image.tmdb.org/t/p/w500/y79k7wrDeyRbrGFs2Z3XHU5mq0o.jpg,Nick Jonas
Jonas,Stella Malone,21 años,Femenino,Stella Malone es uno de los protagonistas principales de 'Jonas'.,https://image.tmdb.org/t/p/w500/yYN0NtxO0hB6FVfZma84pWSXdbw.jpg,Chelsea Kane
Jonas,Macy Misa,19 años,Femenino,Macy Misa es uno de los protagonistas principales de 'Jonas'.,https://image.tmdb.org/t/p/w500/Af6LuIqd8IZ9izOhPuSNVohtoWc.jpg,Nicole Gale Anderson
K.C. Undercover,K.C. Cooper,19 años,Femenino,K.C. Cooper es el protagonista principal de 'K.C. Undercover'.,https://image.tmdb.org/t/p/w500/3WdOloHpjtjL96uVOhFRRCcYSwq.jpg,Zendaya
K.C. Undercover,Marisa Miller,20 años,Femenino,Marisa Miller es uno de los protagonistas principales de 'K.C. Undercover'.,https://image.tmdb.org/t/p/w500/96Y3RVlRYtqikwMwkocmyxQSWs.jpg,Veronica Dunne
K.C. Undercover,Ernie Cooper,19 años,Masculino,Ernie Cooper es uno de los protagonistas principales de 'K.C. Undercover'.,https://image.tmdb.org/t/p/w500/xj48euLVpvF7uq8MTC00oQXzj3o.jpg,Kamil McFadden
K.C. Undercover,Judy Cooper,9 años,Femenino,Judy Cooper es uno de los protagonistas principales de 'K.C. Undercover'.,https://image.tmdb.org/t/p/w500/pMx9woFL6ui9LBrpuqzRRqJEdPj.jpg,Trinitee
K.C. Undercover,Kira Cooper,45 años,Femenino,Kira Cooper es uno de los protagonistas principales de 'K.C. Undercover'.,https://image.tmdb.org/t/p/w500/vIZSa3ITSLELHUywN9LcN8LwjZ8.jpg,Tammy Townsend
Lab Rats: Elite Force,Bree Davenport,20 años,Femenino,Bree Davenport es el protagonista principal de 'Lab Rats: Elite Force'.,https://image.tmdb.org/t/p/w500/mWltuVJirQWk4INKIUdiRvyzGQ0.jpg,Kelli Berglund
Lab Rats: Elite Force,Skylar Storm,18 años,Femenino,Skylar Storm es uno de los protagonistas principales de 'Lab Rats: Elite Force'.,https://image.tmdb.org/t/p/w500/qSXkKX421A8ppG1GGfKUP0VSjyc.jpg,Paris Berelc
Lab Rats: Elite Force,Chase Davenport,21 años,Masculino,Chase Davenport es uno de los protagonistas principales de 'Lab Rats: Elite Force'.,https://image.tmdb.org/t/p/w500/tXqgXLfJxuVDWh0vBeVC4Otm64b.jpg,William Brent
Lab Rats: Elite Force,Kaz,18 años,Masculino,Kaz es uno de los protagonistas principales de 'Lab Rats: Elite Force'.,https://image.tmdb.org/t/p/w500/p4h4Mg4jvR4ySbhHEEsc4FK8TUd.jpg,Bradley Steven Perry
Lab Rats: Elite Force,Oliver,19 años,Masculino,Oliver es uno de los protagonistas principales de 'Lab Rats: Elite Force'.,https://image.tmdb.org/t/p/w500/xA3N4HbFV4TdtD931LeQQuLJzfI.jpg,Jake Short
Legend of the Three Caballeros,Donald Duck (voice),58 años,Masculino,Donald Duck (voice) es el protagonista principal de 'Legend of the Three Caballeros'.,https://image.tmdb.org/t/p/w500/8ocCq9OxVg7A0g7hf7EqeT0QenX.jpg,Tony Anselmo
Legend of the Three Caballeros,Panchito Gonzalez (voice),45 años,Masculino,Panchito Gonzalez (voice) es uno de los protagonistas principales de 'Legend of the Three Caballeros'.,https://image.tmdb.org/t/p/w500/njvdXEGN3bSSXpsyVnyKQTXdf1V.jpg,Jaime Camil
Legend of the Three Caballeros,Jose Carioca (voice),39 años,Masculino,Jose Carioca (voice) es uno de los protagonistas principales de 'Legend of the Three Caballeros'.,https://image.tmdb.org/t/p/w500/afOlsVPQxbtkom604MeCemjlwEV.jpg,Eric Bauza
Legend of the Three Caballeros,Xandra the Goddess of Adventure / Debbie Affidavit (voice),45 años,Femenino,Xandra the Goddess of Adventure / Debbie Affidavit (voice) es uno de los protagonistas principales de 'Legend of the Three Caballeros'.,https://image.tmdb.org/t/p/w500/vrUHaXe1pG56yZkgH7Hs3LGRLTT.jpg,Grey DeLisle-Griffin
Legend of the Three Caballeros,Baron Von Sheldgoose (voice),63 años,Masculino,Baron Von Sheldgoose (voice) es uno de los protagonistas principales de 'Legend of the Three Caballeros'.,https://image.tmdb.org/t/p/w500/ecc2Detpzqu6XyCUPh0BqOBwZyO.jpg,Wayne Knight
Mickey Mouse Clubhouse,Mickey Mouse (voice),24 años,Masculino,Mickey Mouse (voice) es el protagonista principal de 'Mickey Mouse Clubhouse'.,https://image.tmdb.org/t/p/w500/14m82iewt4tDjaaOmsYWMr6TKQ8.jpg,Bret Iwan
Mickey Mouse Clubhouse,Donald Duck (voice),46 años,Masculino,Donald Duck (voice) es uno de los protagonistas principales de 'Mickey Mouse Clubhouse'.,https://image.tmdb.org/t/p/w500/8ocCq9OxVg7A0g7hf7EqeT0QenX.jpg,Tony Anselmo
Mickey Mouse Clubhouse,Daisy Duck (voice),55 años,Femenino,Daisy Duck (voice) es uno de los protagonistas principales de 'Mickey Mouse Clubhouse'.,https://image.tmdb.org/t/p/w500/gI2LsgByvSffQY34vabVnPmrHzw.jpg,Tress MacNeille
Mickey Mouse Clubhouse,Minnie Mouse (voice),62 años,Femenino,Minnie Mouse (voice) es uno de los protagonistas principales de 'Mickey Mouse Clubhouse'.,https://image.tmdb.org/t/p/w500/r79GVF7LyBExJP7cRMob8QQZ6IU.jpg,Russi Taylor
Mickey Mouse Clubhouse,Goofy / Pluto (voice),54 años,Masculino,Goofy / Pluto (voice) es uno de los protagonistas principales de 'Mickey Mouse Clubhouse'.,https://image.tmdb.org/t/p/w500/lhezx68R12s5Bsv7d77BrQb7tWA.jpg,Bill Farmer
Milo Murphy's Law,Milo Murphy (voice),57 años,Masculino,Milo Murphy (voice) es el protagonista principal de 'Milo Murphy's Law'.,https://image.tmdb.org/t/p/w500/tnoAlkQlpNhJn0ROiJX4hW6hpki.jpg,'Weird Al' Yankovic
Milo Murphy's Law,Melissa (voice),17 años,Femenino,Melissa (voice) es uno de los protagonistas principales de 'Milo Murphy's Law'.,https://image.tmdb.org/t/p/w500/h2JcSqZ220VXDqb6xKBVcRquGGN.jpg,Sabrina Carpenter
Milo Murphy's Law,Zack Underwood (voice),16 años,Masculino,Zack Underwood (voice) es uno de los protagonistas principales de 'Milo Murphy's Law'.,https://image.tmdb.org/t/p/w500/78Rv0AKBhBqo8IJm7E3dU6EDHmk.jpg,Mekai Curtis
Milo Murphy's Law,Additional Voices (voice),53 años,Masculino,Additional Voices (voice) es uno de los protagonistas principales de 'Milo Murphy's Law'.,https://image.tmdb.org/t/p/w500/fw4mmvp4G3V3pR3X3BvhEQ2C9tV.jpg,Dan Povenmire
Milo Murphy's Law,Additional Voices (voice),56 años,Masculino,Additional Voices (voice) es uno de los protagonistas principales de 'Milo Murphy's Law'.,https://image.tmdb.org/t/p/w500/bbJufeLLpO3bs8V4cslz6ttNqEY.jpg,Jeff 'Swampy' Marsh
Minnie's Bow-Toons,Daisy Duck (voice),60 años,Femenino,Daisy Duck (voice) es el protagonista principal de 'Minnie's Bow-Toons'.,https://image.tmdb.org/t/p/w500/gI2LsgByvSffQY34vabVnPmrHzw.jpg,Tress MacNeille
Minnie's Bow-Toons,Cuckoo Loca (voice),42 años,Femenino,Cuckoo Loca (voice) es uno de los protagonistas principales de 'Minnie's Bow-Toons'.,https://image.tmdb.org/t/p/w500/6zfuSfLGtLXtFxXBUftMQbgfH6q.jpg,Nika Futterman
Randy Cunningham: 9th Grade Ninja,Randy Cunningham / The Ninja (voice),31 años,Masculino,Randy Cunningham / The Ninja (voice) es el protagonista principal de 'Randy Cunningham: 9th Grade Ninja'.,https://image.tmdb.org/t/p/w500/lJVYjPj0P6uvVxNrTy4xO2645D0.jpg,Ben Schwartz
Randy Cunningham: 9th Grade Ninja,Howard Weinerman (voice),23 años,Masculino,Howard Weinerman (voice) es uno de los protagonistas principales de 'Randy Cunningham: 9th Grade Ninja'.,https://image.tmdb.org/t/p/w500/2g33J4GnUzhCU3GYSswPAh06j9l.jpg,Andrew Lewis Caldwell
Randy Cunningham: 9th Grade Ninja,The Sorcerer (voice),65 años,Masculino,The Sorcerer (voice) es uno de los protagonistas principales de 'Randy Cunningham: 9th Grade Ninja'.,https://image.tmdb.org/t/p/w500/11gObExUG7lFCA7WeYgHabnZjDg.jpg,Ben Cross
Randy Cunningham: 9th Grade Ninja,Hannibal McFist (voice),44 años,Masculino,Hannibal McFist (voice) es uno de los protagonistas principales de 'Randy Cunningham: 9th Grade Ninja'.,https://image.tmdb.org/t/p/w500/qcbQe71nSlULDsP1OxTqltEKFbl.jpg,John DiMaggio
Randy Cunningham: 9th Grade Ninja,Willem Viceroy III (voice),48 años,Masculino,Willem Viceroy III (voice) es uno de los protagonistas principales de 'Randy Cunningham: 9th Grade Ninja'.,https://image.tmdb.org/t/p/w500/xXt9Nh7RAT5bOen66TaXreNYmCl.jpg,Kevin Michael Richardson
Raven's Home,Raven Baxter,32 años,Femenino,Raven Baxter es el protagonista principal de 'Raven's Home'.,https://image.tmdb.org/t/p/w500/76x0KF5bnkxeFaq5vx9rXylPGQZ.jpg,Raven-Symoné
Raven's Home,Booker Baxter-Carter,12 años,Masculino,Booker Baxter-Carter es uno de los protagonistas principales de 'Raven's Home'.,https://image.tmdb.org/t/p/w500/xyS9AOh0YZsCEzlLkE5DHQhUhZa.jpg,Issac Ryan Brown
Raven's Home,Ivy Chen,11 años,Femenino,Ivy Chen es uno de los protagonistas principales de 'Raven's Home'.,https://image.tmdb.org/t/p/w500/2tGqKiwu42XhnUsZDBPXo8LI5l5.jpg,Emmy Liu-Wang
Raven's Home,Victor Baxter,59 años,Masculino,Victor Baxter es uno de los protagonistas principales de 'Raven's Home'.,https://image.tmdb.org/t/p/w500/bpA4LSHQw57xycp0lu5nXlQzE6O.jpg,Rondell Sheridan
Raven's Home,Neil,15 años,Masculino,Neil es uno de los protagonistas principales de 'Raven's Home'.,https://image.tmdb.org/t/p/w500/fOkHoVboRklngHuUZYM4Pw71toM.jpg,Felix Avitia
Star vs. the Forces of Evil,Star Butterfly (voice),24 años,Femenino,Star Butterfly (voice) es el protagonista principal de 'Star vs. the Forces of Evil'.,https://image.tmdb.org/t/p/w500/880rB5Z89P7AhD6ThtOLOWgNM2H.jpg,Eden Sher
Star vs. the Forces of Evil,Marco Diaz (voice),33 años,Masculino,Marco Diaz (voice) es uno de los protagonistas principales de 'Star vs. the Forces of Evil'.,https://image.tmdb.org/t/p/w500/dX9wqqiD3HPJdJZLa8h1hFRZDBf.jpg,Adam McArthur
Star vs. the Forces of Evil,Ludo (voice) / King River Butterfly (voice),44 años,Masculino,Ludo (voice) / King River Butterfly (voice) es uno de los protagonistas principales de 'Star vs. the Forces of Evil'.,https://image.tmdb.org/t/p/w500/jUuUbPuMGonFT5E2pcs4alfqaCN.jpg,Alan Tudyk
Stuck in the Middle,Harley Diaz,14 años,Femenino,Harley Diaz es el protagonista principal de 'Stuck in the Middle'.,https://image.tmdb.org/t/p/w500/cV4x7jNmsGLdKZn5I6xVF3Ltnmg.jpg,Jenna Ortega
Stuck in the Middle,Ethan Diaz,14 años,Masculino,Ethan Diaz es uno de los protagonistas principales de 'Stuck in the Middle'.,https://image.tmdb.org/t/p/w500/2xobBdhlKEgCiFxuxcdz5Fgp7hM.jpg,Isaak Presley
Stuck in the Middle,Daphne Diaz,9 años,Femenino,Daphne Diaz es uno de los protagonistas principales de 'Stuck in the Middle'.,https://image.tmdb.org/t/p/w500/lwIqQLPotJHr44lfNsEOnE6IYsf.jpg,Ariana Greenblatt
Stuck in the Middle,Georgie Diaz,17 años,Femenino,Georgie Diaz es uno de los protagonistas principales de 'Stuck in the Middle'.,https://image.tmdb.org/t/p/w500/6E1trYDMjFeLLYozBVqXLxnD27C.jpg,Kayla Maisonet
Stuck in the Middle,Lewie Diaz,11 años,Masculino,Lewie Diaz es uno de los protagonistas principales de 'Stuck in the Middle'.,https://image.tmdb.org/t/p/w500/5s5liiNXUCyPeMRxPdc97XtrbAP.jpg,Nicolas Bechtel
Sydney to the Max,Sydney Reynolds,14 años,Femenino,Sydney Reynolds es el protagonista principal de 'Sydney to the Max'.,https://image.tmdb.org/t/p/w500/aWo6ySohpcEJDUYvUzbyCr8DkP1.jpg,Ruth Righi
Sydney to the Max,Olive,13 años,Femenino,Olive es uno de los protagonistas principales de 'Sydney to the Max'.,https://image.tmdb.org/t/p/w500/oufIY57mlnekLP5XN0iJQX5Wvf6.jpg,Ava Kolker
Sydney to the Max,Max Reynolds,42 años,Masculino,Max Reynolds es uno de los protagonistas principales de 'Sydney to the Max'.,https://image.tmdb.org/t/p/w500/7LXeACXi9fz1DlwefkWfeM6ohPR.jpg,Ian Reed Kesler
Sydney to the Max,Judy,55 años,Femenino,Judy es uno de los protagonistas principales de 'Sydney to the Max'.,https://image.tmdb.org/t/p/w500/mlZbWfwoGkoGlbDhOscfo9f0jT4.jpg,Caroline Rhea
Sydney to the Max,Young Max,12 años,Masculino,Young Max es uno de los protagonistas principales de 'Sydney to the Max'.,https://image.tmdb.org/t/p/w500/6LhJzweGc7AmLESymjKdmP2EVev.jpg,Jackson Dollinger
The Lion Guard,Beshte (voice),15 años,Masculino,Beshte (voice) es el protagonista principal de 'The Lion Guard'.,https://image.tmdb.org/t/p/w500/yG9azdIbLMSJLz5pcJxut81pWud.jpg,Dusan Brown
The Lion Guard,Bunga (voice),15 años,Masculino,Bunga (voice) es uno de los protagonistas principales de 'The Lion Guard'.,https://image.tmdb.org/t/p/w500/tdQaTYoYiAZ0juAk5CDRPJwh63K.jpg,Joshua Rush
The Lion Guard,Kion (voice),13 años,Masculino,Kion (voice) es uno de los protagonistas principales de 'The Lion Guard'.,https://image.tmdb.org/t/p/w500/wVnQgfJ1M7gfJhRSFrAfKZwxNip.jpg,Max Charles
The Lion Guard,Ono (voice),18 años,Masculino,Ono (voice) es uno de los protagonistas principales de 'The Lion Guard'.,https://image.tmdb.org/t/p/w500/uZUZizKPSIiEiqVXh5IwIQBH2VX.jpg,Atticus Shaffer
The Lion Guard,Fuli (voice),17 años,Femenino,Fuli (voice) es uno de los protagonistas principales de 'The Lion Guard'.,https://image.tmdb.org/t/p/w500/tyuArlhNIl0WvhefEBXqM6Na7Mj.jpg,Diamond White
Vampirina,Vampirina (voice),13 años,Femenino,Vampirina (voice) es el protagonista principal de 'Vampirina'.,https://image.tmdb.org/t/p/w500/kNAsbA2nIU8VfuBC6YoyrblblS.jpg,Isabella Crovetti
Vampirina,Boris Hauntley (voice),40 años,Masculino,Boris Hauntley (voice) es uno de los protagonistas principales de 'Vampirina'.,https://image.tmdb.org/t/p/w500/5CzRqYzRMNevIu6rB8gUFKpsKZL.jpg,James Van Der Beek
Vampirina,Oxana Hauntley (voice),50 años,Femenino,Oxana Hauntley (voice) es uno de los protagonistas principales de 'Vampirina'.,https://image.tmdb.org/t/p/w500/l5Xul6KgwjVx9sAtH58e3QKmvlh.jpg,Lauren Graham
Vampirina,Demi (voice),53 años,Masculino,Demi (voice) es uno de los protagonistas principales de 'Vampirina'.,https://image.tmdb.org/t/p/w500/aCyQGfiRfoCNlSXQ8D2mD5f8zFn.jpg,Mitchell Whitfield
Vampirina,Poppy (voice),14 años,Femenino,Poppy (voice) es uno de los protagonistas principales de 'Vampirina'.,https://image.tmdb.org/t/p/w500/itz31u3sG9hAlwuFZ6FWz1KhY1R.jpg,Jordan Alexa Davis
Adventures of the Gummi Bears,Grammi Gummi (voice),68 años,Femenino,Grammi Gummi (voice) es el protagonista principal de 'Adventures of the Gummi Bears'.,https://image.tmdb.org/t/p/w500/6s5sWcOPGtVdbMFtZwkWadArj2I.jpg,June Foray
Adventures of the Gummi Bears,Tummi Gummi (voice),48 años,Masculino,Tummi Gummi (voice) es uno de los protagonistas principales de 'Adventures of the Gummi Bears'.,https://via.placeholder.com/500x750?text=Imagen+No+Disponible,Lorenzo Music
Adventures of the Gummi Bears,Sunni Gummi (voice),27 años,Femenino,Sunni Gummi (voice) es uno de los protagonistas principales de 'Adventures of the Gummi Bears'.,https://image.tmdb.org/t/p/w500/jApn1mOWTxQG6a8a3IJmgjRaxqH.jpg,Katie Leigh
Adventures of the Gummi Bears,Zummi Gummi (voice),33 años,Masculino,Zummi Gummi (voice) es uno de los protagonistas principales de 'Adventures of the Gummi Bears'.,https://image.tmdb.org/t/p/w500/c0sQPRCM5Ri3F4gVyxPr4AcPmIq.jpg,Jim Cummings
Adventures of the Gummi Bears,Cubbi Gummi / Princess Calla (voice),36 años,Femenino,Cubbi Gummi / Princess Calla (voice) es uno de los protagonistas principales de 'Adventures of the Gummi Bears'.,https://image.tmdb.org/t/p/w500/y1pTR6uChDpvMlW6D4uI3Epoi3G.jpg,Noelle North
Disney's Doug,Doug Funnie (voice),Edad no especificada,No especificado,Doug Funnie (voice) es el protagonista principal de 'Disney's Doug'.,https://via.placeholder.com/500x750?text=Imagen+No+Disponible,Thomas McHugh
Disney's Doug,Patti Mayonnaise (voice),38 años,Femenino,Patti Mayonnaise (voice) es uno de los protagonistas principales de 'Disney's Doug'.,https://image.tmdb.org/t/p/w500/17pWsLlK4ZtAU79To93TXJAh9bE.jpg,Constance Shulman
Disney's Doug,Skeeter Valentine (voice),Edad no especificada,No especificado,Skeeter Valentine (voice) es uno de los protagonistas principales de 'Disney's Doug'.,https://image.tmdb.org/t/p/w500/2g6Qou3WREWkfegFQ0W1jo4EtAR.jpg,Fred Newman
Disney's Doug,Phil Funnie (voice),43 años,Masculino,Phil Funnie (voice) es uno de los protagonistas principales de 'Disney's Doug'.,https://image.tmdb.org/t/p/w500/mqLj2ZeWwDoTY9s8EbeuNGpYwGV.jpg,Doug Preis
Disney's Doug,Beebe Bluff (voice),49 años,Femenino,Beebe Bluff (voice) es uno de los protagonistas principales de 'Disney's Doug'.,https://image.tmdb.org/t/p/w500/bd5ulqTHxY457wIN2RHeDO6lJnB.jpg,Alice Playten
DuckTales,Scrooge McDuck (Voice),16 años,Masculino,Scrooge McDuck (Voice) es el protagonista principal de 'DuckTales'.,https://image.tmdb.org/t/p/w500/pQHLJEOEcKpPpyiIheh47AJ5INS.jpg,David Tennant
DuckTales,Huey Duck (Voice),8 años,Masculino,Huey Duck (Voice) es uno de los protagonistas principales de 'DuckTales'.,https://image.tmdb.org/t/p/w500/w0zT8Y2dQHU8FgV03NJoHJE6tmD.jpg,Danny Pudi
DuckTales,Dewey Duck (Voice),6 años,Masculino,Dewey Duck (Voice) es uno de los protagonistas principales de 'DuckTales'.,https://image.tmdb.org/t/p/w500/lJVYjPj0P6uvVxNrTy4xO2645D0.jpg,Ben Schwartz
DuckTales,Louie Duck (Voice),10 años,Masculino,Louie Duck (Voice) es uno de los protagonistas principales de 'DuckTales'.,https://image.tmdb.org/t/p/w500/gOvwNz5joi5yWJ7dAhuF8WA2aas.jpg,Bobby Moynihan
DuckTales,Webby Vanderquack (Voice),7 años,Femenino,Webby Vanderquack (Voice) es uno de los protagonistas principales de 'DuckTales'.,https://image.tmdb.org/t/p/w500/lgmIxZ59bnYflbkWyAfmWi0bUsT.jpg,Kate Micucci
Hercules,Hercules (voice),35 años,Masculino,Hercules (voice) es el protagonista principal de 'Hercules'.,https://image.tmdb.org/t/p/w500/uYgYbd842mtRY66Ehw441aKkOC5.jpg,Tate Donovan
Hercules,Icarus (voice),34 años,Masculino,Icarus (voice) es uno de los protagonistas principales de 'Hercules'.,https://image.tmdb.org/t/p/w500/5c1YaxSkFmwsqEnL7ARyQw2FQ3D.jpg,French Stewart
Hercules,Cassandra (voice),43 años,Femenino,Cassandra (voice) es uno de los protagonistas principales de 'Hercules'.,https://image.tmdb.org/t/p/w500/3S93MgFQtXH4eO3oCxx1BA13nBj.jpg,Sandra Bernhard
Hercules,Hades (voice),51 años,Masculino,Hades (voice) es uno de los protagonistas principales de 'Hercules'.,https://image.tmdb.org/t/p/w500/UAvunLhXXFMD83wXOUvRWhNBmO.jpg,James Woods
Hercules,Philoctetes (voice),56 años,Masculino,Philoctetes (voice) es uno de los protagonistas principales de 'Hercules'.,https://image.tmdb.org/t/p/w500/vyUeNk56Yv7xyHztgVa8UBEIasu.jpg,Robert Costanzo
Kim Possible,Kim Possible (voice),18 años,Femenino,Kim Possible (voice) es el protagonista principal de 'Kim Possible'.,https://image.tmdb.org/t/p/w500/sU7lBGl6imfU0PaxL0GKIbjU5e2.jpg,Christy Carlson Romano
Kim Possible,Ron Stoppable (voice),26 años,Masculino,Ron Stoppable (voice) es uno de los protagonistas principales de 'Kim Possible'.,https://image.tmdb.org/t/p/w500/Ao3fp9f4loVQ1Vvk6ph8HU5p0Lu.jpg,Will Friedle
Kim Possible,Rufus (voice),45 años,Femenino,Rufus (voice) es uno de los protagonistas principales de 'Kim Possible'.,https://image.tmdb.org/t/p/w500/40qNhyYJhSE2Yiy4pnXSZhdufO6.jpg,Nancy Cartwright
Kim Possible,Wade Load (voice),16 años,Masculino,Wade Load (voice) es uno de los protagonistas principales de 'Kim Possible'.,https://image.tmdb.org/t/p/w500/z5PUAoeg5cGWgbU6Iur0HDlIJAv.jpg,Tahj Mowry
Little Einsteins,Annie (voice),10 años,Femenino,Annie (voice) es el protagonista principal de 'Little Einsteins'.,https://image.tmdb.org/t/p/w500/7qr9iImj4EVRNKC3ZRBxk3M878d.jpg,Natalia Wojcik
Little Einsteins,Leo (voice),11 años,Masculino,Leo (voice) es uno de los protagonistas principales de 'Little Einsteins'.,https://image.tmdb.org/t/p/w500/3vrako6YgkLhYYFddPAlJTmf9RL.jpg,Jesse Schwartz
Little Einsteins,June (voice),8 años,Femenino,June (voice) es uno de los protagonistas principales de 'Little Einsteins'.,https://image.tmdb.org/t/p/w500/6xaJv1BTNg9ft8buI6moi0L1gz0.jpg,Erica Huang
Little Einsteins,Quincy (voice),13 años,Masculino,Quincy (voice) es uno de los protagonistas principales de 'Little Einsteins'.,https://via.placeholder.com/500x750?text=Imagen+No+Disponible,Aiden Pompey
Little Einsteins,Leo (singing voice),13 años,Masculino,Leo (singing voice) es uno de los protagonistas principales de 'Little Einsteins'.,https://image.tmdb.org/t/p/w500/fazEq9nnFLgvZonc9G5s5uASo4n.jpg,Harrison Chad
Mighty Ducks,Alex Morrow,29 años,Femenino,Alex Morrow es el protagonista principal de 'Mighty Ducks'.,https://image.tmdb.org/t/p/w500/l5Xul6KgwjVx9sAtH58e3QKmvlh.jpg,Lauren Graham
Mighty Ducks,Colin Cole,24 años,Masculino,Colin Cole es uno de los protagonistas principales de 'Mighty Ducks'.,https://image.tmdb.org/t/p/w500/5Rp9aeWdN2S623KCjwfii9MhDK1.jpg,Josh Duhamel
Mighty Ducks,Evan Morrow,-9 años,Masculino,Evan Morrow es uno de los protagonistas principales de 'Mighty Ducks'.,https://image.tmdb.org/t/p/w500/qn7dJS2XxKfSoJdK9BVgFiPEeCJ.jpg,Brady Noon
Mighty Ducks,Nick Ganz,-10 años,Masculino,Nick Ganz es uno de los protagonistas principales de 'Mighty Ducks'.,https://image.tmdb.org/t/p/w500/oldkikEOQXeYHUTPUm87eC8byU6.jpg,Maxwell Simkins
Mighty Ducks,Sofi Hanson-Bhatt,-11 años,Femenino,Sofi Hanson-Bhatt es uno de los protagonistas principales de 'Mighty Ducks'.,https://image.tmdb.org/t/p/w500/mNdvSSIYKPl1TFIGtLs7eByz286.jpg,Swayam Bhatia
Recess,TJ Detweiler (voice),9 años,Masculino,TJ Detweiler (voice) es el protagonista principal de 'Recess'.,https://image.tmdb.org/t/p/w500/bysQnLdg7zsEenMd2ZVzdMPCOJ1.jpg,Andrew Lawrence
Recess,Vince LaSalle (voice),14 años,Masculino,Vince LaSalle (voice) es uno de los protagonistas principales de 'Recess'.,https://image.tmdb.org/t/p/w500/rUNPlrNbCjX9CZeXIMZo802tPfe.jpg,Rickey D'Shon Collins
Recess,Ashley Spinelli (voice),31 años,Femenino,Ashley Spinelli (voice) es uno de los protagonistas principales de 'Recess'.,https://image.tmdb.org/t/p/w500/5eIRHUbNOH7ibXa0IfUfFvj5I5L.jpg,Pamela Adlon
Recess,Gretchen Grundler (voice),14 años,Femenino,Gretchen Grundler (voice) es uno de los protagonistas principales de 'Recess'.,https://image.tmdb.org/t/p/w500/8s36QwB7Zq3PrbY1W6a6ctTFFoe.jpg,Ashley Johnson
Recess,Mikey Blumberg (voice),13 años,Masculino,Mikey Blumberg (voice) es uno de los protagonistas principales de 'Recess'.,https://image.tmdb.org/t/p/w500/aRyDbN7RB5yAwdTZIuefxtwNnvk.jpg,Jason Davis
The Emperor's New School,Yzma (voice),79 años,Femenino,Yzma (voice) es el protagonista principal de 'The Emperor's New School'.,https://image.tmdb.org/t/p/w500/e1Lc2KU1ejimRNOMAL3mHegQFvc.jpg,Eartha Kitt
The Emperor's New School,Mr. Moleguaco (voice),53 años,Masculino,Mr. Moleguaco (voice) es uno de los protagonistas principales de 'The Emperor's New School'.,https://image.tmdb.org/t/p/w500/3ZAX6NoU47Qshk0svFxkEcJ5fhI.jpg,Curtis Armstrong
The Emperor's New School,Guaca (voice),29 años,Masculino,Guaca (voice) es uno de los protagonistas principales de 'The Emperor's New School'.,https://image.tmdb.org/t/p/w500/5VEX39XNFOcgz05MXYG1FgBIHU9.jpg,Justin Cowden
The Emperor's New School,The Royal Record Keeper (voice),75 años,Masculino,The Royal Record Keeper (voice) es uno de los protagonistas principales de 'The Emperor's New School'.,https://image.tmdb.org/t/p/w500/8Dcp66lNJeGlgVCt6eELmv9pLBE.jpg,Rip Taylor
The Emperor's New School,Tipo (voice),9 años,Masculino,Tipo (voice) es uno de los protagonistas principales de 'The Emperor's New School'.,https://image.tmdb.org/t/p/w500/AqQxm6vwF8b6OUrtwbvuLHoEVb7.jpg,Shane Baumel
The Little Mermaid,Ariel (voice),31 años,Femenino,Ariel (voice) es el protagonista principal de 'The Little Mermaid'.,https://image.tmdb.org/t/p/w500/4mxtuq3mXLZwPKbI7t0KFxf0PRW.jpg,Jodi Benson
The Little Mermaid,Ebb & Emporer Sharga (voice),40 años,Masculino,Ebb & Emporer Sharga (voice) es uno de los protagonistas principales de 'The Little Mermaid'.,https://image.tmdb.org/t/p/w500/c0sQPRCM5Ri3F4gVyxPr4AcPmIq.jpg,Jim Cummings
The Little Mermaid,Sebastian (voice),46 años,Masculino,Sebastian (voice) es uno de los protagonistas principales de 'The Little Mermaid'.,https://image.tmdb.org/t/p/w500/fNdu3ge0Bf8kKvJCkrGTUbBaJKB.jpg,Samuel E. Wright
The Little Mermaid,King Triton (voice),57 años,Masculino,King Triton (voice) es uno de los protagonistas principales de 'The Little Mermaid'.,https://image.tmdb.org/t/p/w500/5ueZGenOr87KfMENzffdtGn3AQ9.jpg,Kenneth Mars
The Little Mermaid,Urchin (voice),17 años,Masculino,Urchin (voice) es uno de los protagonistas principales de 'The Little Mermaid'.,https://image.tmdb.org/t/p/w500/1diDYWnss7hsYzRru9nfPCyg6Yb.jpg,Danny Cooksey
Doc McStuffins,Doc McStuffins (voice),14 años,Femenino,Doc McStuffins (voice) es el protagonista principal de 'Doc McStuffins'.,https://image.tmdb.org/t/p/w500/5sqwn2pPk5ymSmSaAqU1brhfys2.jpg,Kiara Muhammad
Doc McStuffins,Dr. Maisha McStuffins (voice),44 años,Femenino,Dr. Maisha McStuffins (voice) es uno de los protagonistas principales de 'Doc McStuffins'.,https://image.tmdb.org/t/p/w500/iPlCk1VQ8fnAtsMow6HlCZoQc0w.jpg,Kimberly Brooks
Doc McStuffins,Marcus McStuffins (voice),46 años,Masculino,Marcus McStuffins (voice) es uno de los protagonistas principales de 'Doc McStuffins'.,https://image.tmdb.org/t/p/w500/96BbiV8rQOeGyoDxgrepRd6lUjm.jpg,Gary Anthony Williams
Doc McStuffins,Nurse Hallie (voice),63 años,Femenino,Nurse Hallie (voice) es uno de los protagonistas principales de 'Doc McStuffins'.,https://image.tmdb.org/t/p/w500/cGTQ0X19bkMWqL6O00JK2t6uJBK.jpg,Loretta Devine
Doc McStuffins,Chilly (voice),49 años,Masculino,Chilly (voice) es uno de los protagonistas principales de 'Doc McStuffins'.,https://image.tmdb.org/t/p/w500/zQ2zg7PL3ut4JhfXMKSRV4FMnxR.jpg,Jess Harnell
Jessie,Jessie Prescott,18 años,Femenino,Jessie Prescott es el protagonista principal de 'Jessie'.,https://image.tmdb.org/t/p/w500/hYMnrAO1fZx9tPmIM8xajliVT1N.jpg,Debby Ryan
Jessie,Emma Ross,13 años,Femenino,Emma Ross es uno de los protagonistas principales de 'Jessie'.,https://image.tmdb.org/t/p/w500/zRYSmQVNod3Py2FQ4IXvtv0EMvd.jpg,Peyton List
Jessie,Luke Ross,12 años,Masculino,Luke Ross es uno de los protagonistas principales de 'Jessie'.,https://image.tmdb.org/t/p/w500/dtONrW7kQ9DFyduL0W1YPawkGYs.jpg,Cameron Boyce
Jessie,Ravi Ross,12 años,Masculino,Ravi Ross es uno de los protagonistas principales de 'Jessie'.,https://image.tmdb.org/t/p/w500/iaFqMqxRvT36cr8gSd3ivLBIo2S.jpg,Karan Brar
Jessie,Zuri Ross,9 años,Femenino,Zuri Ross es uno de los protagonistas principales de 'Jessie'.,https://image.tmdb.org/t/p/w500/5Hy1XF5QjERKuwOQLIUU3CyoCvH.jpg,Skai Jackson
"Dr. Oakley, Yukon Vet",Herself,45 años,Femenino,"Herself es el protagonista principal de 'Dr. Oakley, Yukon Vet'.",https://image.tmdb.org/t/p/w500/uLY2wpe6It1dqpQKUymqlyd2vyQ.jpg,Michelle Oakley
"Dr. T, Lone Star Vet",Herself,Edad no especificada,No especificado,"Herself es el protagonista principal de 'Dr. T, Lone Star Vet'.",https://via.placeholder.com/500x750?text=Imagen+No+Disponible,Lauren Thielen
"Dr. T, Lone Star Vet",Narrator,Edad no especificada,No especificado,"Narrator es uno de los protagonistas principales de 'Dr. T, Lone Star Vet'.",https://image.tmdb.org/t/p/w500/7DAKRwxhbsAqQiB5cqeOG6kZM9C.jpg,Chris Payne Gilbert
Drain the Oceans,Self - Narrator (voice),67 años,Masculino,Self - Narrator (voice) es el protagonista principal de 'Drain the Oceans'.,https://image.tmdb.org/t/p/w500/jIjmSSmIhcFHX51OSQ0gPNikVKH.jpg,Craig Sechler
DuckTales,Scrooge McDuck (Voice),46 años,Masculino,Scrooge McDuck (Voice) es el protagonista principal de 'DuckTales'.,https://image.tmdb.org/t/p/w500/pQHLJEOEcKpPpyiIheh47AJ5INS.jpg,David Tennant
DuckTales,Huey Duck (Voice),38 años,Masculino,Huey Duck (Voice) es uno de los protagonistas principales de 'DuckTales'.,https://image.tmdb.org/t/p/w500/w0zT8Y2dQHU8FgV03NJoHJE6tmD.jpg,Danny Pudi
DuckTales,Dewey Duck (Voice),36 años,Masculino,Dewey Duck (Voice) es uno de los protagonistas principales de 'DuckTales'.,https://image.tmdb.org/t/p/w500/lJVYjPj0P6uvVxNrTy4xO2645D0.jpg,Ben Schwartz
DuckTales,Louie Duck (Voice),40 años,Masculino,Louie Duck (Voice) es uno de los protagonistas principales de 'DuckTales'.,https://image.tmdb.org/t/p/w500/gOvwNz5joi5yWJ7dAhuF8WA2aas.jpg,Bobby Moynihan
DuckTales,Webby Vanderquack (Voice),37 años,Femenino,Webby Vanderquack (Voice) es uno de los protagonistas principales de 'DuckTales'.,https://image.tmdb.org/t/p/w500/lgmIxZ59bnYflbkWyAfmWi0bUsT.jpg,Kate Micucci
Elena of Avalor,Princess Elena (voice),28 años,Femenino,Princess Elena (voice) es el protagonista principal de 'Elena of Avalor'.,https://image.tmdb.org/t/p/w500/xiLYyWjTftBQ9RrPj4d4g5itUL8.jpg,Aimee Carrero
Elena of Avalor,Princess Isabel (voice),14 años,Femenino,Princess Isabel (voice) es uno de los protagonistas principales de 'Elena of Avalor'.,https://image.tmdb.org/t/p/w500/cV4x7jNmsGLdKZn5I6xVF3Ltnmg.jpg,Jenna Ortega
Elena of Avalor,Migs (voice),49 años,Masculino,Migs (voice) es uno de los protagonistas principales de 'Elena of Avalor'.,https://image.tmdb.org/t/p/w500/9Ga03Y9TVIqTZJ4I9rfL740ibgJ.jpg,Chris Parnell
Elena of Avalor,Luna (voice),45 años,Femenino,Luna (voice) es uno de los protagonistas principales de 'Elena of Avalor'.,https://image.tmdb.org/t/p/w500/7cJowCcDPnyXqHJ46GgSNHomUGo.jpg,Yvette Nicole Brown
Elena of Avalor,Skylar (voice),54 años,Masculino,Skylar (voice) es uno de los protagonistas principales de 'Elena of Avalor'.,https://image.tmdb.org/t/p/w500/d2hufnjlfsZiY7N9NLZ6b7FE1IZ.jpg,Carlos Alazraqui
