title,plot,rated,year_start,year_end,released_at,runtime,genre,writer,language,country,awards,imdb_rating,portada_url,tmdb_id,backdrop_url,trailer_url
Austin & Ally,"Following the lives of Austin, an aspiring confident musician, Ally, a quiet talented songwriter and their two friends.",TV-G,2011,2016,02 Dec 2011,30 min,"Comedy, Family, Music","Kevin Kopelow, Heath Seifert",English,USA,10 wins & 14 nominations.,5.9,https://image.tmdb.org/t/p/w500/fg3nq9omOjLGihL0nFDLR1ZWYop.jpg,35279,https://image.tmdb.org/t/p/w1280/eR4bBMJOoSdb9CtiDtp8axHqP7I.jpg,
Best Friends Whenever,"Follows teenagers Shelby and Cyd, who when a science experiment goes wrong, become unstuck in time leaping forward and backward in time. Teenage genius Barry then helps girls master their new power.",TV-G,2015,2016,26 Jun 2015,21 min,"Comedy, Family, Sci-Fi","Jed Elinoff, Scott Thomas",English,USA,3 nominations.,5.5,https://image.tmdb.org/t/p/w500/7WcBYQvmd8RA0wUKPoSJtkh6gxN.jpg,62783,https://image.tmdb.org/t/p/w1280/leNZUBCvou9K8cRoTYnTq1Vu9O4.jpg,
Big City Greens,"The adventurous life of Cricket Green, a country boy who moves with his family from their rural farm to a modern metropolis.",TV-Y7,2018,0,18 Jun 2018,22 min,"Animation, Short, Adventure, Comedy, Family","Shane Houghton, Chris Houghton",English,USA,2 nominations.,6.6,https://image.tmdb.org/t/p/w500/r4DfHaugLkoz1EdctDdsfxDA5w4.jpg,80587,https://image.tmdb.org/t/p/w1280/vVGmv5mle6lCrgnx8lNv5Q1vZPw.jpg,https://www.youtube.com/watch?v=hyYVD8C1_Y0
Billy Dilley's Super-Duper Subterranean Summer,"The show follows the adventures of Billy Dilley, a 7th grader who loves science, and his lab partners, Zeke and Marsha, who on summer vacation find themselves trapped in a strange world located in the Earth's core.",,2017,0,,,"Animation, Comedy, Family",Aaron Springer,,USA,,6.2,https://image.tmdb.org/t/p/w500/c5Uv3AcLG1Uce4NsqmGBhk7p477.jpg,71992,https://image.tmdb.org/t/p/w1280/tHYMGyjH5fUbG1GzC6cPBYOL16W.jpg,
Bluey,"Bluey follows the adventures of a lovable and inexhaustible six-year-old Blue Heeler puppy who lives with her dad, mum and four-year-old little sister, Bingo. In every episode, Bluey uses ...",TV-Y,2018,0,09 Sep 2019,,Animation,Joe Brumm,English,"Australia, UK",4 wins.,9.7,https://image.tmdb.org/t/p/w500/mspONkqgKmRuwc2wOYqs1MdwZNB.jpg,82728,https://image.tmdb.org/t/p/w1280/g88VMPtog8sl8riaIRtz4U80dMK.jpg,
Bonkers,"Bonkers, an out of work cartoon, joins the Hollywood PD and helps his partners (first a doughnut munching stressbomb, then a beautiful blonde) catch cartoon criminals.",TV-Y,1993,1994,04 Sep 1993,27 min,"Animation, Action, Adventure, Comedy, Crime, Family",,English,USA,2 wins.,6.8,https://image.tmdb.org/t/p/w500/eZW4rWFY356fBAGNG9SrsyU6WMH.jpg,6616,https://image.tmdb.org/t/p/w1280/9oORP9DqqkjaLOqsWygXm0eEoqg.jpg,
Boy Meets World,An adolescent with two siblings tests his various theories about life as he endures the trials of growing alongside a good friend.,TV-G,1993,2000,24 Sep 1993,23 min,"Comedy, Drama, Family","Michael Jacobs, April Kelly",English,USA,5 wins & 17 nominations.,8.1,https://image.tmdb.org/t/p/w500/Q8tR8IKppQGlrdIsq7acApKdbp.jpg,1777,https://image.tmdb.org/t/p/w1280/ovAAHQ09HFBOCoit0dVpM4R3VKn.jpg,https://www.youtube.com/watch?v=wntEBGSNWVI
Brain Games,An examination of the nature of human perception and how it can be fooled.,TV-G,2011,0,09 Oct 2011,30 min,"Documentary, Comedy, Drama, Game-Show, Reality-TV","Jerry Kolber, Bill Margol",English,USA,Nominated for 1 Primetime Emmy. Another 2 nominations.,8.3,https://image.tmdb.org/t/p/w500/czpgVfVyIMgv1fa5ZV9MXoXwmKq.jpg,54315,https://image.tmdb.org/t/p/w1280/kYtRcad1x6Ve3p9jKzNt0XB54Yp.jpg,
Bug Juice: My Adventures at Camp,"Chronicles the outdoor fun, team activities, new friendships and the experience of being away from home for a new generation of kids at the popular Camp Waziyatah in Waterford, Maine.",,2018,0,16 Jul 2018,22 min,Reality-TV,,English,USA,,7.3,https://image.tmdb.org/t/p/w500/74ud6xkbufch44JpwPiRqP7O5mR.jpg,81486,https://image.tmdb.org/t/p/w1280/sX5NuONMlZ1j7T5y1yKz0FbYV1A.jpg,
Chip 'n' Dale Rescue Rangers,Disney's fun-loving chipmunks are re-imagined as the leaders of a team of pint-sized crime-fighters.,TV-Y,1988,1990,04 Mar 1989,22 min,"Animation, Adventure, Comedy, Family, Mystery",,English,"USA, Taiwan, South Korea, China, Japan, UK",1 nomination.,7.6,https://image.tmdb.org/t/p/w500/hVW0WjRXWZ3QlReSKxfqiE3sQ4p.jpg,1615,https://image.tmdb.org/t/p/w1280/p5I7g4WUA20U0qR8Gtz96DPJVIx.jpg,
Continent 7: Antarctica,"At -100 degrees F, you can burn up to 5,000 calories a day, and with winter at less than 1% humidity, your body will lose water just breathing. This is Antarctica, where close-knit ...",,2016,0,15 Nov 2016,47 min,Adventure,,English,USA,,7.5,https://image.tmdb.org/t/p/w500/kw9lH7ogNTrWxK6WJUzmAuPY7Vs.jpg,68919,https://image.tmdb.org/t/p/w1280/oQGuPu44FJqYjsjbhGrb3GPpLHL.jpg,
Coop and Cami Ask the World,Centers on two middle school siblings who make nearly all of their decisions crowd sourcing opinions from the millions of followers of Cooper's online channel Would You Wrather?,TV-G,2018,0,,30 min,"Adventure, Comedy, Family","Boyce Bugliari, Jamie McLaughlin",English,USA,,5.7,https://image.tmdb.org/t/p/w500/gZkJkJt3J2PISpK9HzR4upax54P.jpg,79787,https://image.tmdb.org/t/p/w1280/qDCsU4CegdCGJMk119H52LQMEoF.jpg,
Crash & Bernstein,"Wyatt Bernstein is a typical boy who enjoys hanging out at the local arcade with his friend Pesto. In a household full of females, Wyatt desperately wishes for a brother he could do fun guy...",,2012,2014,01 Oct 2012,30 min,"Comedy, Family",Eric Friedman,English,USA,,4.8,https://image.tmdb.org/t/p/w500/jE1R5A10reo6T4Qmb6YuGrxyFFn.jpg,46697,https://image.tmdb.org/t/p/w1280/sv0mdJ6eW5kTFXv9BrSmz3QfE8F.jpg,
Darkwing Duck,A bumbling superhero battles crime with the help of his daughter and pilot sidekick.,TV-Y7,1991,1992,06 Sep 1991,30 min,"Animation, Action, Adventure, Comedy, Family, Mystery, Sci-Fi",,English,USA,1 win & 11 nominations.,7.6,https://image.tmdb.org/t/p/w500/1gJMSXS0gwM8gDJnzVSITcxbQc.jpg,3319,https://image.tmdb.org/t/p/w1280/aTSHegWfhzonUnouL6dhBxK9S9M.jpg,
Diary of a Future President,A young Cuban-American girl embarks on a journey to become the future president of the United States.,TV-PG,2020,0,17 Jan 2020,30 min,"Comedy, Family",,English,USA,,5.5,https://image.tmdb.org/t/p/w500/gfWdEKLH438XBb6WkgnpprlEnVZ.jpg,94761,https://image.tmdb.org/t/p/w1280/hpETyjvAUufIntaejUS9R17uAk2.jpg,https://www.youtube.com/watch?v=pyBVzY6I0Ic
Amphibia,"Ordinary Anne Boonchuy, 13, finds a treasure chest that sends her to Amphibia, a world full of frogs, toads, and giant insects. With help from Sprig, she must adjust to life in Amphibia and discover her first true friendship in her life.",TV-Y7,2019,0,14 Jun 2019,23 min,"Animation, Short, Adventure, Comedy, Family, Fantasy",Matt Braly,English,USA,,7.8,https://image.tmdb.org/t/p/w500/jJu6kO8hquzr3kG4iprCu4F6Wqz.jpg,85349,https://image.tmdb.org/t/p/w1280/6vk1WNHyNKR4oQooBJpZ8pGksBz.jpg,https://www.youtube.com/watch?v=BFYZY_83knQ
Big Hero 6: The Series,"As the new prodigy at San Fransokyo Institute of Technology, Hiro now faces daunting academic challenges and the social trials of being the little man on campus. Off campus, the stakes are ...",TV-Y7,2017,0,20 Nov 2017,21 min,"Animation, Action, Adventure, Comedy, Family, Sci-Fi","Nicholas Filippi, Mark McCorkle, Robert Schooley",English,USA,Nominated for 1 Primetime Emmy. Another 1 win & 3 nominations.,7.1,https://image.tmdb.org/t/p/w500/8K5AtnuOacmUdybqfdOgBRRz6bS.jpg,68665,https://image.tmdb.org/t/p/w1280/mCt3coepPkF6QlDQSO9tqI46yIV.jpg,
Bizaardvark,Centers on best friends Paige and Frankie who express their offbeat individuality through funny music videos on their vlog channel Bizaardvark.,TV-G,2016,2019,24 Jun 2016,30 min,"Comedy, Family","Josh Lehrman, Kyle Stegina",English,USA,2 wins & 7 nominations.,3.5,https://image.tmdb.org/t/p/w500/r3zf9m6nvK55KhMukTqAg5rVEW7.jpg,66456,https://image.tmdb.org/t/p/w1280/7AsO1EES3cxHSiAHK8rNxbKYBYt.jpg,
Descendants: Wicked World,"After the coronation, the villain kids, Mal (Dove Cameron), Evie (Sofia Carson), Jay (Booboo Stewart), and Carlos (Cameron Boyce) use their one shot at being good while the dreadful and villainous parents roam the Isle Of The Lost.",,2015,0,18 Sep 2015,2 min,"Animation, Comedy, Fantasy",,English,USA,1 nomination.,6.7,https://image.tmdb.org/t/p/w500/jMrNwsjfDc7TkeBXxdSgSgvvARy.jpg,65016,https://image.tmdb.org/t/p/w1280/97DHlJkxwqiN7ZjIV7X8DkSPTcC.jpg,
The Evermoor Chronicles,"A young girl and her blended family move to the small cottage town of Evermoor. All is well until sinister things start to happen, magic tapestries, an enchanted typewriter. Only a few of the strange things found in the town of Evermoor.",,2014,0,17 Oct 2014,30 min,"Adventure, Family, Fantasy","Tim Compton, Diane Whitley",English,USA,1 nomination.,6.1,https://image.tmdb.org/t/p/w500/q4AyA8ttOZs2wLl8mq7aXk6VPV0.jpg,62496,https://image.tmdb.org/t/p/w1280/42CtVv1Q0tSN0ITq1hjS9xV2PlU.jpg,
Family Sundays,Amber Kemp Gerstel hosts a crafting show bringing families together through the wonderful world of Disney inspired DIYs.,,2019,0,12 Nov 2019,,"Family, Reality-TV",,English,USA,,6.1,https://image.tmdb.org/t/p/w500/gjFh5sCpScubbOZ6WrDzhj28Piq.jpg,99884,https://image.tmdb.org/t/p/w1280/LsYnAJYlDZzZ8xG8y9V44xHHvZ.jpg,
Fancy Nancy,The story of a young girl who loves to wear fancy clothes.,TV-Y,2018,0,13 Jul 2018,22 min,"Animation, Short, Adventure, Family, Musical","Jamie Mitchell, Krista Tucker",,"USA, Canada",2 nominations.,5.4,https://image.tmdb.org/t/p/w500/2iNKvpHmh5IWlkycIGmY6yr1q7H.jpg,80056,https://image.tmdb.org/t/p/w1280/fIiiXIuFc8CRk12gh1Q7pJaZrpc.jpg,
Fast Layne,"Twelve-year-old over-achiever Layne finds her orderly life thrown into a tailspin when she discovers a sophisticated talking car named ""V.I.N."" hidden in an abandoned shed.",,2019,0,15 Feb 2019,30 min,Comedy,Travis Braun,English,USA,,5.5,https://image.tmdb.org/t/p/w500/vNPgNu3xMMLbzXdg8N9SgKwwykF.jpg,81918,https://image.tmdb.org/t/p/w1280/7avgnP2Rx1Fga2FOf4H7TX1L0Oo.jpg,
Gravity Falls,"Twin siblings Dipper and Mabel Pines spend the summer at their great-uncle's tourist trap in the enigmatic Gravity Falls, Oregon.",TV-Y7,2012,2016,15 Jun 2012,23 min,"Animation, Action, Adventure, Comedy, Family, Fantasy, Mystery, Sci-Fi",Alex Hirsch,English,USA,Won 2 Primetime Emmys. Another 11 wins & 34 nominations.,8.9,https://image.tmdb.org/t/p/w500/gX9NP6pWG47oAkq723TfxtkG4Pr.jpg,40075,https://image.tmdb.org/t/p/w1280/l0XvAI856XdyDYEfr1njztjH7u0.jpg,https://www.youtube.com/watch?v=bdoDOvQHOWk
I Didn't Do It,Centers on ultra-competitive fraternal twins Lindy and Logan Watson who navigate high school together with their best friends.,TV-G,2014,2015,,22 min,"Comedy, Drama, Family","Tod Himmel, Josh Silverstein",English,USA,,6,https://image.tmdb.org/t/p/w500/7mkDxWjG4weEJGCjvxTbucCUdTL.jpg,54327,https://image.tmdb.org/t/p/w1280/bhL9LwffdJbwDM4Q3hv7o7YEEF9.jpg,
Jake and the Never Land Pirates,An animated TV show that follows a band of young pirates who spend their days competing against Captain Hook and Mr. Smee for treasure.,TV-Y,2011,2016,14 Feb 2011,15 min,"Animation, Adventure, Family, Fantasy",Roberts Gannaway,English,USA,3 wins & 9 nominations.,5.6,https://image.tmdb.org/t/p/w500/bh4CnicEDJPWv87ZIjobZsl5LXZ.jpg,34891,https://image.tmdb.org/t/p/w1280/vV1EQ1zLuZ5yPL7LaBqPayVsggC.jpg,
Jonas,The show follows the Jonas Brothers through fun and unusual situations as they try to live ordinary lives.,,2009,2010,02 May 2009,25 min,"Comedy, Family, Music","Michael Curtis, Roger S.H. Schulman",English,USA,Nominated for 1 Primetime Emmy. Another 5 wins & 6 nominations.,4.6,https://image.tmdb.org/t/p/w500/wEsIQerKBbhFq8XIfktCv6EsDgm.jpg,12712,https://image.tmdb.org/t/p/w1280/26rMbIFaIYj4kwmtSeBC9XS247.jpg,
K.C. Undercover,An outspoken and confident technology wiz and skilled black belt discovers that both her parents are spies and expect her to follow in their footsteps.,TV-Y7,2015,2018,18 Jan 2015,30 min,"Action, Comedy, Family",Corinne Marshall,English,USA,Nominated for 2 Primetime Emmys. Another 4 wins & 7 nominations.,6.1,https://image.tmdb.org/t/p/w500/dTL0U0nQE3vJ5pnkZ9XhFomUrh2.jpg,61915,https://image.tmdb.org/t/p/w1280/cA3uEd2CWCMr7yzRX9wcoDq1bZz.jpg,
Lab Rats: Elite Force,"When Mighty Med hospital is destroyed, bionic heroes Bree and Chase join superheroes Kaz, Oliver, and Skylar to form an Elite Force and take down those responsible for the attack.",TV-Y7,2016,2019,02 Mar 2016,30 min,"Adventure, Comedy, Family, Sci-Fi","Bryan Moore, Chris Peterson",,USA,1 win & 1 nomination.,6.4,https://image.tmdb.org/t/p/w500/drw2vULR7AmpgZQWEL68MYJszTc.jpg,65766,https://image.tmdb.org/t/p/w1280/vh5IfyhVPnsXCQ5wA19pPzQNtYC.jpg,
Legend of the Three Caballeros,"Donald Duck, Jóse Carioca and Panchito Pistoles find themselves inheritors of a heroic legacy, and resume their ancestors' quest with the aid of a valiant Greek goddess.",TV-G,2018,0,12 Nov 2019,,"Animation, Adventure, Comedy, Family, Fantasy",,English,USA,,7.8,https://image.tmdb.org/t/p/w500/289sp4yd303R477Ji9MoWgVOFQD.jpg,80402,https://image.tmdb.org/t/p/w1280/HaYY04aDBbHaxdsDrtA7ib9jG4.jpg,
Mickey Mouse Clubhouse,"Mickey and his friends Minnie, Donald, Pluto, Daisy, Goofy, Pete, Clarabelle and more go on fun and educational adventures.",TV-Y,2006,2016,05 May 2006,30 min,"Animation, Comedy, Family, Fantasy, Musical",Roberts Gannaway,English,USA,1 win & 14 nominations.,5.7,https://image.tmdb.org/t/p/w500/hwUMUAWj9QRLUKtMITwJwFK6wJz.jpg,3934,https://image.tmdb.org/t/p/w1280/dGvW61JwuqwtShk849PHZflOAX.jpg,
Milo Murphy's Law,"An animated comedy adventure series that follows 13-year-old Milo Murphy, the fictional great-great-great-great grandson of the Murphy's Law namesake. Additionally, Dakota and Cavendish come from the future to prevent pistachio extinction.",TV-Y7,2016,0,03 Oct 2016,12 min,"Animation, Short, Action, Adventure, Comedy, Family, Fantasy","Jeff 'Swampy' Marsh, Dan Povenmire",English,USA,6 nominations.,7.5,https://image.tmdb.org/t/p/w500/cUoMoeOm2ALLtPrbP4WwEzj4lO3.jpg,67549,https://image.tmdb.org/t/p/w1280/qqYXPgDiYtcjaTGQ6l6BfWtVjNK.jpg,
Minnie's Bow-Toons,Minnie and daisy open a bow shop in which they help people and have adventures.,,2011,2016,14 Nov 2011,,Animation,,English,USA,1 win & 1 nomination.,6.5,https://image.tmdb.org/t/p/w500/qylhWuC4ZbL6PlDdsLafE4AfCww.jpg,41997,https://image.tmdb.org/t/p/w1280/61w0p0imb2949o0X9phA45vY7lk.jpg,
Randy Cunningham: 9th Grade Ninja,An ordinary ninth grader is chosen to become The Ninja. He is tasked with protecting the town from evil as well as balancing his school life with friends and homework.,TV-G,2012,2015,13 Aug 2012,15 min,"Animation, Short, Action, Adventure, Comedy, Family, Fantasy, Sci-Fi","Jed Elinoff, Scott Thomas",English,"UK, USA, Ireland",1 win & 4 nominations.,6.7,https://image.tmdb.org/t/p/w500/nFwh7gzCAh4DoH4gF8Y1Ean4Mwe.jpg,46698,https://image.tmdb.org/t/p/w1280/sPt4zHJYBfRAJVdUfbedzKCOU1q.jpg,
Raven's Home,"Though Raven Baxter is psychic, she would've never guess she'd be a single mother living in an apartment with her twins Nia and Booker Baxter and her best friend Chelsea and son Levi.",TV-G,2017,0,21 Jul 2017,22 min,"Comedy, Family","Jed Elinoff, Michael Poryes, Susan Sherman, Scott Thomas",English,USA,2 wins & 6 nominations.,7.4,https://image.tmdb.org/t/p/w500/s8kNL7vXSieGAer1KPNBZUVVfJ9.jpg,72027,https://image.tmdb.org/t/p/w1280/tIcCfzPM12EIJD5esEQyyBKdwEG.jpg,
Star vs. the Forces of Evil,"Star Butterfly arrives on Earth to live with the Diaz, a Mexican-American family. She continues to battle villains throughout the universe and high school, mainly to protect her extremely powerful wand, an object that still confuses her.",TV-Y7,2015,2019,,22 min,"Animation, Action, Adventure, Comedy, Drama, Family, Fantasy, Sci-Fi, Thriller","Daron Nefcy, David Wasson, Jordana Arkin",English,USA,5 wins & 13 nominations.,8,https://image.tmdb.org/t/p/w500/drnY78Uwi4nYw4jOEp067WRl4Lt.jpg,61923,https://image.tmdb.org/t/p/w1280/2UElp7Dkm3SiB9ZEdKEWNmAOijB.jpg,https://www.youtube.com/watch?v=_bM8_XqcLAc
Stuck in the Middle,Teenager Harley Diaz maneuvers her way through the bustle of being a middle child in a family with six other siblings.,TV-G,2016,2018,14 Feb 2016,30 min,"Comedy, Family","Alison Brown, Linda Videtti Figueiredo",English,USA,4 wins & 4 nominations.,5.9,https://image.tmdb.org/t/p/w500/wjM8SDoq5gFzamr3NMhIJWqJs0G.jpg,65291,https://image.tmdb.org/t/p/w1280/4yFC6KpX7bq45qNulUgP57wWP3r.jpg,
Sydney to the Max,"Set in the present day with flashbacks to the 1990s, the comedy revolves around outgoing middle school Sydney Reynolds who lives with her single dad Max and with her progressive grandmother Judy--three generations under one roof.",TV-G,2019,0,,22 min,"Comedy, Family",Mark Reisman,English,USA,,6.1,https://image.tmdb.org/t/p/w500/5hDgDI8BmpoYB9aUC4LfwMy90EQ.jpg,84915,https://image.tmdb.org/t/p/w1280/sPY0kR6TGgePdqQF5npOSVnauPf.jpg,
Take Two with Phineas and Ferb,Animated characters Phineas and Ferb interview live-action celebrities on their talk show.,TV-G,2010,0,03 Dec 2010,2 min,"Animation, Comedy, Family, Talk-Show",,English,USA,,6.5,https://image.tmdb.org/t/p/w500/c8qCYFOIIEBcObnuM5papuXf67p.jpg,34406,https://image.tmdb.org/t/p/w1280/cDKKjjiCC4FkIcER2yiZsJ1TvpZ.jpg,
The Lion Guard,"Kion, the son of Simba, leads his friends known as the Lion Guard to protect the Pride Lands.",TV-Y,2016,0,15 Jan 2016,30 min,"Animation, Action, Adventure, Comedy, Family, Fantasy, Music",Ford Riley,English,USA,10 nominations.,6.4,https://image.tmdb.org/t/p/w500/xr1JABw3VerLcjXEwVf89P9fmhx.jpg,64752,https://image.tmdb.org/t/p/w1280/4Hpw6RzaIjEotwc7vLv3cgZ9GST.jpg,
Vampirina,"""Vampirina"" tells the story of a young vampire girl who faces the joys and trials of being the new kid in town when her family moves from Transylvania to Pennsylvania.",TV-Y,2017,0,01 Oct 2017,25 min,"Animation, Short, Comedy, Family, Fantasy, Musical",Chris Nee,English,"Ireland, USA",1 win & 4 nominations.,6.8,https://image.tmdb.org/t/p/w500/18Mmri8vmBKbGbiymFPlSHlg71o.jpg,74323,https://image.tmdb.org/t/p/w1280/lXU4HMoNmrgPEO2meDmlv5kY8OG.jpg,
Adventures of the Gummi Bears,A group of reclusive humanoid bears and a few trusted humans explore their lost heritage and prevent their enemies from exploiting it.,TV-Y,1985,1991,14 Sep 1985,30 min,"Animation, Family, Fantasy",,English,USA,5 nominations.,7.5,https://image.tmdb.org/t/p/w500/6bVHyql7fIA6DA7BTKw9sw4tSIx.jpg,1931,https://image.tmdb.org/t/p/w1280/i4NXlwt4xgYEYaRn4br8RIKLRzK.jpg,https://www.youtube.com/watch?v=ughFdJY7ngA
Disney's Doug,"Disney's Doug follows 12 1/2 year old Doug Funnie in his town of Bluffington. With his best human friend Skeeter Valentine and best non-human friend (also his dog) Porkchop, they have great...",,1996,1999,07 Sep 1996,30 min,"Animation, Comedy, Drama",,English,USA,2 nominations.,6.2,https://image.tmdb.org/t/p/w500/fEzGDVHsUlOhU59EKSePobldyIf.jpg,384,https://image.tmdb.org/t/p/w1280/3MIkLmNbeS8LpXo9JPbntrQrDlP.jpg,
DuckTales,The globe-trotting treasure-hunting money-making adventures of billionaire Scrooge McDuck and his nephews.,TV-G,1987,1990,18 Sep 1987,23 min,"Animation, Adventure, Comedy, Family",Jymn Magon,English,USA,2 wins & 5 nominations.,8.1,https://image.tmdb.org/t/p/w500/jalu23TxmERSytx4YsQ0dEuXwa5.jpg,72350,https://image.tmdb.org/t/p/w1280/tco0lyOHy3bjy2hyishbuCk0Yvg.jpg,
Hercules,"This spin-off of Disney's Hercules (1997) follows Hercules' many labors during the years he spent training how to be a hero under the tutelage of satyr Philoctetes. Olympian Gods and Goddesses, as well as Hades and Pegasus, often visit him.",TV-Y,1998,1999,31 Aug 1998,30 min,"Animation, Action, Adventure, Comedy, Family, Fantasy",,English,USA,2 wins & 4 nominations.,6.6,https://image.tmdb.org/t/p/w500/eNom46ZenLFZ0DhRzwUaN13RfcN.jpg,2567,https://image.tmdb.org/t/p/w1280/RYdH7j8X1JWVc5mdMofcu9CAyY.jpg,
Kim Possible,A high school cheerleader and her accident-prone best friend balance their duties as global crime-fighters with the typical challenges of adolescence.,TV-G,2002,2007,07 Jun 2002,30 min,"Animation, Action, Adventure, Comedy, Family, Mystery, Romance, Sci-Fi","Mark McCorkle, Robert Schooley",English,"USA, Philippines, South Korea",Nominated for 1 Primetime Emmy. Another 1 win & 14 nominations.,7.2,https://image.tmdb.org/t/p/w500/xAIm6KkiQKl0UsagMUyhLFzX2X2.jpg,2345,https://image.tmdb.org/t/p/w1280/olYeeEi5aa197P0s8ETXyriP9Ih.jpg,
Little Einsteins,Four friends go on missions with their ever changing rocket ship. Every mission includes a classic song and a painting.,TV-Y,2005,2009,09 Oct 2005,30 min,"Animation, Adventure, Comedy, Family","Eric Weiner, Douglas Wood",English,USA,4 nominations.,6.2,https://image.tmdb.org/t/p/w500/gUT7dmvmmjfofgeCL2IShaRs2dz.jpg,3090,https://image.tmdb.org/t/p/w1280/7PASkiQ1H5nik9PSerbmU7b4MiJ.jpg,
Mighty Ducks,A team of humanoid duck ice hockey team/freedom fighters fight evil between games.,TV-Y7,1996,1997,06 Sep 1996,30 min,"Animation, Action, Comedy, Family, Sci-Fi, Sport",,English,USA,1 win & 3 nominations.,6.5,https://image.tmdb.org/t/p/w500/cExVTHC240EX7n0AgiZFP4e5lva.jpg,114621,https://image.tmdb.org/t/p/w1280/69I9hAcwE8KZPZxtbOB7zZ6Z9BY.jpg,https://www.youtube.com/watch?v=OkN_KjAFSUk
Recess,"Comic tales of a group of good friends, four boys and two girls, during breaks in primary school, as they grow up, relate to each other, and have brushes with authority.",TV-Y,1997,2001,31 Aug 1997,23 min,"Animation, Adventure, Comedy, Family","Paul Germain, Joe Ansolabehere",English,USA,1 win & 13 nominations.,7.8,https://image.tmdb.org/t/p/w500/nRKCxiZROeNaC5H80hVqSqWMYZr.jpg,1546,https://image.tmdb.org/t/p/w1280/PJSgscE4Es0TXmgIqp3X6ey8Ux.jpg,
The Emperor's New School,"Continuation of 2000's The Emperor's New Groove, showcasing Kuzco's attempts to graduate from his kingdom's school, and his former advisor Yzma's evil attempts to keep him from his goal.",TV-G,2006,2008,27 Jan 2006,30 min,"Animation, Short, Adventure, Comedy, Family, Fantasy",Mark Dindal,English,USA,4 wins & 3 nominations.,6.6,https://image.tmdb.org/t/p/w500/x7FAHxVngq6mWMt1tiBAZ7LioU2.jpg,4623,https://image.tmdb.org/t/p/w1280/hibm0a7FMZcVHfskLowF5xLuqtp.jpg,
The Little Mermaid,The 1989 animated feature adapted by Disney for television in a prequel that leads up to the events of the movie.,TV-Y,1992,1994,11 Sep 1992,25 min,"Animation, Adventure, Drama, Family, Fantasy",Peter S. Beagle,English,USA,12 nominations.,6.8,https://image.tmdb.org/t/p/w500/tva5VsAPqQivt6U4cYOq78Wyh5T.jpg,2675,https://image.tmdb.org/t/p/w1280/9XCRhni0n5qbs9CkcOh4TMHiR4J.jpg,
Doc McStuffins,"""Doc McStuffins"" is an imaginative animated series about Doc McStuffins, a young girl who aspires to be a doctor like her mom and communicates with and heals broken toys and stuffed animals.",G,2012,0,23 Mar 2012,11 min,"Animation, Short, Family, Fantasy, Music, Musical",Chris Nee,English,"USA, Ireland",11 wins & 31 nominations.,6.8,https://image.tmdb.org/t/p/w500/mRtuu43sbffvXJYl6hXi37RCDoa.jpg,46262,https://image.tmdb.org/t/p/w1280/5hXkZ1CQlH24OB5Nr32boR4RgmT.jpg,
Jessie,A Texan teen moves to New York City to follow her dreams and ends up as a nanny for a high profile couple's four children.,TV-G,2011,2015,30 Sep 2011,30 min,"Comedy, Family","Pamela Eells, Phil Baker, Drew Vaupen",English,USA,2 wins & 12 nominations.,5.9,https://image.tmdb.org/t/p/w500/xcUEncUPq4x1gJh28wf39zJTvdl.jpg,38974,https://image.tmdb.org/t/p/w1280/jDEvpKn1Ry8U7KM4kgC2Iw6ZCJ1.jpg,
"Dr. Oakley, Yukon Vet","Dr. Oakley is the only vet in her area of the Yukon. She treats domestic pets, endangered wildlife, farm animals--basically anything that walks on fours, crawls, flies. All of that- plus she's a wife and a mom of three girls.",,2014,0,04 Apr 2014,,Reality-TV,,English,USA,,8.1,https://image.tmdb.org/t/p/w500/aswv0JUmgb8bpmb35MH9vkmzkJ3.jpg,65927,https://image.tmdb.org/t/p/w1280/rKYv3EfhzIkAPawP11TxWRyUgnI.jpg,
"Dr. T, Lone Star Vet","Dr. Lauren Thielen (Dr. T) is back home in Texas to open her very own exotic animal practice, located alongside one of the state's largest and busiest animal hospitals. With the support of ...",,2019,0,13 Oct 2019,,Reality-TV,,English,USA,,8.9,https://image.tmdb.org/t/p/w500/4sNuqVpwGJKhhz8RmgczG9LXPcw.jpg,96705,https://image.tmdb.org/t/p/w1280/5xfrh5uNdakJ72jlPQtTMP9rzj3.jpg,
Drain the Oceans,"By scanning the locations at the bottom of the ocean where sunken ships, treasures and even cities lie, the show tries to answer what they look like, how they got there and if they hide any secrets.",TV-PG,2018,0,01 May 2018,47 min,"Documentary, History, Mystery",Sophie Elwin-Harris,English,"UK, Australia",1 win.,7.6,https://image.tmdb.org/t/p/w500/rB9TMCVbtEtDd0PIhvHIlPryhpL.jpg,37158,https://image.tmdb.org/t/p/w1280/ydafQ7iMViqNvKBgJuHPTDG8BhE.jpg,
DuckTales,"The comedy-adventure series chronicles the high-flying adventures of trillionaire Scrooge McDuck, his grandnephews - Huey, Dewey, and Louie - and temperamental nephew Donald Duck, Launchpad McQuack, Mrs. Beakley, and her granddaughter Webby.",TV-Y,2017,0,12 Aug 2017,21 min,"Animation, Action, Adventure, Comedy, Family, Fantasy, Mystery, Sci-Fi","Francisco Angones, Matt Youngberg",English,USA,2 wins & 12 nominations.,8.2,https://image.tmdb.org/t/p/w500/jalu23TxmERSytx4YsQ0dEuXwa5.jpg,72350,https://image.tmdb.org/t/p/w1280/tco0lyOHy3bjy2hyishbuCk0Yvg.jpg,
Elena of Avalor,"Princess Elena has saved her magical kingdom, Avalor, from an evil sorceress and must learn to rule as its crown princess. Elena's adventures will lead her to understand that her new role requires thoughtfulness, resilience and compassion.",TV-Y,2016,0,22 Jul 2016,24 min,"Animation, Action, Adventure, Family, Fantasy, Musical",Craig Gerber,English,USA,Nominated for 1 Primetime Emmy. Another 7 wins & 17 nominations.,6.4,https://image.tmdb.org/t/p/w500/se8bejjwLz56qm1gOCLpVjK8iVk.jpg,67175,https://image.tmdb.org/t/p/w1280/3kkTGvxNgO34q2aw3VKXAY3xtxP.jpg,
Encore!,"Executive producer Kristen Bell, who also appears, reunites the cast of a high school musical and asks them to perform it again years later. Each former student reprises their role from ...",TV-PG,2019,0,12 Nov 2019,,"Musical, Reality-TV",,English,USA,,7.2,https://image.tmdb.org/t/p/w500/5qveZHKo8RatUbZDzgGG9QEj558.jpg,76123,https://image.tmdb.org/t/p/w1280/78aF0EIxDdesV81ByS5PaFnqOnC.jpg,https://www.youtube.com/watch?v=3aPuOPN6so0
Even Stevens,"The misadventures of the Stevens family of five in Sacramento, California.",TV-G,2000,2003,17 Jun 2000,30 min,"Comedy, Family",Matt Dearborn,English,USA,6 wins & 20 nominations.,7.6,https://image.tmdb.org/t/p/w500/fkGktJb1v7qaVWBIJTVedN7v6Kq.jpg,3200,https://image.tmdb.org/t/p/w1280/unpuZD1N1Wfxo9izU1YX88qKvv6.jpg,
Disney's Fairy Tale Weddings,"Viewers get a behind-the-scenes look at the magical weddings and one-of-a-kind engagements that take place at Disney Destinations around the globe, including Walt Disney World, Disneyland, ...",,2017,0,11 Dec 2017,63 min,Reality-TV,"Jenny Daly, Simon Lythgoe, Ann Lewis Roberts",English,USA,1 win.,7.2,https://image.tmdb.org/t/p/w500/wMYHmoXYsu7WhtJC1HQPQyDZiBm.jpg,92524,https://image.tmdb.org/t/p/w1280/lpEoyntMBJhruu7KUiGmezlbZKy.jpg,
Fantastic Four: The Animated Series,The adventures of Marvel Comic's greatest superhero team.,,1994,1996,24 Sep 1994,22 min,"Animation, Action, Sci-Fi","Stan Lee, Jack Kirby",English,USA,,6.4,,,,
Fantastic Four: World's Greatest Heroes,The adventures of the Marvel Universe's premiere superhero family.,,2006,2010,,30 min,"Animation, Action, Family, Sci-Fi",,English,USA,,6.8,https://image.tmdb.org/t/p/w500/zCtCW0JlbMpzfQDAX1bO1o1KLi.jpg,132,https://image.tmdb.org/t/p/w1280/q0bLjLCBZGhnMcRprx2gWRGdlrp.jpg,
Fish Hooks,Three friends attend a school for fish submerged in a pet shop.,TV-G,2010,2014,28 Aug 2010,22 min,"Animation, Adventure, Comedy, Family","Noah Jones, Alex Hirsch, William Reiss",English,USA,2 wins & 1 nomination.,4.6,https://image.tmdb.org/t/p/w500/gndIzVDEwK3b3xeNSittLNpbEz5.jpg,31499,https://image.tmdb.org/t/p/w1280/sFJQKAJ7WdQaGLssnOwFhlRMaSZ.jpg,
Gargoyles,A clan of heroic night creatures pledge to protect modern New York City as they did in Scotland one thousand years earlier.,TV-PG,1994,1996,24 Oct 1994,30 min,"Animation, Action, Adventure, Comedy, Crime, Drama, Family, Fantasy, Mystery, Romance, Thriller",Greg Weisman,English,USA,1 win & 11 nominations.,8.1,https://image.tmdb.org/t/p/w500/3zA9IYdJnNOBj6fF0cQwHli2Vzh.jpg,1719,https://image.tmdb.org/t/p/w1280/2HZuIQfSTcay8eoVIqeaGEwUWaB.jpg,
Girl Meets World,"More than a decade after Boy Meets World (1993), Cory and Topanga Matthews are married and have two children. Their daughter, Riley, faces life lessons through her family, friends, and school--where her father is her history teacher--as her parents did when they were younger.",TV-G,2014,2017,27 Jun 2014,23 min,"Comedy, Drama, Family","Michael Jacobs, April Kelly",English,USA,Nominated for 3 Primetime Emmys. Another 3 wins & 16 nominations.,7.2,https://image.tmdb.org/t/p/w500/pupNFtSR5Nh3oN0iQmM5LLJSfG7.jpg,46028,https://image.tmdb.org/t/p/w1280/pJvLprQwTVEOSBPs25y4rM214ch.jpg,
Good Luck Charlie,"The Duncan family are adjusting to the surprise birth of their fourth child, Charlie. When parents Amy and Bob return to work they put their latest addition in the care of her three older siblings.",TV-G,2010,2014,04 Apr 2010,22 min,"Comedy, Drama, Family","Phil Baker, Drew Vaupen",English,USA,Nominated for 3 Primetime Emmys. Another 4 wins & 20 nominations.,7,https://image.tmdb.org/t/p/w500/eRS8DTz3xKPIlmm9UCZKel3sQDc.jpg,21641,https://image.tmdb.org/t/p/w1280/u1jUHmL3oKM48HVGmwrscdRK5hy.jpg,
Goof Troop,"The classic Disney character Goofy is a single father raising his son, Max, in Spoonerville. Pete, a frequent antagonist from the old cartoons, lives next door with his family.",TV-Y,1992,1993,05 Sep 1992,30 min,"Animation, Adventure, Comedy, Family, Music",,English,USA,1 win & 2 nominations.,6.8,https://image.tmdb.org/t/p/w500/1yBIDhzcP9QBSf1uhYFmoa6p8LX.jpg,2235,https://image.tmdb.org/t/p/w1280/1D9UrX1kv9woJdOOuzIbxYxE6JJ.jpg,
Gordon Ramsay: Uncharted,"Globetrotting celebrity chef Gordon Ramsay serves up an epic adventure in ""Gordon Ramsay: Uncharted."" He travels around the world meeting with indigenous people to learn about their foods ...",,2019,0,21 Jul 2019,60 min,"Adventure, Reality-TV",,,,1 nomination.,7.9,https://image.tmdb.org/t/p/w500/fS0PJhXSRFycl2QlwlO42mLNEJy.jpg,91405,https://image.tmdb.org/t/p/w1280/kJQ2fsZ6mB16ffMA5aM4v4e3Xgu.jpg,
Great Migrations,Great Migrations takes viewers on the epic journeys animals undertake to ensure the survival of their species.,TV-PG,2010,0,07 Nov 2010,45 min,Documentary,,English,USA,3 wins & 1 nomination.,8.1,https://image.tmdb.org/t/p/w500/cxbx6xYJqw06ftllgR7DQWnHOhd.jpg,34381,https://image.tmdb.org/t/p/w1280/wZ8wzsZI4s4YLaqQM0cG9cEswOu.jpg,
Handy Manny,"A show about handyman Manny Garcia and his helpful talking tools, who make repairs and fix problems in the small town of Sheetrock Hills.",TV-Y,2006,2013,,24 min,"Animation, Family","Roger Bollen, Marilyn Sadler, Richard Gitelson","English, Spanish","USA, Canada",8 wins & 1 nomination.,5.6,https://image.tmdb.org/t/p/w500/zu5jAjazdVxd5D8sjR1dAiYIwSU.jpg,10219,https://image.tmdb.org/t/p/w1280/o2L9goGao8uIIvFNnS1gVtPiYPx.jpg,
Hannah Montana,Adventures of a teenage pop star who keeps her identity secret from even her closest friends by using a disguise on-stage.,TV-G,2006,2011,24 Mar 2006,23 min,"Comedy, Family, Music","Rich Correll, Barry O'Brien, Michael Poryes",English,USA,Nominated for 4 Primetime Emmys. Another 20 wins & 24 nominations.,5,https://image.tmdb.org/t/p/w500/usJAQAA7s9lJGGOGehIZdzKPCke.jpg,4610,https://image.tmdb.org/t/p/w1280/xISF3sT1RZXOS36zPvFeytqlwA2.jpg,
Henry Hugglemonster,"A happy young Hugglemonster named Henry goes on adventures with his friends and family. When they run into problems,Henry finds a way to save the day.",TV-Y,2013,0,15 Apr 2013,22 min,"Animation, Fantasy",Niamh Sharkey,"English, Korean","Ireland, UK, USA, South Korea, Canada",2 wins & 3 nominations.,5.1,https://image.tmdb.org/t/p/w500/maK5rk7uMjQnAH6YSIcCFDckf6F.jpg,57748,https://image.tmdb.org/t/p/w1280/pJkVD7fup5jasnA5EHZIESg495L.jpg,
High School Musical: The Musical - The Series,The students from the school where the High School Musical films were shot stage a musical production based on the franchise.,TV-PG,2019,0,12 Nov 2019,31 min,"Comedy, Musical",Tim Federle,English,USA,1 nomination.,7.3,https://image.tmdb.org/t/p/w500/1om3vGMGBvfaHAnE5t9T4LUE08j.jpg,85801,https://image.tmdb.org/t/p/w1280/uUojnsT9WVrGG4eiQheaDkPUI9M.jpg,https://www.youtube.com/watch?v=u_Nvc0LBIfo
Hostile Planet,A look at the world's harshest landscapes and the animals that have adapted to live there.,,2019,0,01 Apr 2019,47 min,Documentary,,English,USA,Nominated for 2 Primetime Emmys. Another 1 nomination.,8.2,https://image.tmdb.org/t/p/w500/uCillyLIP8NujLIOvZzAvNaQwsU.jpg,86800,https://image.tmdb.org/t/p/w1280/2GD1Wxjjx5VRtXsllqmSe1bYkM7.jpg,
Hulk and the Agents of S.M.A.S.H.,"The Incredible Hulk teams up with Red Hulk, She-Hulk, Skaar, and Rick Jones aka A-Bomb to battle the forces of evil in front of cameras for Rick's web-based series to show the Hulk is more hero than monster.",TV-Y7,2013,2015,11 Aug 2013,23 min,"Animation, Action, Adventure, Comedy, Sci-Fi",,English,USA,12 nominations.,6.1,https://image.tmdb.org/t/p/w500/sPe9KTADqXFoAfSruep8Dfg4uDS.jpg,40044,https://image.tmdb.org/t/p/w1280/7p0QLfjFx1iJzJ6iB82mp7E9qIH.jpg,
Iron Man,Industrialist Tony Stark leads his private team of superheros as Iron Man against the forces of evil.,TV-Y7,1994,1996,24 Sep 1994,30 min,"Animation, Action, Adventure, Sci-Fi","Stan Lee, Larry Lieber",English,USA,,6.7,https://image.tmdb.org/t/p/w500/nTQWWH6CFtl37x1nPx8HRwbwvGn.jpg,3097,https://image.tmdb.org/t/p/w1280/1TEtxOmlYQ5zvwyZrDWjSred89P.jpg,
Iron Man: Armored Adventures,A teenage Tony Stark battles evil with his revolutionary power armor technology.,TV-Y7,2008,2012,,22 min,"Animation, Action, Adventure, Family, Fantasy, Sci-Fi","Craig Kyle, Christopher L. Yost, Romain van Liemt, Alexandre de La Patellière",English,"Canada, USA, UK, France",,6.5,https://image.tmdb.org/t/p/w500/91IgXEpWqRXUTTLSqJ6nE9vuI4n.jpg,7330,https://image.tmdb.org/t/p/w1280/geoJ7FkV4NXAhZ7pYNCOWGYEBLV.jpg,https://www.youtube.com/watch?v=EqGJ-DN93MA
Kickin' It,A once-in-a-generation young karate fighter named Jack joins the Wasabi warriors.,TV-Y7,2011,2015,13 Jun 2011,22 min,"Action, Comedy, Family",Jim O'Doherty,English,USA,2 wins & 8 nominations.,6.3,https://image.tmdb.org/t/p/w500/dEoagS3XcuA5fZVmg2C2GAn5lGc.jpg,32716,https://image.tmdb.org/t/p/w1280/rUC7l7tX9YOwkHjHwu4r62BGNEE.jpg,
Kingdom of the White Wolf,"Ronan Donovan, a National Geographic researcher, travels to the Arctic to study wolves.",,2019,0,25 Aug 2019,,Documentary,,English,USA,,8.2,https://image.tmdb.org/t/p/w500/11YkTbBTXFdqMow9jax3XgvazqI.jpg,92894,https://image.tmdb.org/t/p/w1280/f23RyFkgRo0RzfZJ27hLUBx3Fkv.jpg,
Lab Rats,"A scrawny 14-year-old, having discovered his inventor stepdad has three bionic, super-powered teens living cloistered in a secret lab beneath their home, brings them out into the world.",TV-Y7,2012,2016,,22 min,"Action, Comedy, Family, Sci-Fi","Bryan Moore, Chris Peterson",English,USA,1 win & 5 nominations.,6.6,https://image.tmdb.org/t/p/w500/lcQMvn9ZptPd3dxn0a17viRfi7Y.jpg,38867,https://image.tmdb.org/t/p/w1280/qu7fEmeN0taTZj8R3L4MfbfoaHS.jpg,
Lego Frozen Northern Lights,"Elsa, Anna and friends search for the Northern Lights.",TV-Y7,2016,0,01 Nov 2016,,"Animation, Adventure, Comedy, Family, Fantasy",,English,USA,,5.7,https://image.tmdb.org/t/p/w500/8NtPHSl9ON469YMpDiAYtmtPiL4.jpg,114264,https://image.tmdb.org/t/p/w1280/vJSAMbYvQb0VW4oa0IHNYvHFuXA.jpg,
Lego Star Wars: All-Stars,"New faces team-up with iconic heroes Young Han Solo, Chewbacca, Young Lando Calrissian, BB-8, and General Leia for adventures that span all eras of the Star Wars universe.",TV-Y7,2018,0,29 Oct 2018,22 min,"Animation, Action, Adventure, Comedy, Sci-Fi","Carrie Beck, Jake Blais, Leland Chee, Jason Cosler, Keith Malone, Bill Motz, Josh Rimes, Bob Roth",English,USA,,6.5,https://image.tmdb.org/t/p/w500/97dmYYI7TACdGvXWQd2sIyMq16n.jpg,83558,https://image.tmdb.org/t/p/w1280/kQO87aSNVhcOgIfEPQIY24bGWh3.jpg,
Lego Star Wars: Droid Tales,"Immediately after the Battle of Endor, C-3PO recounts the Skywalker saga so far as he helps recover R2-D2 from a shadowy figure.",,2015,0,06 Jul 2015,23 min,"Animation, Action, Adventure, Comedy, Sci-Fi",,English,USA,1 nomination.,7.5,https://image.tmdb.org/t/p/w500/gwUWj2khFn59QnFPH3KCwBN3LwL.jpg,63722,https://image.tmdb.org/t/p/w1280/4hEdTuBLyKGcl6LO6ctKKucjLgT.jpg,
LEGO Star Wars: The Resistance Rises,"Before the Force awakened and prior to the First Order's attack on Jakku, follow the never-before-told stories of Poe Dameron, Han Solo, Chewbacca, Maz Kanata, Rey, Finn, BB-8 and more!",,2016,0,15 Feb 2016,24 min,"Animation, Comedy, Sci-Fi",,English,"USA, Denmark",,5.6,https://image.tmdb.org/t/p/w500/2DaUfsKsscfMcHMp0GA1ZNeoJYs.jpg,66487,https://image.tmdb.org/t/p/w1280/1NgEW2q1JvnVnQGQ0KAZNWId0WF.jpg,
Lego Star Wars: The Freemaker Adventures,"The series stars the Freemakers, a family of scavengers who build and sell starships from the scoured debris of space battles strewn throughout the galaxy. When their youngest discovers a ...",TV-Y7,2016,0,20 Jun 2016,23 min,"Animation, Action, Comedy, Fantasy, Sci-Fi","Bill Motz, Bob Roth, Carrie Beck, Jake Blais, Jason Cosler, Keith Malone, John McCormack, Leland Chee",English,USA,1 win & 7 nominations.,7.5,https://image.tmdb.org/t/p/w500/5NaZ8EVX06rps9LN3lvrsvfaUh0.jpg,66837,https://image.tmdb.org/t/p/w1280/ruia2cz93lpAZ55ri3Jk1ZPUZVS.jpg,
Lego Star Wars: The Yoda Chronicles,"Centered around Yoda's stories that take place before ''Lego Star Wars: The Padawan Menace''. Yoda begins by training Padawans at the Jedi Temple Academy, but then he feels a disturbance in the Force and rushes off to fight the Dark Side.",,2013,0,,,"Animation, Family, Fantasy, Sci-Fi",,English,USA,2 nominations.,7.5,https://image.tmdb.org/t/p/w500/cuoPprspA6OHwufWFr06w6s5KSk.jpg,61513,https://image.tmdb.org/t/p/w1280/suuwh56OjrePO9HQw3VeLTaXGrK.jpg,
Life Below Zero,The everyday struggles of living in the secluded state of Alaska where one wrong decision could cost you your life.,TV-PG,2013,0,19 May 2013,44 min,"Documentary, Adventure, Reality-TV",,English,USA,Won 4 Primetime Emmys. Another 5 nominations.,8,https://image.tmdb.org/t/p/w500/a1pZCA3nmZvQGI1L21Riuglfw6f.jpg,60910,https://image.tmdb.org/t/p/w1280/rlr7ldDpT67kuublz5W6QGDR6OJ.jpg,
Lilo & Stitch: The Series,The rambunctious human and alien duo must hunt down Dr. Jumba Jookiba's 625 other experimental creatures infesting Hawaii.,TV-Y,2003,2006,20 Sep 2003,22 min,"Animation, Action, Adventure, Comedy, Family, Sci-Fi","Dean DeBlois, Chris Sanders",English,USA,2 nominations.,6.7,https://image.tmdb.org/t/p/w500/jP84yEbvIxWXIKGFYpfyfQhfMWZ.jpg,2355,https://image.tmdb.org/t/p/w1280/e3F1DhLs90kk1hWZhoTUanrxjMu.jpg,
Lizzie McGuire,The daily adventures of an adolescent girl whose real thoughts and emotions are expressed by her sarcastic animated alter ego. New episodes starting November 12th 2020 on Disney+.,TV-G,2001,2004,12 Jan 2001,30 min,"Comedy, Drama, Family",Terri Minsky,English,USA,Nominated for 2 Primetime Emmys. Another 8 wins & 20 nominations.,6.6,https://image.tmdb.org/t/p/w500/3WiL6yy2R0A9Io2hkodoPTBMS7o.jpg,4575,https://image.tmdb.org/t/p/w1280/9TDtNdKwwJKAbddufpFlfUgBiCl.jpg,
Lost Cities with Albert Lin,"Utilizing ground-penetrating radar, LiDar and 3D scanning, Lin will work with boots-on-the-ground archaeologists to discover and re-create unexcavated worlds still hidden beneath the earth.",,2019,0,01 Oct 2019,,"Documentary, History",,English,USA,,8.7,https://image.tmdb.org/t/p/w500/mwDaLEcwkNZPYp6yZSIvhy1NcHS.jpg,95739,https://image.tmdb.org/t/p/w1280/mpNeO5apIBSh4XUmfWl6CTdWN4v.jpg,
Lost Treasures of the Maya,"A new ""treasure map"" of the Maya world is transforming what we thought we knew of one of the world most mysterious ancient civilizations",,2018,0,06 Feb 2018,,Documentary,,English,"USA, Guatemala",,6.4,https://image.tmdb.org/t/p/w500/z2MOcqmrOp4YGhuRwAHqj0gkygW.jpg,89666,https://image.tmdb.org/t/p/w1280/uZfeZjTgN6wet8MOcnU9lJg83VZ.jpg,
Spider-Man: The Animated Series,A young man with spider-like abilities fights crime as a superhero in New York City while trying to have a normal personal life.,TV-Y,1994,1998,19 Nov 1994,23 min,"Animation, Action, Adventure, Family, Sci-Fi","Stan Lee, Steve Ditko",English,USA,4 nominations.,8.3,https://image.tmdb.org/t/p/w500/mFcSBC5ckNJ1BSFBjSJmpDTtrXw.jpg,1664,https://image.tmdb.org/t/p/w1280/nVHovBi2yqZAYW17273ytA8SE7c.jpg,
The Incredible Hulk,A nuclear scientist is afflicted with the tendency to change into a powerful green monster under stress.,TV-Y7,1996,1998,08 Sep 1996,20 min,"Animation, Action, Adventure, Fantasy, Sci-Fi","Jack Kirby, Stan Lee",English,USA,1 win.,6.8,https://image.tmdb.org/t/p/w500/qejqK8MeYq1ZslH1aOMb9dxFIBM.jpg,648,https://image.tmdb.org/t/p/w1280/vl2lLJcbbnTcvWH6ZfHlXuLxIaP.jpg,
X-Men: The Animated Series,A team of mutant superheroes fight for justice and human acceptance in the Marvel Comics universe.,TV-Y7,1992,1997,31 Oct 1992,23 min,"Animation, Action, Family, Sci-Fi, Thriller","Mark Edward Edens, Sidney Iwanter, Eric Lewald, Margaret Loesch",English,"USA, Canada",,8.4,https://image.tmdb.org/t/p/w500/2OFwsFhAobczgJWnVdwd9oZAF2N.jpg,4574,https://image.tmdb.org/t/p/w1280/8GlKBQJTFZp9mpLXJrmNCtdTyxx.jpg,
Marvel Rising: Initiation,"Ghost-Spider is on the run after being framed for her friend Kevin's murder, while Ms. Marvel, Squirrel Girl, Quake, and Patriot attempt to bring her in.",,2018,0,13 Aug 2018,,"Animation, Short, Action, Comedy, Drama, Family",,English,USA,,4.9,https://image.tmdb.org/t/p/w500/8z8Z7ZwFgatxp33fvxRKLyl2xd9.jpg,83043,https://image.tmdb.org/t/p/w1280/eB36Ys5Kg84iFO0HO2ZbUNe34VR.jpg,
Marvel Super Hero Adventures,"Spider-Man teams with other Marvel heroes, in this short-form series, to teach the benefits of friendship, co-operation and heroism.",,2017,0,13 Oct 2017,4 min,Animation,,English,USA,3 nominations.,6.1,https://image.tmdb.org/t/p/w500/lIPBnGz0OPckoTVVGvLiG20YpIG.jpg,93508,https://image.tmdb.org/t/p/w1280/90NsrW9A9s5XS4qQJeSdO4b34QO.jpg,
Ultimate Spider-Man,Spider-Man battles evil with a new team of teen colleagues and training from S.H.I.E.L.D.,TV-Y7,2012,2017,01 Apr 2012,23 min,"Animation, Action, Adventure, Comedy, Sci-Fi","Todd McFarlane, David Michelinie, Bill Mantlo, Jack Kirby, Stan Lee, Joe Simon, Steve Ditko, Jim Starlin, Sara Pichelli, Carmine Di Giandomenico, David Hine, Tom Lyle, Howard Mackie, Will Murray, Fabrice Sapolsky",English,USA,9 nominations.,7.1,https://image.tmdb.org/t/p/w500/eXtlDP6kgUyYw0G2L9AxSWUp14Q.jpg,34391,https://image.tmdb.org/t/p/w1280/gXeCzYmCRBlpbbhhKrYM1ZpIDAA.jpg,
Agent Carter,"In 1946, Peggy Carter is relegated to secretarial duties in the Strategic Scientific Reserve (SSR). When Howard Stark is accused of treason, he secretly recruits Peggy to clear his name with the help of his butler, Edwin Jarvis.",TV-PG,2015,2016,06 Jan 2015,42 min,"Action, Adventure, Sci-Fi","Christopher Markus, Stephen McFeely",English,USA,14 nominations.,7.9,https://image.tmdb.org/t/p/w500/scZsg0rfAyH8ADphzrdhgo5jAXd.jpg,61550,https://image.tmdb.org/t/p/w1280/MaQ7hbNsiJ30p14UgRdEnXDGMH.jpg,
Ant-Man,"Follow Scott Lang as Ant-Man, dealing with everything from super villains to miniature alien invasions (and occasionally helping Cassie with her homework). Along with The Wasp and Hank Pym, Ant-Man protects the world one inch at a time.",,2017,0,10 Jun 2017,2 min,"Animation, Action, Adventure, Comedy, Sci-Fi",,English,USA,,6.7,https://image.tmdb.org/t/p/w500/6msLuFmP5MjyDW6x8vXHnFM86li.jpg,73919,https://image.tmdb.org/t/p/w1280/3QkMOMI3EPlhHAN1WFfXHRyTQSt.jpg,
Avengers Assemble,The further adventures of the Marvel Universe's mightiest general membership superhero team.,TV-Y7,2013,0,26 May 2013,23 min,"Animation, Action, Adventure, Sci-Fi","Jack Kirby, Joe Simon, Stan Lee",English,USA,11 nominations.,7,https://image.tmdb.org/t/p/w500/r7C5c5Un1zsiAfixa8HEd5ebYmM.jpg,59427,https://image.tmdb.org/t/p/w1280/hutyHRPoY0woAZCJtLmosJHuTjQ.jpg,
Marvel Future Avengers,"follows a young boy named Makoto, who gains superpowers due to an evil gene manipulation experiment. Makoto and other young kids with powers join the Avengers as apprentices named ""Future Avengers.""",TV-PG,2017,0,22 Jul 2017,,Animation,,Japanese,,,6,https://image.tmdb.org/t/p/w500/1ORuqsLRE9b3rzuWLvsfa6VEVZE.jpg,91278,https://image.tmdb.org/t/p/w1280/y9FhwCVyIqonm2XqwGrFtmalnkv.jpg,
Guardians of the Galaxy,The adventures of a band of space warriors who work to protect the universe from the evil overlord Thanos.,TV-Y7,2015,0,26 Jul 2015,22 min,"Animation, Action, Adventure, Comedy, Drama, Family, Sci-Fi","Dan Abnett, Andy Lanning, Marty Isenberg, Henry Gilroy",English,USA,2 wins & 2 nominations.,7.4,https://image.tmdb.org/t/p/w500/aSr0IfRApuhRYzhLY7RWhUB6jCn.jpg,63181,https://image.tmdb.org/t/p/w1280/9yAhhj9toqP9z6CeoMbhJdNhXN3.jpg,
Marvel's Hero Project,"This 20-episode series shares the remarkable, positive change several young heroes are making in their own communities across the country. These inspiring kids have dedicated their lives to...",TV-G,2019,0,12 Nov 2019,,Documentary,,English,USA,,6.2,https://image.tmdb.org/t/p/w500/tImFadmLA2k2TJTw1a4nDgALJV0.jpg,95313,https://image.tmdb.org/t/p/w1280/pZQ5xrtvxVOLUCmZstvspYGxBFE.jpg,
Inhumans,An isolated community of superhumans fight to protect themselves.,TV-PG,2017,0,29 Sep 2017,43 min,"Action, Adventure, Sci-Fi",Scott Buck,English,USA,,5,https://image.tmdb.org/t/p/w500/zKfGip55oJ9tdzhyd9ayGyFFhuo.jpg,68716,https://image.tmdb.org/t/p/w1280/5W9YCPMDF5TCudct2guf6b8iRFz.jpg,https://www.youtube.com/watch?v=lDUGUOMt040
Rocket & Groot,Adventures of Rocket and Groot before their time on the Guardians of the Galaxy (2014) team.,,2017,0,10 Mar 2017,,"Animation, Short, Adventure, Sci-Fi",,,,,7,https://image.tmdb.org/t/p/w500/2rCNP3beEllDgMHhqHFzMbQRFf9.jpg,70784,https://image.tmdb.org/t/p/w1280/jLuoxdI4S6JxOdlQYg57JLwDuEK.jpg,
Runaways,"After discovering their parents are super-villains in disguise, a group of teenagers band together to run away from their homes in order to atone for their parents' actions and to discover the secrets of their origins.",TV-14,2017,2019,21 Nov 2017,60 min,"Action, Drama, Sci-Fi","Stephanie Savage, Josh Schwartz",English,USA,3 wins & 4 nominations.,7,https://image.tmdb.org/t/p/w500/fsPN2EkITbzYh08L7NKAJi4uJdc.jpg,116521,https://image.tmdb.org/t/p/w1280/tw2minexGGHFJ8AZna0Y4l4hlgD.jpg,
Spider-Man,"Peter Parker, a new student at the famous Horizon High, fights evil super-villains as the costumed superhero, Spider-Man.",TV-Y7,2017,0,29 Jul 2017,21 min,"Animation, Short, Action, Adventure, Family, Sci-Fi",,English,USA,1 nomination.,6.1,https://image.tmdb.org/t/p/w500/cwgW8j4yh5hNMnvokozpVkjuSu2.jpg,888,https://image.tmdb.org/t/p/w1280/tszlsbfyTOPSZe2z6K4mwHtcnmI.jpg,
Mickey Mouse,Mickey Mouse takes on new adventures finding himself in silly situations in different settings.,TV-G,2013,0,12 Mar 2013,4 min,"Animation, Short, Comedy, Family",,English,USA,Won 7 Primetime Emmys. Another 23 wins & 30 nominations.,8.1,https://image.tmdb.org/t/p/w500/hwUMUAWj9QRLUKtMITwJwFK6wJz.jpg,3934,https://image.tmdb.org/t/p/w1280/dGvW61JwuqwtShk849PHZflOAX.jpg,
The Mickey Mouse Club,Mickey Mouse hosts a youth oriented variety show.,TV-G,1955,1958,17 Jul 1955,60 min,"Family, Comedy, Drama, Music","Hal Adelquist, Walt Disney",English,USA,Won 1 Golden Globe. Another 1 nomination.,7.7,https://image.tmdb.org/t/p/w500/rXC5rbj05g56U93LQsllj3ycF8k.jpg,2208,,
Mickey Mouse Mixed-Up Adventures,"Mickey Mouse and his pals Minnie, Pluto, Goofy, Daisy, and Donald take their unique transforming vehicles on humorous high-spirited races around the globe as well as hometown capers in Hot Dog Hills.",TV-Y,2017,0,15 Jan 2017,21 min,"Animation, Short, Adventure, Comedy, Family, Sport","Vincent Chalvon-Demersay, David Michel, Jean-Louis Vandestoc",English,USA,4 nominations.,6.2,https://image.tmdb.org/t/p/w500/18ik0uXxg6xuxSf7xrf0pfG1Dnm.jpg,139612,https://image.tmdb.org/t/p/w1280/sWEsBG27gwPJYXUhKb3eKaEgDN8.jpg,
Muppet Babies,Baby versions of Jim Henson's famous Muppet characters go on wacky adventures through their imaginations,TV-Y,2018,0,23 Mar 2018,23 min,"Animation, Short, Adventure, Comedy, Family, Fantasy, Musical",,,"South Korea, USA, China, Japan",1 win & 6 nominations.,7,https://image.tmdb.org/t/p/w500/mKO39v4anUjh73s9NIIRp8HKlqm.jpg,77410,https://image.tmdb.org/t/p/w1280/dhpiUjED67h3vHaQevuD2T8KyaK.jpg,https://www.youtube.com/watch?v=E2mNmNRkmLw
My Friends Tigger & Pooh,A girl and her dog have adventures with tigger and pooh in the hundred acre woods,TV-Y,2007,2010,12 May 2007,30 min,"Animation, Short, Adventure, Family",,"English, Spanish, German, Japanese, French, Abkhazian, Portuguese",USA,1 win & 9 nominations.,5.7,https://image.tmdb.org/t/p/w500/pjFdWwr36A5ZO8K5W5NuPRS7Bil.jpg,3527,https://image.tmdb.org/t/p/w1280/lJchILydAqRPxmUeqPhVKPDrGaM.jpg,
One Strange Rock,The extraordinary story of Earth and why it is special and uniquely brimming with life among a largely unknown but harsh cosmic arena; astronauts tell the story of Earth through unique perspective.,TV-PG,2018,0,26 Mar 2018,47 min,Documentary,,"English, Spanish, Indonesian, Chinese, Arabic, Russian, Hindi, Tibetan, Portuguese, French, Thai, Norwegian, Italian, Japanese, Mongolian, Kazakh",USA,1 win & 3 nominations.,8.8,https://image.tmdb.org/t/p/w500/5bJYVZyprV0iXgqvEDYzNSY7opt.jpg,75782,https://image.tmdb.org/t/p/w1280/lX1An9AZV19BapiUbDgMyPbr0tZ.jpg,
Origins: The Journey of Humankind,Our primal curiosity has sparked new inventions and revealed the mysteries of the universe. This eight part mini series strives to trace the pivotal innovations that make us modern.,,2017,0,06 Mar 2017,60 min,Documentary,,English,USA,,6.9,https://image.tmdb.org/t/p/w500/oBwjYXwunBsptijPEdTLtr8lzbG.jpg,70386,https://image.tmdb.org/t/p/w1280/1n6vgVnMcvnzqrrcBlsmyTqGUol.jpg,https://www.youtube.com/watch?v=dhye6w-0l0c
Out of the Box,"A group of kids and their two caregivers have built a cool clubhouse out of giant boxes. That's where they meet for music, play and special activities that kids can do at home.",TV-Y,1998,2004,07 Oct 1998,24 min,"Comedy, Family",Douglas Love,English,USA,1 nomination.,7.5,https://image.tmdb.org/t/p/w500/gkrmiA8dupdIuTRiSYEOmLBuGve.jpg,9040,https://image.tmdb.org/t/p/w1280/6KOtZqRF3pQIR9ToGPkvcuND0JF.jpg,
Out There with Jack Randall,Zoologist Jack Randall journeys into Australia's Outback to encounter extraordinary wildlife.,,2019,0,07 Jul 2019,,Documentary,,,,,6.6,https://image.tmdb.org/t/p/w500/iX5WBSnms9Px3jIws9OBbQ6T1IE.jpg,90929,https://image.tmdb.org/t/p/w1280/xjzz9uLQdZ0xa7BxAXUkT3kKpl0.jpg,
Phil of the Future,"A family from 2121 is stuck in 2004, trying desperately to fit in.",TV-G,2004,2006,18 Jun 2004,25 min,"Adventure, Comedy, Family, Sci-Fi","Tim Maile, Douglas Tuber",English,USA,6 nominations.,7,https://image.tmdb.org/t/p/w500/4r1luaFylkK48JcXmCNpZ0yKNZW.jpg,1528,https://image.tmdb.org/t/p/w1280/onJsk0SgdIeUDoX7kOEnfyhx9TO.jpg,
Phineas and Ferb,"Phineas and Ferb invent, scheme, and stay one step ahead of their bratty sister. Meanwhile, their pet platypus plots against evil Dr. Doofenshmirtz.",TV-G,2007,2015,17 Aug 2007,15 min,"Animation, Action, Comedy, Family, Musical, Sci-Fi","Dan Povenmire, Jeff 'Swampy' Marsh",English,USA,Won 3 Primetime Emmys. Another 1 win & 40 nominations.,7.9,https://image.tmdb.org/t/p/w500/vO5SGen5sf8ooqXG99f1MohvcfV.jpg,1877,https://image.tmdb.org/t/p/w1280/5MWFjQ3NuNtNeOE9FdrVLeNMNPs.jpg,
Pick of the Litter,"Ups and downs of an adorable group of six dogs on their fascinating and surprisingly suspenseful quest to become guides for Guide Dogs for the Blind, the ultimate canine career.",,2019,0,20 Dec 2019,,Documentary,,English,USA,,,https://image.tmdb.org/t/p/w500/vcPGkS4Wzj09132CDjWG337UJcW.jpg,95632,https://image.tmdb.org/t/p/w1280/cGEYVybmhASYgx12SxUrlwSHgJC.jpg,
Pixar in Real Life,"This live action series brings iconic characters and moments from Pixar films into the real world. Filmed on location in and around New York City, the series surprises and delights real people in real locations when they least expect it.",TV-G,2019,0,12 Nov 2019,,"Comedy, Family, Reality-TV",,English,USA,,6.7,https://image.tmdb.org/t/p/w500/bgKwNs66dsEt3e0D7wJLmAxxgnz.jpg,95029,https://image.tmdb.org/t/p/w1280/miv5yByTOcIrzFhqL48gODz2LQ3.jpg,
PJ Masks,"Three children become superheroes at night. During the school day a problem arises, and during the night the culprit is found by the PJ Masks and the problem gets solved by sharing ideas, ...",TV-Y,2015,0,18 Sep 2015,24 min,"Animation, Action, Adventure, Family, Fantasy, Sci-Fi",,"French, English","France, UK",2 wins & 6 nominations.,5.7,https://image.tmdb.org/t/p/w500/ftZ6dw4wyKHwPFrBFOORKAvGpyL.jpg,65417,https://image.tmdb.org/t/p/w1280/jPNHTGz56o2gUkGkfVdsvf7rX4e.jpg,
Primal Survivor,"Primal Survivor tracks wilderness guide and survival instructor Hazen Audel as he tackles some of mankind's most rigorous journeys, relying on skills learned from native inhabitants.After ...",,2016,0,21 Jan 2016,,Documentary,,English,USA,,8.5,https://image.tmdb.org/t/p/w500/xeEWzT6uWuHFjGrIfFOnUPkFlRP.jpg,65859,https://image.tmdb.org/t/p/w1280/47o6RgXZjr6ht3ZqcWlrf2opcC2.jpg,
Puppy Dog Pals,"Fun-loving pug puppies, brothers Bingo and Rolly, have thrill-seeking appetites that take them on exhilarating adventures in their neighborhood and around the globe.",TV-Y,2017,0,14 Apr 2017,24 min,"Animation, Family",Harland Williams,English,USA,1 win & 2 nominations.,7.1,https://image.tmdb.org/t/p/w500/uEfmEJUEglaYw1IKGqV6aJTs60D.jpg,72089,https://image.tmdb.org/t/p/w1280/bXnKc8abo2NwlZxyiVlkPvNxu3e.jpg,
Quack Pack,"The misadventures of Donald Duck and his rebellious teenage nephews with attitude, Huey, Dewey, and Louie.",TV-Y,1996,1997,02 Sep 1996,30 min,"Animation, Short, Adventure, Comedy, Family",Toby Shelton,English,USA,,6.8,https://image.tmdb.org/t/p/w500/d6VewnlRManLlOzV06jPUb08Hgf.jpg,1863,https://image.tmdb.org/t/p/w1280/enk5b5SD11dx8qYurkEILIkAlEl.jpg,
Running Wild with Bear Grylls,"Bear Grylls, British adventurer, takes A-list celebrities on wild outdoor adventures, pushing them beyond their comfort zone.",TV-14,2014,0,28 Jul 2014,60 min,"Adventure, Comedy, Reality-TV, Talk-Show",Delbert Shoopman,English,USA,,7.7,https://image.tmdb.org/t/p/w500/tBhHARlqKI2DKOQvQD9DciLjEF2.jpg,61120,https://image.tmdb.org/t/p/w1280/5oeyV08lHHnCksfxSqWN0Fr5C0e.jpg,
Secrets of the Zoo,"With nearly 6,000 veterinary cases and well over 100 births each year, the team at the Columbus Zoo has no shortage of incredible drama.",,2018,0,29 Jul 2018,44 min,Reality-TV,,,,,8.2,https://image.tmdb.org/t/p/w500/7Ic1TB5Ivxsoyapag8w7jTbqC1l.jpg,86596,https://image.tmdb.org/t/p/w1280/fcAfJE3QW1BeT7wDoUCataQwO1d.jpg,
Shake It Up,Two Chicago teens attempt to realize their dream of becoming professional dancers by landing spots on a popular local show.,TV-G,2010,2013,07 Nov 2010,30 min,"Comedy, Family",Chris Thompson,English,USA,3 wins & 18 nominations.,4.8,https://image.tmdb.org/t/p/w500/hDAcbygpj7h6jdv56Ydmlnb9TPN.jpg,33213,https://image.tmdb.org/t/p/w1280/9Iy10uBC7AxCiXjkNOfP838jLtR.jpg,
Sheriff Callie's Wild West,A kids' western centered on a kitty-cat sheriff whose job is to ensure that the town of Nice and Friendly Corners remains the friendliest town in the West.,TV-Y,2014,0,20 Jan 2014,25 min,"Animation, Short, Action, Adventure, Comedy, Family, Musical, Western","Holly Huckins, George Evelyn, Denis Morella, David Michel","English, French","USA, South Korea, France",4 nominations.,6.5,https://image.tmdb.org/t/p/w500/7kqUoR5whNlGNXZnZ6LUL0diIKW.jpg,61330,https://image.tmdb.org/t/p/w1280/bOZnotuzyE3EQbTV1UF4ptuHkhJ.jpg,
Shop Class,"It is a competition format that features teams of inventive students who are tasked with designing, building, and testing new contraptions.",,2020,0,28 Feb 2020,,,,,,,6.3,https://image.tmdb.org/t/p/w500/p9XUS7cHl0LDbdrB1T8bxY462id.jpg,99874,https://image.tmdb.org/t/p/w1280/oBznrkxHLF0PH1SU45UmFaTwmgU.jpg,
Silver Surfer,The adventures of the cosmic wanderer as he seeks his lost home after rebelling from his master.,TV-Y7,1998,0,07 Feb 1998,30 min,"Animation, Sci-Fi, Action, Thriller","Larry Brody, Jack Kirby, Stan Lee",English,"USA, Canada",1 nomination.,7.1,https://image.tmdb.org/t/p/w500/18rhdRDXAAHUTsbWtIQn2ZkjRL9.jpg,1130,https://image.tmdb.org/t/p/w1280/jTupUx9wdoIKe8BFoP5Z1xzEtno.jpg,
Smart Guy,Ten-year-old genius (Tahj Mowry) has skipped six grades into high school. This incredible promotion somewhat aggravates his teenage siblings.,TV-G,1997,1999,26 Mar 1997,30 min,"Comedy, Drama, Family","Danny Kallis, Brian Suskind",English,USA,7 nominations.,7.4,https://image.tmdb.org/t/p/w500/bFJcG0ym7qtN7KP0iFt99DtaRIq.jpg,2291,https://image.tmdb.org/t/p/w1280/cIlAcss9tPBeI0USoo01NLAGFb4.jpg,
So Weird,"A preteen girl travels around the country continually stumbling over supernatural occurrences. Without anyone to believe her, she posts what she finds on her website entitled ""So Weird"".",TV-Y7,1999,2001,18 Jan 1999,30 min,"Adventure, Family, Mystery, Thriller",Tom J. Astle,English,Canada,7 nominations.,8.5,https://image.tmdb.org/t/p/w500/3JXACRlBkEGRdzXvHH7R1houDeS.jpg,1954,https://image.tmdb.org/t/p/w1280/owhWMSibwekc88KKjPgkD6BBVzk.jpg,
Sonny with a Chance,"Sonny, a talented Midwestern girl, has won a nationwide talent search to move to Los Angeles and star in a popular television series. Sonny's home and work life is documented along with her adjustment to life in the spotlight.",TV-G,2009,2011,08 Feb 2009,23 min,"Comedy, Family, Romance",Steve Marmel,English,USA,2 wins & 6 nominations.,6.1,https://image.tmdb.org/t/p/w500/uCgUb57dgsrSl12imDLUay7ZSQX.jpg,33873,https://image.tmdb.org/t/p/w1280/edkpfJLutoFxmf0qwGE4rqWCVRZ.jpg,
Soy Luna,"Luna Valente lives with her family in Cancún, Mexico. She goes to school, has her own group of friends, has a job, and loves to skate. However, her life changes when her parents are given a...",,2016,0,14 Mar 2016,45 min,"Comedy, Family, Music",Jorge Edelstein,"Spanish, German","Argentina, Mexico",,6.8,https://image.tmdb.org/t/p/w500/4JDmIzhNF7aMsDGlxVwkQ9kv9E6.jpg,66203,https://image.tmdb.org/t/p/w1280/aYIbbd9UbzEILQ5ma5y0aypas1t.jpg,
Spider-Man and His Amazing Friends,Spider-Man battles crime in New York City with the help of Iceman and Firestar.,TV-Y7,1981,1986,12 Sep 1981,22 min,"Animation, Action, Comedy, Crime, Family, Sci-Fi","Dennis Marks, Stan Lee, Jack Kirby, Steve Ditko, Dan Spiegle",English,USA,1 nomination.,7.2,https://image.tmdb.org/t/p/w500/tW3OyYybZpttSNF9dZOp2FyYbW1.jpg,1269,https://image.tmdb.org/t/p/w1280/7We1GSpHZ2jqhQPcGCtiJFJbTeK.jpg,
Spider-Man Unlimited,Spider-Man travels to Counter-Earth to rescue a Terran shuttle crew trapped there and discovers a tyrannical and warped version of his world.,TV-Y7,1999,2005,02 Oct 1999,22 min,"Action, Family, Adventure, Animation, Thriller, Crime, Sci-Fi",,English,"USA, Canada",,6.4,https://image.tmdb.org/t/p/w500/kctDt88H2aMywGgdGcCLNuvd2g0.jpg,10079,https://image.tmdb.org/t/p/w1280/fpront1klTWGmYwF4KveEpu9TcB.jpg,
Spider-Woman,The adventures of a female superhero with spider-like abilities.,TV-Y7,1979,1980,22 Sep 1979,21 min,"Animation, Family, Fantasy","Stan Lee, Marie Severin",English,USA,,5.8,https://image.tmdb.org/t/p/w500/r6V6sDF8rtYWXPsov5zwEt8iTux.jpg,4784,https://image.tmdb.org/t/p/w1280/pCHKnO0jSKL46IlHRmFEVmZXLkn.jpg,
Star Wars Rebels,A brave and clever ragtag starship crew stands up against the evil Empire as it tightens its grip on the galaxy and hunts down the last of the Jedi Knights.,TV-Y7-FV,2014,2018,26 Sep 2014,22 min,"Animation, Action, Adventure, Family, Fantasy, Mystery, Sci-Fi","Simon Kinberg, Carrie Beck, Dave Filoni",English,USA,Nominated for 4 Primetime Emmys. Another 7 wins & 25 nominations.,8,https://image.tmdb.org/t/p/w500/jmgR8330sKEJehr27rQ3bODnrlP.jpg,60554,https://image.tmdb.org/t/p/w1280/8BNjxMJMFp0BgqMh4PyuwZMXxh1.jpg,
Star Wars Resistance,"Kazuda Xiono, a young pilot for the Resistance, is tasked with a top secret mission to investigate the First Order, a growing threat in the galaxy.",TV-Y7,2018,0,01 Oct 2018,30 min,"Animation, Action, Adventure, Sci-Fi","Carrie Beck, Dave Filoni, Kiri Hart",English,USA,Nominated for 1 Primetime Emmy. Another 1 win & 1 nomination.,4.9,https://image.tmdb.org/t/p/w500/qLl4lZwcm7MJk6U3Kk0QCmfWOU9.jpg,79093,https://image.tmdb.org/t/p/w1280/Ad2y46YKP2u81bsR4axajbbJKwS.jpg,https://www.youtube.com/watch?v=AoxZ4SmlSAg
Star Wars Blips,"A series of animated YouTube shorts featuring comedic looks at BB-8, R2-D2, Chewbacca, and porgs, in promotion for the release of Star Wars: Episode VIII The Last Jedi.",,2017,0,03 May 2017,1 min,"Animation, Comedy",,English,USA,,6.1,https://image.tmdb.org/t/p/w500/p968BsTmdTbYGIuSJkPaeA8fved.jpg,105106,https://image.tmdb.org/t/p/w1280/wqs5vdNQCSo7MByH50v75i1E1UU.jpg,
Star Wars: The Clone Wars,Jedi Knights lead the Grand Army of the Republic against the droid army of the Separatists.,TV-PG,2008,2020,03 Oct 2008,23 min,"Animation, Action, Adventure, Drama, Fantasy, Sci-Fi",George Lucas,English,USA,23 wins & 68 nominations.,8.1,https://image.tmdb.org/t/p/w500/jAbECCJ8n7Rr25p2Y7MXPGMdoSR.jpg,4194,https://image.tmdb.org/t/p/w1280/m6eRgkR1KC6Mr6gKx6gKCzSn6vD.jpg,
Supercar Superbuild,"Supercar Superbuild showcases the passion, artistry and engineering behind some of the fastest and most lust-worthy supercars in the world. Behind each story lies a dedicated team of ...",,2014,0,08 Oct 2014,,Documentary,,English,USA,,7,https://image.tmdb.org/t/p/w500/cHn9sFOCr4lSocs8vg5hqgvWHbf.jpg,62165,https://image.tmdb.org/t/p/w1280/syesr5c36E2JYtRJTngtGc8v4bA.jpg,
TaleSpin,Baloo the Bear from The Jungle Book (1967) is cast as a 1930s Pacific Islands bush pilot.,TV-Y7,1990,1991,07 Sep 1990,30 min,"Animation, Action, Adventure, Comedy, Drama, Family, Fantasy, Mystery",,English,USA,Won 1 Primetime Emmy. Another 5 nominations.,7.6,https://image.tmdb.org/t/p/w500/tt9tXR6x42KYTZXZhdVw3vuPaOZ.jpg,2720,https://image.tmdb.org/t/p/w1280/htcQeUWHrB7Hsbnugfb4rMnnJ2.jpg,
Tangled: The Series,"Set between Walt Disney Animation Studios' ""Tangled"" and its short film ""Tangled Ever After,"" this animated adventure/comedy series unfolds as Rapunzel acquaints herself with her parents, her kingdom and the people of Corona.",TV-Y7,2017,2020,24 Mar 2017,21 min,"Animation, Action, Adventure, Comedy, Family, Fantasy, Musical","Shane Prigmore, Chris Sonnenburg","English, Czech",USA,5 wins & 9 nominations.,7.6,https://image.tmdb.org/t/p/w500/tM3KET1Ku6NfniOF4lGcOGFsJsq.jpg,70047,https://image.tmdb.org/t/p/w1280/4aZJbmmLsWqMhYUOjBbB3308c7.jpg,
Teacher's Pet,"Envying the life of his eight-year-old master, a talking dog disguises himself as a human boy in order to go to school with him, and he becomes the big mutt on campus.",TV-Y,2000,2005,01 Sep 2000,30 min,"Animation, Short, Adventure, Comedy, Family, Fantasy","Gary Baseman, Bill Steinkellner, Cheri Steinkellner",English,USA,8 wins & 4 nominations.,6.4,https://image.tmdb.org/t/p/w500/8IOx9VFLgSkrAmHInca6LZ1dCeR.jpg,3745,https://image.tmdb.org/t/p/w1280/iXkh0q4pU3ZqrRC5kOy87m6SIlM.jpg,
That's So Raven,"A teenage girl periodically receives brief psychic visions of the near future. Trying to make these visions come true results in trouble, and hilarious situations, for the girl and her friends.",TV-G,2003,2007,17 Jan 2003,30 min,"Comedy, Family, Fantasy","Michael Poryes, Susan Sherman",English,USA,Nominated for 2 Primetime Emmys. Another 14 wins & 29 nominations.,6.5,https://image.tmdb.org/t/p/w500/w1pGoHuCdsTYL7YEUawvnM10N73.jpg,4602,https://image.tmdb.org/t/p/w1280/xXxTWkQFeUUWr3N8UVl7CpwZI2g.jpg,
The Avengers: Earth's Mightiest Heroes,"After 74 villains break out of prison, Marvel's most powerful superheroes team up to capture all of them, and also to defend the Earth from widespread threats.",TV-Y7,2010,2012,22 Sep 2010,30 min,"Animation, Action, Family, Sci-Fi",,English,USA,8 nominations.,8.3,https://image.tmdb.org/t/p/w500/m4xJb9O6Hc3C1Kt0vE6hZRaE9BE.jpg,33623,https://image.tmdb.org/t/p/w1280/vgPDKfOerEyF260CvozVEWj9T8n.jpg,
Avengers: United They Stand,The adventures of the Marvel Comics Universe's greatest general membership superhero team.,TV-Y7,1999,2000,30 Oct 1999,30 min,"Animation, Action, Adventure, Sci-Fi","Jack Kirby, Stan Lee",English,"France, Canada, USA",,5.5,https://image.tmdb.org/t/p/w500/kfihyZQZAdOF9KJ5kLw1GvBmxoH.jpg,1300,https://image.tmdb.org/t/p/w1280/44TJgVKPto88kOF2R036dgkjJms.jpg,
The Book of Pooh,"A new Disney version of the classic children's stories about Winnie the Pooh and his friends. Rather than the animated versions of the past, this series is done entirely in a puppet format....",TV-Y,2001,2004,22 Jan 2001,30 min,"Animation, Short, Adventure, Comedy, Family, Musical",,English,USA,1 win & 3 nominations.,6.3,https://image.tmdb.org/t/p/w500/wrKBaIm1KKYfoM2CMAbsHltDKTh.jpg,973,https://image.tmdb.org/t/p/w1280/pRNtYKDkUFBkxlV2GCLzIvWpfFl.jpg,
The Incredible Dr. Pol,"With more than 20,000 patients, Dr. Pol has seen it all. Specializing in large farm animals, this senior is anything but retiring as he takes an old school, no-nonsense approach to veterinary medicine.",,2011,0,,44 min,"Documentary, Reality-TV","Monica Austin, Jonathan Schroder",English,USA,,8.6,https://image.tmdb.org/t/p/w500/faMFGFfNVfoyFRzEW9xODCtatj7.jpg,49297,https://image.tmdb.org/t/p/w1280/lzfuPfP4aqbGgzIfh5tLirKDyRE.jpg,
The Lodge,"A new show centered on a teenage girl who takes over her Grandfathers Lodge, and befriends its teenage staff.",,2016,0,17 Oct 2016,22 min,Family,,English,UK,,6.5,https://image.tmdb.org/t/p/w500/9ujocbPizfuhhkWDvtH2ye3pezo.jpg,68324,https://image.tmdb.org/t/p/w1280/pj2QRYKvPBY8baCoZI4XYpV2exj.jpg,
The Mandalorian,"The travels of a lone bounty hunter in the outer reaches of the galaxy, far from the authority of the New Republic.",TV-PG,2019,0,12 Nov 2019,30 min,"Action, Adventure, Sci-Fi",Jon Favreau,English,USA,5 wins & 10 nominations.,8.7,https://image.tmdb.org/t/p/w500/iLg3DzrwCDsHNovNaWx5JnQAsiV.jpg,82856,https://image.tmdb.org/t/p/w1280/9zcbqSxdsRMZWHYtyCd1nXPr2xq.jpg,
The Muppets.,Jim Henson's lovable Muppets return to the small screen in this mockumentary-style series that follows their personal and professional lives.,TV-PG,2015,2016,21 Jul 2015,21 min,"Comedy, Family","Bob Kushell, Bill Prady",English,USA,Nominated for 1 Primetime Emmy. Another 3 wins & 3 nominations.,7.4,https://image.tmdb.org/t/p/w500/fKZG7B8NDmBWd2ya44J8XG2sAGB.jpg,62815,https://image.tmdb.org/t/p/w1280/sq9M5oH9CBiCJiIbl3JNMsk4GOd.jpg,
The New Adventures of Winnie the Pooh,Follow Winnie the Pooh's adventures in the Hundred Acre Wood.,TV-Y,1988,1991,17 Jan 1988,30 min,"Animation, Adventure, Comedy, Family, Fantasy, Musical",,English,USA,5 wins & 5 nominations.,7.6,https://image.tmdb.org/t/p/w500/9dB95KQNal8r03xqSZv0FwuUhuD.jpg,2005,https://image.tmdb.org/t/p/w1280/pFRX1VUIm0j7a9VI1lQke9tOMZY.jpg,
The Proud Family,"Animated adventures of Penny Proud (Kyla Pratt), a girl growing up with the help of her friends.",TV-Y,2001,2005,15 Sep 2001,30 min,"Animation, Comedy, Family, Fantasy","Bruce W. Smith, Doreen Spicer",English,USA,6 wins & 23 nominations.,6.4,https://image.tmdb.org/t/p/w500/eu7IgGpvoxSHO9Lrblm29tyxuHM.jpg,543,https://image.tmdb.org/t/p/w1280/1HZpsTp3N8QQDSNDu5yEmBAb7s1.jpg,
The Replacements,Two orphans are given access to a super foster agency that enables them to replace people in their life with aces and superhumans.,TV-Y,2006,2009,28 Jul 2006,22 min,"Animation, Comedy, Family, Sci-Fi",Dan Santat,English,USA,1 nomination.,5.8,https://image.tmdb.org/t/p/w500/dJNRFSD5LeVIR9EODKn27urgM4V.jpg,4627,https://image.tmdb.org/t/p/w1280/lPAmzKTyRBcsF3n3R0KGifGCHXH.jpg,
The Simpsons,The satiric adventures of a working-class family in the misfit city of Springfield.,TV-PG,1989,0,17 Dec 1989,22 min,"Animation, Comedy","James L. Brooks, Matt Groening, Sam Simon","English, Spanish, Albanian, French, Japanese, German, Russian, Hindi, Swahili, Italian, Swedish, Turkish, Cantonese, Mandarin, Hebrew, Arabic, Klingon, Bengali, Czech",USA,Nominated for 1 Golden Globe. Another 168 wins & 302 nominations.,8.7,https://image.tmdb.org/t/p/w500/gpGPI732PWspwGpPyWrWov8IYmq.jpg,456,https://image.tmdb.org/t/p/w1280/jvTeRgjFsp66xj8SWxhr7O2J4ud.jpg,https://www.youtube.com/watch?v=jt14g4XydyY
The Suite Life of Zack & Cody,Comedy about identical twins living at the Tipton Hotel with their single mother who is a lounge singer at the hotel.,TV-G,2005,2008,18 Mar 2005,30 min,"Comedy, Family","Danny Kallis, Jim Geoghan",English,USA,Nominated for 3 Primetime Emmys. Another 8 wins & 20 nominations.,6.5,https://image.tmdb.org/t/p/w500/8vUeEQRKLjTT3CyTZGPTnIKDS5d.jpg,4605,https://image.tmdb.org/t/p/w1280/9NrFyl7VHQmjuohKz9h3dcZ8gyv.jpg,
The Suite Life on Deck,"Spin-off of the hit Disney Channel series ""The Suite Life of Zack & Cody,"" in which twin brothers Zack and Cody Martin and hotel heiress London Tipton enroll in a semester-at-sea program aboard a ship called the SS Tipton.",TV-G,2008,2011,26 Sep 2008,30 min,"Action, Adventure, Comedy, Family","Jim Geoghan, Danny Kallis, Pamela Eells",English,USA,6 wins & 5 nominations.,6.3,https://image.tmdb.org/t/p/w500/ioWTW1rkIQqMG72SrjKR6wE3VJr.jpg,15079,https://image.tmdb.org/t/p/w1280/zclNcr7DdxJqt3Xq6eGeuF1QFqz.jpg,
The Super Hero Squad Show,"Marvel's greatest heroes and evilest of villains battle it out in action packed, yet somewhat satirical alternate universe-style adventures.",TV-Y7,2009,2011,14 Sep 2009,,"Animation, Action, Comedy, Family, Sci-Fi",,English,USA,,6.1,https://image.tmdb.org/t/p/w500/xJqJ4kgsZ2XoKP0QLBOuMtppfYo.jpg,21781,https://image.tmdb.org/t/p/w1280/tSbZytA2RSLVXgEjTNTb27ZkvjZ.jpg,
The World According to Jeff Goldblum,"Documentary series in which Goldblum pulls back the curtain on a seemingly familiar object to reveal a world of astonishing connections, fascinating science, and a whole lot of big ideas.",TV-PG,2019,0,12 Nov 2019,,"Documentary, Comedy",,,,,7.9,https://image.tmdb.org/t/p/w500/lZpwQhFGIqnH3UQlzkT3slNt3Hc.jpg,92807,https://image.tmdb.org/t/p/w1280/mgrm5l2UP1HHvYYsdMe5wbvp982.jpg,
Timon & Pumbaa,The further misadventures of various Lion King characters.,TV-Y,1995,1999,08 Sep 1995,22 min,"Animation, Adventure, Comedy, Family",,"English, Telugu",USA,3 wins & 14 nominations.,7.1,https://image.tmdb.org/t/p/w500/uI9FZ2lW1L3DEpBrmzcfUnYHGgF.jpg,4429,https://image.tmdb.org/t/p/w1280/px5mLaDKXmRAp9MxVGaXswmzDyh.jpg,https://www.youtube.com/watch?v=XY-ALU5TCWQ
TRON: Uprising,"In the computer world of the Grid, a young program joins Tron's fight against their world's tyranny.",TV-Y7,2012,2013,20 May 2012,30 min,"Animation, Action, Adventure, Family, Sci-Fi","Adam Horowitz, Edward Kitsis, Steven Lisberger, Bonnie MacBird",English,USA,Won 1 Primetime Emmy. Another 2 wins & 6 nominations.,8.2,https://image.tmdb.org/t/p/w500/dgajee1p38rJo6ndgvJRti4eqcp.jpg,34356,https://image.tmdb.org/t/p/w1280/b3HNbmtOfskwhD9TMMbcyVa3xWm.jpg,
Unlikely Animal Friends,"The natural world is full of amazing stories, but sometimes animals act in ways that seemingly go against all their instincts. This heart-warming series examines the cases of animals that have struck up unusual relationships.",,2012,0,13 Jan 2012,,Documentary,,English,USA,,7.7,https://image.tmdb.org/t/p/w500/yeMFDv5xkCHLqLKY0E8C9XPY2bu.jpg,105151,https://image.tmdb.org/t/p/w1280/dclaBOdOgl2SiNxu59sMHkz1BZw.jpg,
Violetta,A musically talented teenager who returns to her native Buenos Aires after living in Europe.,TV-G,2012,0,14 May 2012,45 min,"Drama, Family, Music, Romance",,Spanish,Argentina,1 win & 2 nominations.,5.2,https://image.tmdb.org/t/p/w500/b3MUGJeKakAZwQa7lNJxTP1pJmD.jpg,61720,https://image.tmdb.org/t/p/w1280/xuFNUGqEJ4cKNR7eKCowhDruhSd.jpg,
Wicked Tuna,"Teams of tuna fisherman battle the elements, and each other, to catch the most Giant Bluefin Tuna.",TV-14,2012,0,01 Apr 2012,60 min,Reality-TV,,English,USA,,6.6,https://image.tmdb.org/t/p/w500/cOaUSIXVRRl70XymNLb6V5wAEib.jpg,62598,https://image.tmdb.org/t/p/w1280/5GcGsibDHlkmXk8rFiWR7kqU4l2.jpg,
Wizards of Waverly Place,"The Russo family may be an ordinary family with an average restaurant, but behind close doors, all three children must compete to be the next family wizard.",TV-G,2007,2012,12 Oct 2007,22 min,"Adventure, Comedy, Drama, Family, Fantasy",Todd J. Greenwald,English,USA,Won 2 Primetime Emmys. Another 35 wins & 50 nominations.,6.8,https://image.tmdb.org/t/p/w500/bJisSc7HGAfWgg1M7916CMfSZTX.jpg,3498,https://image.tmdb.org/t/p/w1280/7CVy5uTj3JNF8wqb2VnfQdjL07V.jpg,
Wolverine and the X-Men,"After an explosion at the school, the X-Men went their separate ways. But they must unite once again under the leadership of Wolverine to prevent an inevitable war while also dealing with present problems.",TV-Y7,2008,2009,23 Jan 2009,23 min,"Animation, Action, Adventure, Drama, Sci-Fi",,English,USA,,8,https://image.tmdb.org/t/p/w500/oSeJ2nESB77iC6SLo4qcqoadjdt.jpg,6549,https://image.tmdb.org/t/p/w1280/uPbpYFYXlUdTDEmfoubKNfdEZZx.jpg,
BarkFest,"Nat Geo WILD celebrates pawsome dogs with its inaugural BarkFest weekend, kicking off Friday, April 14. It's a weekend of all bark, no bite TV featuring some of the smartest, most unique ...",,2017,0,,35 min,,,English,USA,,,https://image.tmdb.org/t/p/w500/4cAYxSF2ekpYYTReXcRQbEmPv2Q.jpg,240653,https://image.tmdb.org/t/p/w1280/i2359UqqkY8RoC8dXcrMAdSVgWA.jpg,
X-Men: Evolution,"This rendition of X-Men features Cyclops, Jean Grey, Rogue, Nightcrawler, Shadowcat and Spike as teenagers as they fight for a world that fears and hates them.",TV-Y7,2000,2003,04 Nov 2000,23 min,"Animation, Action, Drama, Fantasy, Romance, Sci-Fi, Thriller",,English,USA,3 wins & 6 nominations.,7.9,https://image.tmdb.org/t/p/w500/HEzbwsX1VniBSwZ4LrxwlfWhfW.jpg,668,https://image.tmdb.org/t/p/w1280/rC8p2xuywf4633s1gBinfENKbqF.jpg,
Year Million,"An in depth look into what our future will look like when technology takes over, for better or worse.",,2017,0,15 May 2017,,"Documentary, Drama, Sci-Fi",,English,USA,,7.5,https://image.tmdb.org/t/p/w500/b2NeEZindaZ7tC1kRgAhNen7IJs.jpg,71732,https://image.tmdb.org/t/p/w1280/qaj9U89GH6KW9T8f0ylnBwSjsBf.jpg,
