title,plot,rated,year,released_at,runtime,genre,director,writer,actors,language,country,awards,imdb_rating,portada_url,trailer_url,backdrop_url,tagline
Aladdin,A kind-hearted street urchin and a power-hungry Grand Vizier vie for a magic lamp that has the power to make their deepest wishes come true.,PG,2019,24 May 2019,128 min,"Adventure, Family, Fantasy, Musical, Romance",Guy Ritchie,"John August (screenplay by), Guy Ritchie (screenplay by)","Will Smith, Mena Massoud, Naomi Scott, Marwan Kenzari","English, Arabic",USA,7 wins & 32 nominations.,7,https://image.tmdb.org/t/p/w500/trnyoKkkvvjZvRvCMrNDtSf25nH.jpg,https://www.youtube.com/watch?v=lU_JXyQ338M, https://image.tmdb.org/t/p/w1280/yJyZRrXaYUjhOrJGga8awbw4Rud.jpg,Elige con cuidado.
Aladdin,A kindhearted street urchin and a power-hungry Grand Vizier vie for a magic lamp that has the power to make their deepest wishes come true.,G,1992,25 Nov 1992,90 min,"Animation, Adventure, Comedy, Family, Fantasy, Musical, Romance","Ron Clements, John Musker","Ron Clements (screenplay by), John Musker (screenplay by), Ted Elliott (screenplay by), Terry Rossio (screenplay by), Burny Mattinson (story), Roger Allers (story), Daan Jippes (story), Kevin Harkey (story), Sue C. Nichols (story), Francis Glebas (story), Darrell Rooney (story), Larry Leker (story), James Fujii (story), Kirk Hanson (story), Kevin Lima (story), Rebecca Rees (story), David S. Smith (story), Chris Sanders (story), Brian Pimental (story), Patrick A. Ventura (story)","Scott Weinger, Robin Williams, Linda Larkin, Jonathan Freeman",English,USA,Won 2 Oscars. Another 31 wins & 22 nominations.,8,https://image.tmdb.org/t/p/w500/5ALwczKzFxbsiMDlHuy7aREDCzr.jpg,https://www.youtube.com/watch?v=f2NQvVjf0ZY,https://image.tmdb.org/t/p/w1280/nenJjvfe2Eq8uBMXFJnWj5mw4bi.jpg,Deseo concedido.
Alice in Wonderland,Alice stumbles into the world of Wonderland. Will she get home? Not if the Queen of Hearts has her way.,G,1951,14 Sep 1951,75 min,"Animation, Adventure, Family, Fantasy, Musical","Clyde Geronimi, Wilfred Jackson, Hamilton Luske","Lewis Carroll (adaptation), Winston Hibler (story), Ted Sears (story), Bill Peet (story), Erdman Penner (story), Joe Rinaldi (story), Milt Banta (story), William Cottrell (story), Dick Kelsey (story), Joe Grant (story), Dick Huemer (story), Del Connell (story), Tom Oreb (story), John Walbridge (story)","Kathryn Beaumont, Ed Wynn, Richard Haydn, Sterling Holloway",English,USA,Nominated for 1 Oscar. Another 1 nomination.,7.4,https://image.tmdb.org/t/p/w500/zOJKtTdToc8FcjmmbavkjUxv2Ue.jpg,,https://image.tmdb.org/t/p/w1280/tyj0QztA0PkYo6XauifWjkx7UVi.jpg,Un mundo de maravillas en una gran película
Alice in Wonderland,"Nineteen-year-old Alice returns to the magical world from her childhood adventure, where she reunites with her old friends and learns of her true destiny: to end the Red Queen's reign of terror.",PG,2010,05 Mar 2010,108 min,"Adventure, Family, Fantasy",Tim Burton,"Linda Woolverton (screenplay), Lewis Carroll (books)","Johnny Depp, Mia Wasikowska, Helena Bonham Carter, Anne Hathaway",English,USA,Won 2 Oscars. Another 33 wins & 63 nominations.,6.4,https://image.tmdb.org/t/p/w500/sqOyCSgzLglxcR2y1boewr5Qufn.jpg,https://www.youtube.com/watch?v=mUHSNPfNkIs,https://image.tmdb.org/t/p/w1280/ocOWbTzHcJVTw9Tz173KPeskDOP.jpg,Descubrirás un mundo mágico
Atlantis: The Lost Empire,A young adventurer named Milo Thatch joins an intrepid group of explorers to find the mysterious lost continent of Atlantis.,PG,2001,22 Jun 2001,95 min,"Animation, Action, Adventure, Family, Fantasy, Sci-Fi","Gary Trousdale, Kirk Wise","Tab Murphy (screenplay by), Kirk Wise (story by), Gary Trousdale (story by), Joss Whedon (story by), Bryce Zabel (story by), Jackie Zabel (story by), Tab Murphy (story by), David Reynolds (additional screenplay material)","Corey Burton, Claudia Christian, Michael J. Fox, James Garner","English, French, Spanish",USA,2 wins & 14 nominations.,6.9,https://image.tmdb.org/t/p/w500/uR7AKWMDTwyAub5r4QoPPiJImvx.jpg,https://www.youtube.com/watch?v=r39ys9K3LgA,https://image.tmdb.org/t/p/w1280/fYr0fqT9NImOuaN1QgnDHgGh4Ci.jpg,Atlantis está esperando...
Bambi,The story of a young deer growing up in the forest.,G,1942,21 Aug 1942,70 min,"Animation, Drama, Family","James Algar, Samuel Armstrong, David Hand, Graham Heid, Bill Roberts, Paul Satterfield, Norman Wright, Arthur Davis, Clyde Geronimi","Felix Salten (from the story by), Perce Pearce (story direction), Larry Morey (story adaptation), Vernon Stallings (story development), Mel Shaw (story development), Carl Fallberg (story development), Chuck Couch (story development), Ralph Wright (story development)","Hardie Albright, Stan Alexander, Bobette Audrey, Peter Behn",English,USA,Nominated for 3 Oscars. Another 6 wins & 3 nominations.,7.3,https://image.tmdb.org/t/p/w500/q9LI5Uloz1WRqaJjr8Tq2aOeSeH.jpg,,https://image.tmdb.org/t/p/w1280/1ZKHzSGJm0kvlCp4echAOtKnDTm.jpg,Una gran historia de amor.
Beauty and the Beast,A prince cursed to spend his days as a hideous monster sets out to regain his humanity by earning a young woman's love.,G,1991,22 Nov 1991,84 min,"Animation, Family, Fantasy, Musical, Romance","Gary Trousdale, Kirk Wise","Linda Woolverton (animation screenplay by), Brenda Chapman (story by), Chris Sanders (story by), Burny Mattinson (story by), Kevin Harkey (story by), Brian Pimental (story by), Bruce Woodside (story by), Joe Ranft (story by), Tom Ellery (story by), Kelly Asbury (story by), Robert Lence (story by)","Robby Benson, Jesse Corti, Rex Everhart, Angela Lansbury","English, French",USA,Won 2 Oscars. Another 27 wins & 34 nominations.,8,https://image.tmdb.org/t/p/w500/1FxMtEUc6DP1MXsTBftOFaoCVVO.jpg,,https://image.tmdb.org/t/p/w1280/fW4ZCoEZRBqLAJGFQ2g5AdAfPQR.jpg,La más bella historia de amor jamás contada.
Big Hero 6,"The special bond that develops between plus-sized inflatable robot Baymax, and prodigy Hiro Hamada, who team up with a group of friends to form a band of high-tech heroes.",PG,2014,07 Nov 2014,102 min,"Animation, Action, Adventure, Family, Sci-Fi","Don Hall, Chris Williams","Jordan Roberts (screenplay by), Robert L. Baird (screenplay by), Daniel Gerson (screenplay by), Man of Action (Big Hero 6 team and characters created by), Steven T. Seagle (characters), Duncan Rouleau (characters)","Scott Adsit, Ryan Potter, Daniel Henney, T.J. Miller",English,USA,Won 1 Oscar. Another 16 wins & 58 nominations.,7.8,https://image.tmdb.org/t/p/w500/qVU0ag4i5BCmH5h4o04cdvUo0Zf.jpg,https://www.youtube.com/watch?v=UC7KNAthiVQ,https://image.tmdb.org/t/p/w1280/4s2d3xdyqotiVNHTlTlJjrr3q0H.jpg,De los creadores de ¡Rompe Ralph! y Frozen. El Reino del Hielo.
Bolt,The canine star of a fictional sci-fi/action show that believes his powers are real embarks on a cross country trek to save his co-star from a threat he believes is just as real.,PG,2008,21 Nov 2008,96 min,"Animation, Adventure, Comedy, Drama, Family","Byron Howard, Chris Williams","Dan Fogelman (screenplay by), Chris Williams (screenplay by)","John Travolta, Miley Cyrus, Susie Essman, Mark Walton",English,USA,Nominated for 1 Oscar. Another 1 win & 31 nominations.,6.8,https://image.tmdb.org/t/p/w500/hpunLKNEvjuzCLwLbuWJqzu3OE7.jpg,https://www.youtube.com/watch?v=ubSLsba9hoU,https://image.tmdb.org/t/p/w1280/zWqxBc6pdSIjklqWfZ70l5ce28P.jpg,¡Como un rayo!
Brother Bear,"When a young Inuit hunter needlessly kills a bear, he is magically changed into a bear himself as punishment with a talkative cub being his only guide to changing back.",G,2003,07 Nov 2003,85 min,"Animation, Adventure, Comedy, Family, Fantasy","Aaron Blaise, Robert Walker","Tab Murphy (screenplay by), Lorne Cameron (screenplay by), David Hoselton (screenplay by), Steve Bencich (screenplay by), Ron J. Friedman (screenplay by), Stephen J. Anderson (story supervisor), Stevie Wermers (story), Kevin Deters (story), Woody Woodman (story), Thom Enriquez (story), Kevin Harkey (story), Broose Johnson (story), John Norton (story), John Puglisi (story), Tim Hodge (additional story), Tom LaBaff (additional story), Ray Shenusay (additional story), Brian Pimental (additional story), Jim Story (additional story), Don Dougherty (additional story), Don Hall (additional story), Samuel Levine (additional story), Aurian Redson (additional story), Chris Williams (additional story), Jeff Hand (additional story material), Sam Levine (additional story material)","Joaquin Phoenix, Jeremy Suarez, Jason Raize, Rick Moranis","English, Inuktitut, Croatian, Serbian",USA,Nominated for 1 Oscar. Another 2 wins & 21 nominations.,6.8,https://image.tmdb.org/t/p/w500/1XwOQNSby3HZfKMZcY7rtZw4KR.jpg,https://www.youtube.com/watch?v=HgGMeCaMtq8,https://image.tmdb.org/t/p/w1280/sZhY0BAsN1bMAPLIqMRqG1fqb3A.jpg,
Chicken Little,"After ruining his reputation with the town, a courageous chicken must come to the rescue of his fellow citizens when aliens start an invasion.",G,2005,04 Nov 2005,81 min,"Animation, Adventure, Comedy, Family, Fantasy, Sci-Fi",Mark Dindal,"Mark Dindal (story by), Mark Kennedy (story by), Steve Bencich (screenplay by), Ron J. Friedman (screenplay by), Ron Anderson (screenplay by)","Zach Braff, Garry Marshall, Don Knotts, Patrick Stewart",English,USA,4 wins & 15 nominations.,5.7,https://image.tmdb.org/t/p/w500/AsDUBjrECTVstxCSGvPbwpA0I0M.jpg,,https://image.tmdb.org/t/p/w1280/neaUbI8fDtfnitw81ovBN0av8xE.jpg,¡Se va a armar el pollo!
Cinderella,"When Cinderella's cruel stepmother prevents her from attending the Royal Ball, she gets some unexpected help from the lovable mice Gus and Jaq, and from her Fairy Godmother.",G,1950,04 Mar 1950,74 min,"Animation, Family, Fantasy, Musical, Romance","Clyde Geronimi, Wilfred Jackson, Hamilton Luske","Charles Perrault (from the original classic by), Bill Peet (story), Erdman Penner (story), Ted Sears (story), Winston Hibler (story), Homer Brightman (story), Harry Reeves (story), Ken Anderson (story), Joe Rinaldi (story)","Ilene Woods, Eleanor Audley, Verna Felton, Claire Du Brey",English,USA,Nominated for 3 Oscars. Another 6 wins & 4 nominations.,7.3,https://image.tmdb.org/t/p/w500/vqzeSm5Agvio7DahhKXaySUbUUW.jpg,https://www.youtube.com/watch?v=niLYmZoEfA0,https://image.tmdb.org/t/p/w1280/puJKgNcWaGgMk5VHanSSomUTpmw.jpg,La más grande historia de amor jamás contada.
Dinosaur,An orphaned dinosaur raised by lemurs joins an arduous trek to a sancturary after a meteorite shower destroys his family home.,PG,2000,19 May 2000,82 min,"Animation, Adventure, Family, Thriller","Eric Leighton, Ralph Zondag","Thom Enriquez (story), John Harrison (story), Robert Nelson Jacobs (story), Ralph Zondag (story), John Harrison (screenplay), Robert Nelson Jacobs (screenplay), Walon Green (based on an earlier screenplay by), Gregory Gunter (creative development), Shirley Pierce (screenplay), Jonathan Roberts (additional story material), Rhett Reese (additional story material), Tamara Lusher (additional story)","Alfre Woodard, Ossie Davis, Max Casella, Hayden Panettiere",English,USA,4 wins & 21 nominations.,6.5,https://image.tmdb.org/t/p/w500/cPSmob9PGE2O4DE0PHaaqgwDrVg.jpg,https://www.youtube.com/watch?v=ewi_p9sNQoc,https://image.tmdb.org/t/p/w1280/laeEtakR2pLKu3CeRwB2lU5Y53X.jpg,Nunca has visto nada como esto.
Dumbo,"A young elephant, whose oversized ears enable him to fly, helps save a struggling circus, but when the circus plans a new venture, Dumbo and his friends discover dark secrets beneath its shiny veneer.",PG,2019,29 Mar 2019,112 min,"Adventure, Family, Fantasy",Tim Burton,"Ehren Kruger (screenplay by), Helen Aberson (novel), Harold Pearl (novel)","Colin Farrell, Michael Keaton, Danny DeVito, Eva Green","English, French","USA, UK, Australia, Canada",3 wins & 12 nominations.,6.3,https://image.tmdb.org/t/p/w500/tLbijKcpZfFRgKTNs1HBWFrEGqp.jpg,https://www.youtube.com/watch?v=G2woKC-MbXs,https://image.tmdb.org/t/p/w1280/5tFt6iuGnKapHl5tw0X0cKcnuVo.jpg,Cree
Fantasia,A collection of animated interpretations of great works of Western classical music.,G,1940,21 Jul 1941,125 min,"Animation, Family, Fantasy, Music","James Algar, Samuel Armstrong, Ford Beebe Jr., Norman Ferguson, David Hand, Jim Handley, T. Hee, Wilfred Jackson, Hamilton Luske, Bill Roberts, Paul Satterfield, Ben Sharpsteen","Joe Grant (story direction), Dick Huemer (story direction), Lee Blair (story development), Elmer Plummer (story development), Phil Dike (story development), Sylvia Moberly-Holland (story development), Norman Wright (story development), Albert Heath (story development), Bianca Majolie (story development), Graham Heid (story development), Perce Pearce (story development), Carl Fallberg (story development), William Martin (story development and research), Leo Thiele (story development and research), Robert Sterner (story development and research), John McLeish (story development and research), Otto Englander (story development), Webb Smith (story development), Erdman Penner (story development), Joseph Sabo (story development), Bill Peet (story development), Vernon Stallings (story development), Campbell Grant (story development), Arthur Heinemann (story development), Phil Dike (story development)","Deems Taylor, Leopold Stokowski, The Philadelphia Orchestra",English,USA,8 wins & 1 nomination.,7.8,https://image.tmdb.org/t/p/w500/qCaPIUrbKsUKKFPykmKxc6bPbo0.jpg,,https://image.tmdb.org/t/p/w1280/lyzI5uFJC2E7sIYCCdaU0oZkDw2.jpg,¡El sonido más sensacional que jamás hayas visto!
Fantasia 2000,An update of the original film with new interpretations of great works of classical music.,G,1999,16 Jun 2000,75 min,"Animation, Comedy, Family, Fantasy, Music","James Algar, Gaëtan Brizzi, Paul Brizzi, Hendel Butoy, Francis Glebas, Eric Goldberg, Don Hahn, Pixote Hunt","Eric Goldberg (story), Joe Grant (original concept), Perce Pearce (story development), Carl Fallberg (story development), Gaëtan Brizzi (story), Paul Brizzi (story), Don Hahn, David Reynolds, Irene Mecchi, Brenda Chapman (original concept), Elena Driskill (concept for ""Death & Re-birth of the Forest"")","Steve Martin, Itzhak Perlman, Quincy Jones, Bette Midler",English,USA,4 wins & 7 nominations.,7.2,https://image.tmdb.org/t/p/w500/5rwAtUaKEK48CPUijVfVU0IPKPZ.jpg,,https://image.tmdb.org/t/p/w1280/n92EzFFg2cMkJiEhnMfD5sKHSH3.jpg,
Frozen,"When the newly crowned Queen Elsa accidentally uses her power to turn things into ice to curse her home in infinite winter, her sister Anna teams up with a mountain man, his playful reindeer, and a snowman to change the weather condition.",PG,2013,27 Nov 2013,102 min,"Animation, Adventure, Comedy, Family, Fantasy, Musical","Chris Buck, Jennifer Lee","Jennifer Lee (screenplay by), Hans Christian Andersen (story inspired by: ""The Snow Queen"" by), Chris Buck (story by), Jennifer Lee (story by), Shane Morris (story by)","Kristen Bell, Idina Menzel, Jonathan Groff, Josh Gad","English, Norwegian",USA,Won 2 Oscars. Another 79 wins & 59 nominations.,7.5,https://image.tmdb.org/t/p/w500/hAKhrHvzQDUHQP5zd5HFeqF2BCN.jpg,https://www.youtube.com/watch?v=QTvcYow0Z5U,https://image.tmdb.org/t/p/w1280/u2bZhH3nTf0So0UIC1QxAqBvC07.jpg,Un acto de amor verdadero puede acabar con un corazón congelado.
Fun and Fancy Free,"Jiminy Cricket hosts two Disney animated shorts: ""Bongo,"" about a circus bear escaping to the wild, and ""Mickey and the Beanstalk,"" a take on the famous fairy tale.",Approved,1947,12 Mar 1948,73 min,"Animation, Adventure, Comedy, Family, Fantasy, Musical, Romance","Jack Kinney, Hamilton Luske, William Morgan, Bill Roberts","Homer Brightman (story), Harry Reeves (story), Ted Sears (story), Lance Nolley (story), Eldon Dedini (story), Tom Oreb (story), Sinclair Lewis (from an original story by)","Edgar Bergen, Dinah Shore, Luana Patten, Anita Gordon",English,USA,,6.6,https://image.tmdb.org/t/p/w500/otpQCDka5DIKuZfDuib5BD0AbB.jpg,,https://image.tmdb.org/t/p/w1280/7jx2eRTyWRVkDq7XK8JqWs8ssjI.jpg,
Hercules,The son of Zeus and Hera is stripped of his immortality as an infant and must become a true hero in order to reclaim it.,G,1997,20 Jun 1997,93 min,"Animation, Adventure, Comedy, Family, Fantasy, Musical, Romance","Ron Clements, John Musker","Ron Clements (animation screenplay by), John Musker (animation screenplay by), Don McEnery (animation screenplay by), Bob Shaw (animation screenplay by), Irene Mecchi (animation screenplay by), Kaan Kalyon (story), Kelly Wightman (story), Randy Cartwright (story), John Ramirez (story), Jeff Snow (story), Vance Gerry (story), Kirk Hanson (story), Tamara Lusher (story), Francis Glebas (story), Mark Kennedy (story), Bruce Morris (story), Don Dougherty (story), Thom Enriquez (story)","Tate Donovan, Josh Keaton, Roger Bart, Danny DeVito","English, Spanish, Greek","USA, France",Nominated for 1 Oscar. Another 9 wins & 15 nominations.,7.3,https://image.tmdb.org/t/p/w500/iwjP7ImLzXZjKHnCUChJThEtNJG.jpg,,https://image.tmdb.org/t/p/w1280/oG9dcGSSu13fjFp1Uly15ZXjRKV.jpg,¡De cero a héroe!
Home on the Range,"To save their farm, the resident animals go bounty hunting for a notorious outlaw.",PG,2004,02 Apr 2004,76 min,"Animation, Adventure, Comedy, Family, Music, Western","Will Finn, John Sanford","Will Finn, John Sanford, Will Finn (story), John Sanford (story), Michael LaBash (story), Sam Levine (story), Mark Kennedy (story), Robert Lence (story), Keith Baxter (additional story), Mike Kunkel (additional story), Jason Lethcoe (additional story), Donnie Long (additional story), Shirley Pierce, Brian Pimental (additional story), David Moses Pimentel (additional story), Ralph Zondag (additional story), Davy Liu (additional story)","G.W. Bailey, Roseanne Barr, Bobby Block, Steve Buscemi","English, Mandarin",USA,5 nominations.,5.3,https://image.tmdb.org/t/p/w500/merEoWh2Ju8AoYedYCW0faW9e9O.jpg,https://www.youtube.com/watch?v=lUKfk2EIaCk,https://image.tmdb.org/t/p/w1280/Jghbo8U2XkmGjCfKD9NiMM70ha.jpg,Unas vacas de cuidado.
Lady and the Tramp,The romantic tale of a sheltered uptown Cocker Spaniel dog and a streetwise downtown Mutt.,PG,2019,12 Nov 2019,103 min,"Adventure, Comedy, Drama, Family, Musical, Romance",Charlie Bean,"Andrew Bujalski (screenplay by), Kari Granlund","Tessa Thompson, Justin Theroux, Sam Elliott, Ashley Jensen",English,USA,4 nominations.,6.3,https://image.tmdb.org/t/p/w500/69f1DVUiK8e9Y1GhShe5Wx33vSe.jpg,https://www.youtube.com/watch?v=f5i7-6dvS4Q,https://image.tmdb.org/t/p/w1280/nHNNKoqQOIWODk5mMyW8CvDisem.jpg,Todos los días pueden ser una aventura.
Lady and the Tramp,The romantic tale of a sheltered uptown Cocker Spaniel dog and a streetwise downtown Mutt.,G,1955,22 Jun 1955,76 min,"Animation, Adventure, Comedy, Drama, Family, Romance","Clyde Geronimi, Wilfred Jackson, Hamilton Luske","Ward Greene (from the story by), Erdman Penner (story), Joe Rinaldi (story), Ralph Wright (story), Don DaGradi (story)","Peggy Lee, Larry Roberts, Bill Baucom, Verna Felton",English,USA,Nominated for 1 BAFTA Film Award. Another 1 win & 1 nomination.,7.3,https://image.tmdb.org/t/p/w500/vHbizQYlkL8MwtOdsdWaPuR5N5w.jpg,,https://image.tmdb.org/t/p/w1280/yGgEg4yimYQJLZrZg3Qhogp2raQ.jpg,
Lilo & Stitch,A Hawaiian girl adopts an unusual pet who is actually a notorious extra-terrestrial fugitive.,PG,2002,21 Jun 2002,85 min,"Animation, Adventure, Comedy, Drama, Family, Fantasy, Sci-Fi","Dean DeBlois, Chris Sanders","Chris Sanders (based on an idea by), Chris Sanders, Dean DeBlois","Daveigh Chase, Chris Sanders, Tia Carrere, David Ogden Stiers","English, Hawaiian",USA,Nominated for 1 Oscar. Another 10 wins & 26 nominations.,7.2,https://image.tmdb.org/t/p/w500/dTYyAszU6NWbmWGvhqLZpZTdS5T.jpg,,https://image.tmdb.org/t/p/w1280/AcxbOWUbwtIEDisfuhNGHQNfnMK.jpg,Siempre hay uno en todas las familias.
Meet the Robinsons,"Lewis is a brilliant inventor who meets mysterious stranger named Wilbur Robinson, whisking Lewis away in a time machine and together they team up to track down Bowler Hat Guy in a showdown that ends with an unexpected twist of fate.",G,2007,30 Mar 2007,95 min,"Animation, Adventure, Comedy, Family, Sci-Fi",Stephen J. Anderson,"Jon Bernstein (screenplay by), Michelle Bochner Spitz (screenplay by), Don Hall (screenplay by), Nathan Greno (screenplay by), Aurian Redson (screenplay by), Joseph Mateo (screenplay by), Stephen J. Anderson (screenplay by), William Joyce (based upon the book ""A Day with Wilbur Robinson"" by), Diego Garzon (story editor)","Angela Bassett, Daniel Hansen, Jordan Fry, Matthew Josten",English,USA,1 win & 10 nominations.,6.8,https://image.tmdb.org/t/p/w500/bLzCYc0DECOSkII2CZ4oJx1c5Ix.jpg,,https://image.tmdb.org/t/p/w1280/jZbMhbhwaMrWosBh9dxLleWnMG8.jpg,¿Piensas que tu familia es rara?
Melody Time,An anthology of animated vignettes set to contemporary music.,Approved,1948,27 May 1948,75 min,"Animation, Comedy, Family, Musical","Clyde Geronimi, Wilfred Jackson, Jack Kinney, Hamilton Luske","Winston Hibler (story), Erdman Penner (story), Harry Reeves (story), Homer Brightman (story), Ken Anderson (story), Ted Sears (story), Joe Rinaldi (story), William Cottrell (story), Art Scott (story), Jesse Marsh (story), Bob Moore (story), John Walbridge (story), Hardie Gramatky (story ""Little Toot"")","Roy Rogers, Trigger, Dennis Day, The Andrews Sisters",English,USA,1 win.,6.4,https://image.tmdb.org/t/p/w500/fGzn4lmHMof2dXWfIHOKe42EI6J.jpg,,https://image.tmdb.org/t/p/w1280/zy7wZp6WEdK4zeVhrw2V5BIbLRy.jpg,
Moana,"In Ancient Polynesia, when a terrible curse incurred by the Demigod Maui reaches Moana's island, she answers the Ocean's call to seek out the Demigod to set things right.",PG,2016,23 Nov 2016,107 min,"Animation, Adventure, Comedy, Family, Fantasy, Musical","Ron Clements, John Musker, Don Hall(co-director), Chris Williams(co-director)","Jared Bush (screenplay by), Ron Clements (story by), John Musker (story by), Chris Williams (story by), Don Hall (story by), Pamela Ribon (story by), Aaron Kandell (story by), Jordan Kandell (story by)","Auli'i Cravalho, Dwayne Johnson, Rachel House, Temuera Morrison",English,USA,Nominated for 2 Oscars. Another 20 wins & 86 nominations.,7.6,https://image.tmdb.org/t/p/w500/y6wkgEH1gTWAafH9Bc7cNNut0Kf.jpg,https://www.youtube.com/watch?v=tmpTGztGJ8E,https://image.tmdb.org/t/p/w1280/iYLKMV7PIBtFmtygRrhSiyzcVsF.jpg,Empápate de aventuras.
Mulan,"To save her father from death in the army, a young maiden secretly goes in his place and becomes one of China's greatest heroines in the process.",G,1998,19 Jun 1998,88 min,"Animation, Adventure, Family, Fantasy, Musical, War","Tony Bancroft, Barry Cook","Robert D. San Souci (based on a story by), Rita Hsiao (screenplay by), Chris Sanders (screenplay by), Philip LaZebnik (screenplay by), Raymond Singer (screenplay by), Eugenia Bostwick-Singer (screenplay by), Dean DeBlois (story co-head), John Sanford (story), Chris Williams (story), Tim Hodge (story), Julius Aguimatang (story), Burny Mattinson (story), Lorna Cook (story), Barry Johnson (story), Thom Enriquez (story), Ed Gombert (story), Joe Grant (story), Floyd Norman (story), Linda Woolverton (additional story material), Jodi Ann Johnson (additional story material), Alan Ormsby (additional story material), David Reynolds (additional story material), Don Dougherty (additional story material), Jorgen Klubien (additional story material), Denis Rich (additional story material), Joe Ekers (additional story material), Theodore Newton (additional story material), Larry Scholl (additional story material), Daan Jippes (additional story material), Frank Nissen (additional story material), Jeff Snow (additional story material)","Miguel Ferrer, Harvey Fierstein, Freda Foh Shen, June Foray","English, Mandarin",USA,Nominated for 1 Oscar. Another 17 wins & 20 nominations.,7.6,https://image.tmdb.org/t/p/w500/towmTJ0k29quKI9IDnOZKAAtQx.jpg,https://www.youtube.com/watch?v=FNZLizaAfno,https://image.tmdb.org/t/p/w1280/mUYV0ZdsDEliGaQahcQH1F3grsP.jpg,"Esta vez, la princesa salva al príncipe."
Oliver & Company,A lost and alone kitten joins a gang of dogs engaged in petty larceny in New York City.,G,1988,18 Nov 1988,74 min,"Animation, Adventure, Comedy, Family, Musical",George Scribner,"Jim Cox (animation screenplay), Tim Disney (animation screenplay), James Mangold (animation screenplay), Vance Gerry (story), Mike Gabriel (story), Joe Ranft (story), Jim Mitchell (story), Chris Bailey (story), Kirk Wise (story), David Michener (story), Roger Allers (story), Gary Trousdale (story), Kevin Lima (story), Michael Cedeno (story), Peter Young (story), Leon Joosen (story), Charles Dickens (inspired by ""Oliver Twist"" by), Gerrit Graham (additional story material), Sam Graham (additional story material), Chris Hubbell (additional story material), Steve Hulett (additional story material), Danny Mann (additional story material)","Joey Lawrence, Billy Joel, Cheech Marin, Richard Mulligan",English,USA,Nominated for 1 Golden Globe. Another 1 win & 2 nominations.,6.7,https://image.tmdb.org/t/p/w500/31pu0jSoa6iUouojFnjjlqgOnHB.jpg,https://www.youtube.com/watch?v=np9kVcBLV18,https://image.tmdb.org/t/p/w1280/k18aKqDPrbTsijtN9jRpnTHxQks.jpg,La primera película de Disney con actitud
One Hundred and One Dalmatians,"When a litter of Dalmatian puppies are abducted by the minions of Cruella de Vil, the parents must find them before she uses them for a diabolical fashion statement.",G,1961,25 Jan 1961,79 min,"Animation, Adventure, Comedy, Family","Clyde Geronimi, Hamilton Luske, Wolfgang Reitherman","Bill Peet (story), Dodie Smith (novel)","Rod Taylor, J. Pat O'Malley, Betty Lou Gerson, Martha Wentworth",English,USA,Won 1 BAFTA Film Award. Another 2 nominations.,7.2,https://image.tmdb.org/t/p/w500/2Bt5iwJ0bMPWgIMBVTJPtI7onbe.jpg,https://www.youtube.com/watch?v=gXgnT50Cr-c,https://image.tmdb.org/t/p/w1280/cZgUATpU4NDlsfGj7sRriKJEiLB.jpg,¡La aventura perruna del siglo!
Peter Pan,"Wendy and her brothers are whisked away to the magical world of Neverland with the hero of their stories, Peter Pan.",G,1953,05 Feb 1953,77 min,"Animation, Adventure, Family, Fantasy, Musical","Clyde Geronimi, Wilfred Jackson, Hamilton Luske, Jack Kinney","J.M. Barrie (play), Ted Sears (story), Erdman Penner (story), Bill Peet (story), Winston Hibler (story), Joe Rinaldi (story), Milt Banta (story), Ralph Wright (story), William Cottrell (story)","Bobby Driscoll, Kathryn Beaumont, Hans Conried, Bill Thompson","English, American Sign Language",USA,2 nominations.,7.3,https://image.tmdb.org/t/p/w500/tDvGRWSdqT31ADijJf9OhbTbQ77.jpg,,https://image.tmdb.org/t/p/w1280/vwcfvPzYO3Gz975yRXp6DYSSbzo.jpg,¡Vivirá en tu corazón para siempre!
Pinocchio,"A living puppet, with the help of a cricket as his conscience, must prove himself worthy to become a real boy.",G,1940,23 Feb 1940,88 min,"Animation, Comedy, Family, Fantasy, Musical","Norman Ferguson, T. Hee, Wilfred Jackson, Jack Kinney, Hamilton Luske, Bill Roberts, Ben Sharpsteen","Carlo Collodi (from the story by), Ted Sears (story adaptation), Otto Englander (story adaptation), Webb Smith (story adaptation), William Cottrell (story adaptation), Joseph Sabo (story adaptation), Erdman Penner (story adaptation), Aurelius Battaglia (story adaptation)","Mel Blanc, Don Brodie, Stuart Buchanan, Walter Catlett",English,USA,Won 2 Oscars. Another 4 wins.,7.4,https://image.tmdb.org/t/p/w500/sAluF7lNc4Mv3qxx1mmOgsfbr0C.jpg,,https://image.tmdb.org/t/p/w1280/gJVzFQd3IQdFbfLtot2cjtYfIgb.jpg,"Cuando pides un deseo a una estrella fugaz, verás que tus sueños se hacen realidad."
Pocahontas,An English soldier and the daughter of an Algonquin chief share a romance when English colonists invade seventeenth century Virginia.,G,1995,23 Jun 1995,81 min,"Animation, Adventure, Drama, Family, Musical, Romance","Mike Gabriel, Eric Goldberg","Carl Binder, Susannah Grant, Philip LaZebnik, Glen Keane (story), Joe Grant (story), Ralph Zondag (story), Burny Mattinson (story), Ed Gombert (story), Kaan Kalyon (story), Francis Glebas (story), Rob Gibbs (story), Bruce Morris (story), Todd Kurosawa (story), Duncan Marjoribanks (story), Chris Buck (story), Andrew Chapman (additional story development), Randy Cartwright (additional story development), Will Finn (additional story development), Broose Johnson (additional story development), T. Daniel Hofstedt (additional story development), David Pruiksma (additional story development), Nik Ranieri (additional story development), Vincent DeFrances (additional story development), Tom Mazzocco (additional story development), Don Dougherty (additional story development), Jorgen Klubien (additional story development), Mike Gabriel (based on an idea by)","Joe Baker, Christian Bale, Irene Bedard, Billy Connolly","English, Algonquin",USA,Won 2 Oscars. Another 13 wins & 7 nominations.,6.7,https://image.tmdb.org/t/p/w500/o8QGvm0zDrJ8aONM8G5dW4BNawG.jpg,https://www.youtube.com/watch?v=-WrsSY-YVPg,https://image.tmdb.org/t/p/w1280/fDZ2DCKW2D7J0ABNr9EICdD2H1s.jpg,Una leyenda americana cobra vida.
Robin Hood,The story of the legendary outlaw is portrayed with the characters as humanoid animals.,G,1973,08 Nov 1973,83 min,"Animation, Adventure, Comedy, Family, Romance","Wolfgang Reitherman, David Hand","Larry Clemmons (story), Ken Anderson (based on: character and story conceptions by), Ken Anderson (story sequences), Vance Gerry (story sequences), Frank Thomas (story sequences), Eric Cleworth (story sequences), Julius Svendsen (story sequences), David Michener (story sequences)","Roger Miller, Peter Ustinov, Terry-Thomas, Brian Bedford","English, Portuguese",USA,Nominated for 1 Oscar. Another 1 win & 1 nomination.,7.6,https://image.tmdb.org/t/p/w500/49XBX5xwFrJVP1bQLJf4MFFOavZ.jpg,,https://image.tmdb.org/t/p/w1280/oegA1YBl1PszRbB0qj4UpVSr9Jt.jpg,Conoce a Robin Hood y a sus hombres felices.
Saludos Amigos,Disney animators tour South America and present four animated shorts inspired by their trip.,Approved,1942,06 Feb 1943,42 min,"Animation, Short, Family, Fantasy, Music","Wilfred Jackson, Jack Kinney, Hamilton Luske, Bill Roberts, Norman Ferguson","Ted Sears (story research), William Cottrell (story research), Webb Smith (story research), Homer Brightman (story), Ralph Wright (story), Roy Williams (story), Harry Reeves (story), Dick Huemer (story), Joe Grant (story)","Fred Shields, José Oliveira","English, Portuguese",USA,Nominated for 3 Oscars. Another 1 win.,6.2,https://image.tmdb.org/t/p/w500/AqNjU3PS1WCKZIIVK9o8l0s7ltH.jpg,,https://image.tmdb.org/t/p/w1280/epWLmnK6XYtlR8ICOKauGH546W2.jpg,
Sleeping Beauty,"After being snubbed by the royal family, a malevolent fairy places a curse on a princess which only a prince can break, along with the help of three good fairies.",G,1959,25 Dec 1959,75 min,"Animation, Family, Fantasy, Musical, Romance","Clyde Geronimi, Les Clark, Hamilton Luske, Wolfgang Reitherman","Erdman Penner (story adaptation), Charles Perrault (story ""Sleeping Beauty""), Joe Rinaldi (additional story), Winston Hibler (additional story), Bill Peet (additional story), Ted Sears (additional story), Ralph Wright (additional story), Milt Banta (additional story)","Mary Costa, Bill Shirley, Eleanor Audley, Verna Felton",English,USA,Nominated for 1 Oscar. Another 4 wins & 5 nominations.,7.2,https://image.tmdb.org/t/p/w500/ofoVXR8gBYhV4e0MpRQtSpeXLiK.jpg,,https://image.tmdb.org/t/p/w1280/me67dwJnUBt3O9NqZaBdEQ6i4vM.jpg,La más maravillosa y mágica historia de amor jamás contada
Snow White and the Seven Dwarfs,"Exiled into the dangerous forest by her wicked stepmother, a princess is rescued by seven dwarf miners who make her part of their household.",G,1937,04 Feb 1938,83 min,"Animation, Family, Fantasy, Musical, Romance","William Cottrell, David Hand, Wilfred Jackson, Larry Morey, Perce Pearce, Ben Sharpsteen","Jacob Grimm (fairy tales), Wilhelm Grimm (fairy tales), Ted Sears (story adaptation), Richard Creedon (story adaptation), Otto Englander (story adaptation), Dick Rickard (story adaptation), Earl Hurd (story adaptation), Merrill De Maris (story adaptation), Dorothy Ann Blank (story adaptation), Webb Smith (story adaptation)","Roy Atwell, Stuart Buchanan, Adriana Caselotti, Eddie Collins",English,USA,Nominated for 1 Oscar. Another 11 wins & 5 nominations.,7.6,https://image.tmdb.org/t/p/w500/b2ZPP3bZqDOzqTHr1TlFIFPWP48.jpg,https://www.youtube.com/watch?v=ZS5gXpqZtFA,https://image.tmdb.org/t/p/w1280/wmSxNVGZOV1A51Yx6ChDXk3NVVi.jpg,"El cuento animado más feliz, Tontín, Gruñon y Estornud...aaachú del año."
Tangled,"The magically long-haired Rapunzel has spent her entire life in a tower, but now that a runaway thief has stumbled upon her, she is about to discover the world for the first time, and who she really is.",PG,2010,24 Nov 2010,100 min,"Animation, Adventure, Comedy, Family, Fantasy, Musical, Romance","Nathan Greno, Byron Howard","Dan Fogelman (screenplay by), Jacob Grimm (based upon the fairy tale ""Rapunzel"" by), Wilhelm Grimm (based upon the fairy tale ""Rapunzel"" by)","Mandy Moore, Zachary Levi, Donna Murphy, Ron Perlman",English,USA,Nominated for 1 Oscar. Another 10 wins & 40 nominations.,7.7,https://image.tmdb.org/t/p/w500/z5kvXWek4smCyeWBDJQkT5sLc9T.jpg,https://www.youtube.com/watch?v=ee3XOCH-pok,https://image.tmdb.org/t/p/w1280/cWczNud8Y8i8ab0Z4bxos4myWYO.jpg,¡Nadie les toma el pelo!
The Adventures of Ichabod and Mr. Toad,"An animated adaptation of ""The Wind in the Willows"" followed by an adaptation of ""The Legend of Sleepy Hollow"".",Approved,1949,06 Jan 1950,68 min,"Animation, Comedy, Family, Fantasy, Horror","James Algar, Clyde Geronimi, Jack Kinney","Washington Irving (story ""The Legend of Sleepy Hollow""), Kenneth Grahame (story ""The Wind in the Willows""), Erdman Penner (story), Winston Hibler (story), Joe Rinaldi (story), Ted Sears (story), Homer Brightman (story), Harry Reeves (story)","Bing Crosby, Basil Rathbone, Eric Blore, J. Pat O'Malley",English,USA,,7,https://image.tmdb.org/t/p/w500/cfOTB8ZGNeGQvKvlQzEFRfPG6sI.jpg,,https://image.tmdb.org/t/p/w1280/tKjS4qUrtJw5Hg4kFpZaVEPrQOT.jpg,
The Aristocats,"With the help of a smooth talking tomcat, a family of Parisian felines set to inherit a fortune from their owner try to make it back home after a jealous butler kidnaps them and leaves them in the country.",G,1970,24 Dec 1970,78 min,"Animation, Adventure, Comedy, Family, Musical",Wolfgang Reitherman,"Larry Clemmons (story), Vance Gerry (story), Ken Anderson (story), Frank Thomas (story), Eric Cleworth (story), Julius Svendsen (story), Ralph Wright (story), Tom McGowan (based on a story by), Tom Rowe (based on a story by)","Phil Harris, Eva Gabor, Sterling Holloway, Scatman Crothers",English,USA,3 wins.,7.1,https://image.tmdb.org/t/p/w500/s9DsxlbVE1HvHnCz50GdHDBeZRy.jpg,,https://image.tmdb.org/t/p/w1280/oM5mMTGBqsmMJO3l5tkQdQ0Xujm.jpg,Una extravagancia animada llena de melodías.
The Black Cauldron,A young boy and a bunch of misfit friends embark on a quest to find a dark magic item of ultimate power before a diabolical tyrant can.,PG,1985,24 Jul 1985,80 min,"Animation, Action, Adventure, Family, Fantasy, Horror","Ted Berman, Richard Rich","Lloyd Alexander (novel), David Jonas (story), Vance Gerry (story), Ted Berman (story), Richard Rich (story), Al Wilson (story), Roy Morita (story), Peter Young (story), Art Stevens (story), Joe Hale (story), Rosemary Anne Sisson (additional dialogue), Roy Edward Disney (additional dialogue), Tony Marino (additional story contributions), Steve Hulett (additional story contributions), Mel Shaw (additional story contributions), Burny Mattinson (additional story contributions), John Musker (additional story contributions), Ron Clements (additional story contributions), Doug Lefler (additional story contributions)","Grant Bardsley, Susan Sheridan, Freddie Jones, Nigel Hawthorne","English, Portuguese","USA, UK",,6.4,https://image.tmdb.org/t/p/w500/h25djWDLb5ZtfFNBEpNDmRLOr2g.jpg,,https://image.tmdb.org/t/p/w1280/4idEU92m0oR1BWa1iwb5pZ9bWCu.jpg,
The Emperor's New Groove,"Emperor Kuzco is turned into a llama by his ex-administrator Yzma, and must now regain his throne with the help of Pacha, the gentle llama herder.",G,2000,15 Dec 2000,78 min,"Animation, Adventure, Comedy, Family, Fantasy",Mark Dindal,"Chris Williams (story by), Mark Dindal (story by), David Reynolds (screenplay by), Stephen J. Anderson (additional story material by), Don Hall (additional story material by), John Norton (additional story material by), Roger Allers (based on an original story by), Matthew Jacobs (based on an original story by), Doug Frankel (additional story), Mark Kennedy (additional story), Mark Walton (additional story)","David Spade, John Goodman, Eartha Kitt, Patrick Warburton",English,USA,Nominated for 1 Oscar. Another 7 wins & 26 nominations.,7.3,https://image.tmdb.org/t/p/w500/X9jChoAotaGU81lEraUVi8RHOe.jpg,https://www.youtube.com/watch?v=ZrCWAQaMNdQ,https://image.tmdb.org/t/p/w1280/mZj8EUr6F1x2PWZjKPxaeYd5WRw.jpg,Así soy yo.
The Fox and the Hound,Two childhood friends find themselves forced to become enemies.,G,1981,10 Jul 1981,83 min,"Animation, Adventure, Drama, Family","Ted Berman, Richard Rich, Art Stevens, David Hand, Wolfgang Reitherman","Daniel P. Mannix (based on the book by), Larry Clemmons (story), Ted Berman (story), David Michener (story), Peter Young (story), Burny Mattinson (story), Steve Hulett (story), Earl Kress (story), Vance Gerry (story)","Mickey Rooney, Kurt Russell, Pearl Bailey, Jack Albertson",English,USA,1 win & 2 nominations.,7.3,https://image.tmdb.org/t/p/w500/33jyy4W2usMrY796udOjcbMwput.jpg,https://www.youtube.com/watch?v=emdBtZDqTlQ,https://image.tmdb.org/t/p/w1280/lNmIAX1IuPIEPMHhLBEm4wmhYX0.jpg,Una historia de dos amigos que no sabían que se suponía que eran enemigos.
The Great Mouse Detective,"Basil, the rodent Sherlock Holmes, investigates the kidnapping of a toy maker and uncovers its link to his archenemy, Professor Ratigan.",G,1986,02 Jul 1986,74 min,"Animation, Adventure, Family, Musical, Mystery","Ron Clements, Burny Mattinson, David Michener, John Musker","Peter Young (story adapted by), Vance Gerry (story adapted by), Steve Hulett (story adapted by), Ron Clements (story adapted by), John Musker (story adapted by), Bruce Morris (story adapted by), Matthew O'Callaghan (story adapted by), Burny Mattinson (story adapted by), David Michener (story adapted by), Mel Shaw (story adapted by), Eve Titus (based on ""Basil Of Baker Street""), Paul Galdone (based on ""Basil Of Baker Street"")","Vincent Price, Barrie Ingham, Val Bettin, Susanne Pollatschek","English, French, German, Italian",USA,1 win & 3 nominations.,7.2,https://image.tmdb.org/t/p/w500/osNTFX6TRPCXbujQJWyXc912DgE.jpg,,https://image.tmdb.org/t/p/w1280/rXP1DHEk2pnSCnwe3qT1Vp1lps3.jpg,¡El as resolve crímenes de Londres en su caso más intrigante!
The Hunchback of Notre Dame,"A deformed bell-ringer must assert his independence from a vicious government minister in order to help his friend, a gypsy dancer.",G,1996,21 Jun 1996,91 min,"Animation, Drama, Family, Musical, Romance","Gary Trousdale, Kirk Wise","Tab Murphy (animation story by), Victor Hugo (from the novel ""Notre Dame de Paris"" by), Tab Murphy (animation screenplay by), Irene Mecchi (animation screenplay by), Bob Tzudiker (animation screenplay by), Noni White (animation screenplay by), Jonathan Roberts (animation screenplay by), Kevin Harkey (story), Gaëtan Brizzi (story), Paul Brizzi (story), Ed Gombert (story), Brenda Chapman (story), Jeff Snow (story), Jim Capobianco (story), Denis Rich (story), Burny Mattinson (story), John Sanford (story), Kelly Wightman (story), James Fujii (story), Geefwee Boedoe (story), Floyd Norman (story), Francis Glebas (story), Kirk Hanson (story), Christine Blum (story), Sue C. Nichols (story), Will Finn (additional screenplay material by)","Jason Alexander, Mary Kay Bergman, Corey Burton, Jim Cummings","English, Latin","USA, France",Nominated for 1 Oscar. Another 8 wins & 21 nominations.,6.9,https://image.tmdb.org/t/p/w500/pvnmJckCNgzEbuE5sHXX3tDRQox.jpg,https://www.youtube.com/watch?v=brFSOx-tjsg,https://image.tmdb.org/t/p/w1280/geU7XW9G2n7EqhXsF1v8CvzAbGa.jpg,Be mine or you will burn.
The Jungle Book,Bagheera the Panther and Baloo the Bear have a difficult time trying to convince a boy to leave the jungle for human civilization.,G,1967,18 Oct 1967,78 min,"Animation, Adventure, Family, Musical","Wolfgang Reitherman, James Algar, Jack Kinney","Larry Clemmons (story), Ralph Wright (story), Ken Anderson (story), Vance Gerry (story), Rudyard Kipling (inspired by the Mowgli stories)","Phil Harris, Sebastian Cabot, Bruce Reitherman, George Sanders",English,USA,Nominated for 1 Oscar. Another 4 wins & 3 nominations.,7.6,https://image.tmdb.org/t/p/w500/1w8wk8htVPW5cdCYnRU4bt5y5Fw.jpg,https://www.youtube.com/watch?v=kLJhKCfxecw,https://image.tmdb.org/t/p/w1280/zj8XS0l1cWStpKnuD1LFMB3VoV1.jpg,¡La jungla está SALTANDO!
The Lion King,"After the murder of his father, a young lion prince flees his kingdom only to learn the true meaning of responsibility and bravery.",PG,2019,19 Jul 2019,118 min,"Animation, Adventure, Drama, Family, Musical",Jon Favreau,"Jeff Nathanson (screenplay by), Irene Mecchi (based on ""The Lion King"" screenplay by), Jonathan Roberts (based on ""The Lion King"" screenplay by), Linda Woolverton (based on ""The Lion King"" screenplay by)","Chiwetel Ejiofor, John Oliver, James Earl Jones, John Kani","English, Xhosa, Zulu, French, Spanish","USA, UK",Nominated for 1 Oscar. Another 14 wins & 32 nominations.,6.9,https://image.tmdb.org/t/p/w500/eGfq90BF8QGCMpncF2ag0lGTgKk.jpg,https://www.youtube.com/watch?v=mb79ctR-E-c,https://image.tmdb.org/t/p/w1280/1TUg5pO1VZ4B0Q1amk3OlXvlpXV.jpg,El Rey ha regresado.
The Lion King,"A Lion cub crown prince is tricked by a treacherous uncle into thinking he caused his father's death and flees into exile in despair, only to learn in adulthood his identity and his responsibilities.",G,1994,24 Jun 1994,88 min,"Animation, Adventure, Drama, Family, Musical","Roger Allers, Rob Minkoff","Irene Mecchi (screenplay by), Jonathan Roberts (screenplay by), Linda Woolverton (screenplay by), Burny Mattinson (story), Barry Johnson (story), Lorna Cook (story), Thom Enriquez (story), Andy Gaskill (story), Gary Trousdale (story), Jim Capobianco (story), Kevin Harkey (story), Jorgen Klubien (story), Chris Sanders (story), Tom Sito (story), Larry Leker (story), Joe Ranft (story), Rick Maki (story), Ed Gombert (story), Francis Glebas (story), Mark Kausler (story), J.T. Allen (additional story material), George Scribner (additional story material), Miguel Tejada-Flores (additional story material), Jenny Tripp (additional story material), Bob Tzudiker (additional story material), Christopher Vogler (additional story material), Kirk Wise (additional story material), Noni White (additional story material), Brenda Chapman (story supervisor)","Rowan Atkinson, Matthew Broderick, Niketa Calame-Harris, Jim Cummings","English, Swahili, Xhosa, Zulu",USA,Won 2 Oscars. Another 35 wins & 34 nominations.,8.5,https://image.tmdb.org/t/p/w500/b0MxU37dNmMwKtoPVYPKOZSIrIn.jpg,https://www.youtube.com/watch?v=bjJvvrKl83M,https://image.tmdb.org/t/p/w1280/q00H8EqULYSK74lgevMkhmGGLHn.jpg,El ciclo de la vida.
The Little Mermaid,A mermaid princess makes a Faustian bargain in an attempt to become human and win a prince's love.,G,1989,17 Nov 1989,83 min,"Animation, Family, Fantasy, Musical, Romance","Ron Clements, John Musker","John Musker, Ron Clements, Hans Christian Andersen (fairy tale), Howard Ashman (additional dialogue), Gerrit Graham (additional dialogue), Sam Graham (additional dialogue), Chris Hubbell (additional dialogue)","Rene Auberjonois, Christopher Daniel Barnes, Jodi Benson, Pat Carroll","English, French",USA,Won 2 Oscars. Another 10 wins & 8 nominations.,7.6,https://image.tmdb.org/t/p/w500/Vc0KvO7z2OzEbRs6nyZs9xD81s.jpg,,https://image.tmdb.org/t/p/w1280/2ze42e0l0bPYEcJXInUukvNfZKk.jpg,En algún lugar bajo del mar y más allá de tu imaginación existe una aventura de fantasía.
The Many Adventures of Winnie the Pooh,"In this collection of animated shorts based on the stories and characters by A.A. Milne, Winnie the Pooh, a honey-loving teddy bear, embarks on some eccentric adventures.",G,1977,11 Mar 1977,74 min,"Animation, Adventure, Comedy, Family, Musical","John Lounsbery, Wolfgang Reitherman, Ben Sharpsteen","A.A. Milne (books), Larry Clemmons (story), Ralph Wright (story), Vance Gerry (story), Xavier Atencio (story), Ken Anderson (story), Julius Svendsen (story), Ted Berman (story), Eric Cleworth (story), Winston Hibler (story supervisor ""Blustery Day"")","Sebastian Cabot, Junius Matthews, Barbara Luddy, Howard Morris",English,USA,1 nomination.,7.6,https://image.tmdb.org/t/p/w500/nxYMMFrFiqfj4YLbOHAidRZBI3f.jpg,,https://image.tmdb.org/t/p/w1280/19lyrve8NcorainRPLXELTDVnA2.jpg,
The Princess and the Frog,"A waitress, desperate to fulfill her dreams as a restaurant owner, is set on a journey to turn a frog prince back into a human being, but she has to face the same problem after she kisses him.",G,2009,11 Dec 2009,97 min,"Animation, Adventure, Comedy, Family, Fantasy, Musical, Romance","Ron Clements, John Musker","Ron Clements (story by), John Musker (story by), Greg Erb (story by), Jason Oremland (story by), Ron Clements (screenplay by), John Musker (screenplay by), Rob Edwards (screenplay by), E.D. Baker (story inspired in part by ""The Frog Princess"" by)","Anika Noni Rose, Bruno Campos, Keith David, Michael-Leon Wooley","English, French",USA,Nominated for 3 Oscars. Another 11 wins & 38 nominations.,7.1,https://image.tmdb.org/t/p/w500/lSNqVycC40mujo0tiRZvp6Ef5qQ.jpg,https://www.youtube.com/watch?v=QIB5xThGLcU,https://image.tmdb.org/t/p/w1280/y5tad0a4yRbxYgOHGllEIEeCCKt.jpg,A veces los sueños salen rana.
The Rescuers,Two mice of the Rescue Aid Society search for a little girl kidnapped by unscrupulous treasure hunters.,G,1977,22 Jun 1977,78 min,"Animation, Adventure, Comedy, Family, Fantasy","John Lounsbery, Wolfgang Reitherman, Art Stevens","Margery Sharp (suggested by ""The Rescuers"" and ""Miss Bianca"" by), Larry Clemmons (story), Ken Anderson (story), Frank Thomas (story), Vance Gerry (story), David Michener (story), Ted Berman (story), Fred Lucky (story), Burny Mattinson (story), Dick Sebast (story)","Bob Newhart, Eva Gabor, Geraldine Page, Joe Flynn",English,USA,Nominated for 1 Oscar. Another 2 wins.,6.9,https://image.tmdb.org/t/p/w500/4Vi5VEkVWdqJgbG3pGdREFOwZdJ.jpg,,https://image.tmdb.org/t/p/w1280/dSlofjxxcTSLmnH6602WsSSELU5.jpg,Dos diminutos agentes contra la mujer más malvada del mundo en una deslumbrante aventura animada.
The Rescuers Down Under,"The R.A.S. agents, Miss Bianca and Bernard, race to Australia to save a little boy and a rare golden eagle from a murderous poacher.",G,1990,16 Nov 1990,77 min,"Animation, Adventure, Crime, Drama, Family, Fantasy, Mystery","Hendel Butoy, Mike Gabriel","Jim Cox (animation screenplay by), Karey Kirkpatrick (animation screenplay by), Byron Simpson (animation screenplay by), Joe Ranft (animation screenplay by), Joe Ranft (story supervisor), Margery Sharp (suggested by characters created by)","Bob Newhart, Eva Gabor, John Candy, Tristan Rogers",English,USA,6 wins.,6.9,https://image.tmdb.org/t/p/w500/hyuP9jI0Q6bBDEvvsYD8ka27QD0.jpg,,https://image.tmdb.org/t/p/w1280/nOAmKHegzi3uXZ8tkYiiZWBdUl5.jpg,¡Espera el viaje más emocionante de tu vida!
The Sword in the Stone,"A poor boy named Arthur learns the power of love, kindness, knowledge and bravery with the help of a wizard called Merlin in the path to become one of the most beloved kings in English history.",G,1963,21 Jun 1964,79 min,"Animation, Adventure, Comedy, Family, Fantasy, Musical","Wolfgang Reitherman, Clyde Geronimi, David Hand","Bill Peet (story), T.H. White (based on the book by)","Sebastian Cabot, Karl Swenson, Rickie Sorensen, Junius Matthews",English,USA,Nominated for 1 Oscar. Another 1 win.,7.2,https://image.tmdb.org/t/p/w500/hMAVsdyj0O13AJF4HK15WxaFsBm.jpg,,https://image.tmdb.org/t/p/w1280/m1TOfgljbT3jOez3b4l1I1tm82W.jpg,
The Three Caballeros,"Donald receives his birthday gifts, which include traditional gifts and information about Brazil (hosted by Zé Carioca) and Mexico (by Panchito, a Mexican Charro Rooster).",Approved,1944,22 Feb 1945,71 min,"Animation, Comedy, Family, Fantasy, Musical","Norman Ferguson, Clyde Geronimi, Jack Kinney, Bill Roberts, Harold Young","Homer Brightman (story), Ernest Terrazas (story), Ted Sears (story), Bill Peet (story), Ralph Wright (story), Elmer Plummer (story), Roy Williams (story), William Cottrell (story), Del Connell (story), James Bodrero (story)","Aurora Miranda, Carmen Molina, Dora Luz, Sterling Holloway","English, Spanish, Portuguese",USA,Nominated for 2 Oscars. Another 1 nomination.,6.5,https://image.tmdb.org/t/p/w500/fyNuGVAoBpyAx9mGNOq7okE5HKW.jpg,,https://image.tmdb.org/t/p/w1280/kcWYiBWej3JdYbGEVaKYAQGfqYp.jpg,Un Film de Norman Ferguson
Treasure Planet,"A Disney animated version of ""Treasure Island"". The only difference is that this movie is set in outer space with alien worlds and other galactic wonders.",PG,2002,27 Nov 2002,95 min,"Animation, Adventure, Family, Sci-Fi","Ron Clements, John Musker","Robert Louis Stevenson (based on the novel ""Treasure Island"" by), Ron Clements (screenplay by), John Musker (screenplay by), Rob Edwards (screenplay by), Ron Clements (animation story by), John Musker (animation story by), Ted Elliott (animation story by), Terry Rossio (animation story by)","Roscoe Lee Browne, Corey Burton, Dane A. Davis, Joseph Gordon-Levitt",English,USA,Nominated for 1 Oscar. Another 1 win & 13 nominations.,7.2,https://image.tmdb.org/t/p/w500/cwwRIK1V1R6QQKromGi0OaJLD8l.jpg,https://www.youtube.com/watch?v=G4uMQMMdFeg,https://image.tmdb.org/t/p/w1280/30XLt1HzwOsdciWVaYVxlJq3cjH.jpg,Encuentra tu lugar en el Universo
Winnie the Pooh,"While searching for honey, Pooh and his friends embark on an adventure to find Eeyore's missing tail and rescue Christopher Robin from an unknown monster called The Backson.",G,2011,15 Jul 2011,63 min,"Animation, Adventure, Comedy, Family, Musical","Stephen J. Anderson, Don Hall","Stephen J. Anderson (story by), Clio Chiang (story by), Don Dougherty (story by), Don Hall (story by), Kendelle Hoyer (story by), Brian Kesinger (story by), Nicole Mitchell (story by), Jeremy Spears (story by), A.A. Milne (based upon the works of), Ernest Shepard (based upon the works of)","John Cleese, Jim Cummings, Bud Luckey, Craig Ferguson",English,USA,2 wins & 25 nominations.,7.2,https://image.tmdb.org/t/p/w500/4BmdbKqbKln9hmCazLAGCTE8tGf.jpg,,https://image.tmdb.org/t/p/w1280/e0SlSnLQzIhdcr86akVJinA1Jau.jpg,
Wreck-It Ralph,"A video game villain wants to be a hero and sets out to fulfill his dream, but his quest brings havoc to the whole arcade where he lives.",PG,2012,02 Nov 2012,101 min,"Animation, Adventure, Comedy, Family, Fantasy",Rich Moore,"Rich Moore (story by), Phil Johnston (story by), Jim Reardon (story by), Phil Johnston (screenplay by), Jennifer Lee (screenplay by)","John C. Reilly, Sarah Silverman, Jack McBrayer, Jane Lynch",English,USA,Nominated for 1 Oscar. Another 33 wins & 41 nominations.,7.7,https://image.tmdb.org/t/p/w500/lTpE4JQ2C09NicqvDhwi70IRz62.jpg,https://www.youtube.com/watch?v=_x0P00oaH3c,https://image.tmdb.org/t/p/w1280/3IFRjBDwtk0DlIsDfJ2zEzLjUBi.jpg,El juego esta a punto de cambiar.
Zootopia,"In a city of anthropomorphic animals, a rookie bunny cop and a cynical con artist fox must work together to uncover a conspiracy.",PG,2016,04 Mar 2016,108 min,"Animation, Adventure, Comedy, Crime, Family, Mystery","Byron Howard, Rich Moore, Jared Bush(co-director)","Byron Howard (story by), Rich Moore (story by), Jared Bush (story by), Jim Reardon (story by), Josie Trinidad (story by), Phil Johnston (story by), Jennifer Lee (story by), Jared Bush (screenplay by), Phil Johnston (screenplay by)","Ginnifer Goodwin, Jason Bateman, Idris Elba, Jenny Slate",English,USA,Won 1 Oscar. Another 46 wins & 71 nominations.,8,https://image.tmdb.org/t/p/w500/i3WnZpJkQYXXbSGplEGmyoyeskM.jpg,https://www.youtube.com/watch?v=rWq7HL67CsY,https://image.tmdb.org/t/p/w1280/9tOkjBEiiGcaClgJFtwocStZvIT.jpg,Bienvenido a la jungla urbana.
